:020000040800F2
:1000000000000220510E0108D5420008DD42000820
:10001000E5420008ED420008F5420008000000003B
:10002000000000000000000000000000FD42000889
:100030000B43000800000000194300082743000894
:10004000A10E0108A10E0108A10E0108A10E0108D0
:10005000A10E0108A10E0108A10E0108A10E0108C0
:10006000A10E0108A10E0108A10E010835430008E8
:10007000A10E0108A10E0108A10E0108A10E0108A0
:10008000A10E0108A10E010849430008A10E0108B4
:10009000A10E0108A10E0108A10E0108A10E010880
:1000A000A10E0108A10E0108A10E0108A10E010870
:1000B000A10E0108A10E0108A10E0108A10E010860
:1000C000A10E0108A10E0108A10E0108A10E010850
:1000D000A10E0108A10E0108A10E01085D43000850
:1000E000A10E0108A10E010800000000A10E0108E8
:1000F000A10E0108A10E0108A10E0108A10E010820
:10010000A10E0108A10E0108A10E0108A10E01080F
:10011000A10E0108A10E0108A10E010871430008FB
:10012000A10E0108A10E0108A10E0108A10E0108EF
:10013000A10E0108A10E0108A10E0108A10E0108DF
:1001400000000000000000000000000000000000AF
:10015000A10E0108A10E0108A10E0108A10E0108BF
:10016000A10E0108A10E0108A10E0108A10E0108AF
:10017000A10E0108A10E0108A10E01080000000057
:10018000A10E0108A10E0108A10E0108A10E01088F
:10019000A10E0108A10E0108A10E0108A10E01087F
:1001A000A10E0108A10E0108A10E0108A10E01086F
:1001B000A10E0108A10E0108A10E0108A10E01085F
:1001C000A10E0108A10E0108A10E0108A10E01084F
:1001D000A10E0108A10E0108A10E0108A10E01083F
:1001E000A10E0108A10E0108A10E0108A10E01082F
:1001F000A10E0108A10E0108A10E0108A10E01081F
:10020000A10E0108A10E0108A10E0108A10E01080E
:10021000A10E0108A10E0108A10E0108A10E0108FE
:10022000A10E0108A10E0108A10E010800000000A6
:10023000A10E0108A10E010800000000A10E010896
:10024000A10E0108A10E0108A10E0108A10E0108CE
:10025000A10E0108A10E0108A10E0108A10E0108BE
:10026000A10E0108A10E0108A10E0108A10E0108AE
:10027000A10E0108A10E0108A10E01080000000056
:10028000A10E0108A10E0108A10E01080000000046
:0802900000000000A10E0108AE
:1002980010B5054C237833B9044B13B10448AFF3B8
:1002A80000800123237010BD2007002000000000FB
:1002B800A014010808B5034B1BB103490348AFF369
:1002C800008008BD0000000024070020A0140108D9
:1002D80053B94AB9002908BF00281CBF4FF0FF31A5
:1002E8004FF0FF3000F06AB9ADF1080C6DE904CEAB
:1002F80000F006F8DDF804E0DDE9022304B07047F9
:100308002DE9F047089D0C46002B4ED194468C45AC
:100318008646B2FA82F262D94AB1C2F1200391400C
:1003280020FA03F30CFA02FC194300FA02FE4FEA22
:100338001C471FFA8CF6B1FBF7F44FEA1E4307FB84
:10034800141143EA014304FB06F199420AD91CEB54
:10035800030304F1FF3080F01281994240F20F81CB
:10036800023C6344591A1FFA8EF3B1FBF7F007FBFE
:10037800101143EA014300FB06F69E420AD91CEB22
:10038800030300F1FF3180F0FC809E4240F2F980C7
:10039800634402389B1B40EA044000211DB1D3404E
:1003A8000022C5E90032BDE8F0878B4205D90DB1BE
:1003B800C5E9000100210846F5E7B3FA83F10029F1
:1003C80046D1A34202D39042C0F0F080861A64EB73
:1003D80003030120002DE6D0C5E90063E3E7002A06
:1003E80040F09080A1EB0C044FEA1C481FFA8CF7F0
:1003F8000121B4FBF8F64FEA1E4308FB164443EA12
:10040800044307FB06F0984208D91CEB030306F1E6
:10041800FF3402D2984200F2CD8026461C1A1FFAF9
:100428008EF3B4FBF8F008FB104443EA044300FBE6
:1004380007F79F4208D91CEB030300F1FF3402D2EF
:100448009F4200F2B0802046DB1B40EA0640A5E749
:10045800C1F120068B4022FA06F71F4320FA06FC5A
:1004680004FA01F343EA0C03F44000FA01F8380CEB
:100478004FEA1349B4FBF0FE1FFA87FC00FB1E4449
:1004880049EA04440EFB0CF9A14502FA01F20AD923
:100498003C190EF1FF3A80F08480A14540F281803A
:1004A800AEF1020E3C44A4EB09041FFA83F9B4FB35
:1004B800F0F300FB134449EA044403FB0CFCA44595
:1004C80007D93C1903F1FF3067D2A44565D9023B2F
:1004D8003C4443EA0E40A0FB0293A4EB0C049C426C
:1004E800CE469C4651D34ED055B1B8EB0E0364EBC3
:1004F8000C0404FA06F6CB401E43CC40C5E9006460
:10050800002150E7C2F1200320FA03F10CFA02FCA3
:1005180024FA03F394400C434FEA1C4800FA02FE05
:100528001FFA8CF7B3FBF8F008FB1031230C43EAF1
:10053800014300FB07F1994208D91CEB030300F1C2
:10054800FF362CD299422AD9023863445B1AA4B2E6
:10055800B3FBF8F108FB113344EA034401FB07F34A
:10056800A34208D91CEB040401F1FF3613D2A342BD
:1005780011D902396444E41A41EA004139E70446D2
:10058800F0E6084606E7C845AED2B9EB020E63EBC3
:10059800070C0138A8E73146EDE7034699E73046EE
:1005A800D4E7D6467FE7634402384DE7064623463C
:1005B80008460FE7023E634430E700BF704700BFBC
:1005C80002440346934200D1704703F8011BF9E740
:1005D80070B50D4D0D4C641BA4100026A64209D120
:1005E8000B4D0C4C10F058FF641BA4100026A642BB
:1005F80005D170BD55F8043B98470136EEE755F82C
:10060800043B98470136F2E7B82D0108B82D0108D8
:10061800B82D0108BC2D010880B500AF082102489B
:100628000CF062FF00BF80BD640B002080B500AFF6
:10063800082102480DF066F800BF80BD640B002059
:1006480080B584B000AF87ED010A03467B80D7ED03
:10065800017A9FED1F7AF4EEC77AF1EE10FA02DD07
:100668001C4B7B600AE0D7ED017AB3EE0E7AF4EE0C
:10067800C77AF1EE10FA01D5174B7B60174B1B8830
:1006880007EE903AF8EEE76A97ED017AC6EE877AB8
:10069800FCEEE77A17EE903A013BFB60104B1B68C3
:1006A800FA68DA620E4AFB68D3600D4B1B68FA6879
:1006B8005208DA6308210A480CF016FF7B881846AE
:1006C8000CF0A0FBFFF7B2FF00BF1037BD4680BD9E
:1006D80000401C4600401C460000F041500000202D
:1006E800640B002080B500AF64209FED030AFFF77C
:1006F800A7FF00BF80BD00BF00803B4580B500AFAD
:100708003C2104480DF03AF93C2103480DF036F934
:1007180000BF80BD180B0020B00B002080B400AFD4
:10072800034B1B685B6A1846BD465DF8047B70473F
:10073800180B002080B400AF034B1B685B6A184697
:10074800BD465DF8047B7047B00B002080B582B0D1
:1007580000AF0346FB71FB790A4A32F813300122D5
:100768001946094809F098FAFB79064A32F8133015
:1007780001221946054809F08FFA00BF0837BD461F
:1007880080BD00BF5400002000080258000C025829
:1007980080B582B000AF0346FB71FB790A4A32F894
:1007A800133000221946094809F076FAFB79064AFF
:1007B80032F8133000221946054809F06DFA00BFD7
:1007C8000837BD4680BD00BF54000020000802580D
:1007D800000C025880B582B000AF0346FB71134B82
:1007E8001B89FA791946124809F056FA0F4BDB882B
:1007F800FA7919460E4809F04FFA0C4B9B88FA799A
:1008080019460B4809F048FA084B5B88FA791946EB
:10081800074809F041FA054B1B88FA79194605483B
:1008280009F03AFA00BF0837BD4680BD54000020E1
:1008380000080258000C025880B500AF23480EF09B
:10084800C3FB4FF47A730322214920480EF01AFAA9
:1008580020494FF000024FF00003C1E900231E4970
:100868004FF000024FF00003C1E900231B494FF08D
:1008780000024FF00003C1E9002305200CF0C2FA82
:100888004FF47A730322124910480EF0FBF911490C
:100898004FF000024FF00003C1E900230E494FF06A
:1008A80000024FF00003C1E900230C494FF0000299
:1008B8004FF00003C1E9002305200CF0A3FA212220
:1008C800074902480EF034FB00BF80BD480C0020E9
:1008D80060000020A8080020A00800209808002038
:1008E8007408002080B500AFFFF7A6FF2122034956
:1008F80003480EF01DFB00BF80BD00BF7408002038
:10090800480C002080B500AF06E04FF47A7301224E
:1009180009490A480EF044FA074B1B78DBB2552BFD
:10092800F3D1054B64221A702122054903480EF0C1
:10093800FFFA00BF80BD00BF63000020480C002004
:10094800740800200000000080B582B000AF786015
:100958007B681B683C4A93425CD13C4B1B78DBB2FA
:10096800532B02D0FFF7CEFF54E0394BD3E90023D5
:100978003849C1E90023354B9B79DBB21B02334A66
:100988005279D2B2134307EE903AB8EEE76B9FED77
:10099800245B86EE057B9FED246B27EE067B2C4BB4
:1009A80083ED007B2A4B93ED006B2A4B93ED007B84
:1009B80036EE477B9FED1E6BB4EEC67BF1EE10FA68
:1009C8000ADD254B93ED007B9FED1B6B37EE067B15
:1009D800214B83ED007B18E01D4B93ED006B1D4B05
:1009E80093ED007B36EE477B9FED156BB4EEC67B2F
:1009F800F1EE10FA09D5184B93ED007B9FED0E6BC5
:100A080037EE467B144B83ED007B21220F491348B8
:100A18000EF08EFA0837BD4680BD00BFAFF30080E8
:100A2800000000000000E040000000000080664078
:100A38000000000000406F40000000000080764089
:100A48000000000000406FC000480040740800200B
:100A580098080020A0080020A8080020480C0020C2
:100A680080B400AF064B93ED006B064B93ED007B13
:100A780036EE477BB0EE470BBD465DF8047B70470A
:100A880098080020A808002080B582B000AF7860E0
:100A98007B681A68044B1B689A4201D100F0C6F9BA
:100AA80000BF0837BD4680BDFC0B002080B500AFF5
:100AB80002480CF011FC00BF80BD00BFFC0B0020F9
:100AC80080B500AF06480CF07FFC0020FFF782FEDF
:100AD8000420FFF75DFE0020FFF75AFE00BF80BD2F
:100AE800FC0B002080B400AF00BFBD465DF8047B5E
:100AF8007047000080B500AF07480CF07DFB00216F
:100B080005480CF0F1FC042103480CF0EDFCFFF75C
:100B1800E9FF00BF80BD00BFCC0A002080B582B0CD
:100B280000AF78607B68642B02DD64237B6006E09D
:100B38007B6813F1640F02DA6FF063037B607B68F4
:100B4800002B18DD274B1B6800228021184609F06E
:100B5800A3F8244B1B6801224021184609F09CF891
:100B68007B689BB21A46920013445B009AB21E4BF4
:100B78001B689A6331E07B68002B19DA194B1B68F4
:100B880001228021184609F087F8164B1B680022BD
:100B98004021184609F080F87B685B429BB21A46F0
:100BA800920013445B009AB20F4B1B689A6314E0DF
:100BB8007B68002B11D10B4B1B6800228021184643
:100BC80009F06AF8074B1B6800224021184609F013
:100BD80063F8054B1B6800229A6300BF0837BD46BF
:100BE80080BD00BF68000020CC0A002080B582B01C
:100BF80000AF78607B68642B02DD64237B6006E0CD
:100C08007B6813F1640F02DA6FF063037B607B6823
:100C1800002B18DD274B1B6801222021184609F0FC
:100C28003BF8244B1B6800224021184609F034F891
:100C38007B689BB21A46920013445B009AB21E4B23
:100C48001B685A6331E07B68002B19DA194B1B6863
:100C580000222021184609F01FF8164B1B680122B4
:100C68004021184609F018F87B685B429BB21A4687
:100C7800920013445B009AB20F4B1B685A6314E04E
:100C88007B68002B11D10B4B1B68002220211846D2
:100C980009F002F8074B1B6800224021184608F0AB
:100CA800FBFF054B1B6800225A6300BF0837BD468F
:100CB80080BD00BF64000020CC0A002080B582B04F
:100CC80000AF786039607868FFF728FF3868FFF769
:100CD8008DFF00BF0837BD4680BD80B500AF6FF0FF
:100CE80018016FF01800FFF7E9FF32200CF08AF8BE
:100CF80000210020FFF7E2FF00BF80BD80B582B071
:100D080000AF87ED000BFFF7ABFEB0EE407B124B58
:100D180083ED007B1049D7E90023C1E904230E487D
:100D280000F07CFA0C4B93ED027BFDEEC77B17EECF
:100D3800903AC3F12803084A92ED027BFDEEC77B87
:100D480017EE902A283211461846FFF7B7FF00BF62
:100D58000837BD4680BD00BF7801002080B582B04D
:100D680000AF042000F004FDB0EE407B134B83ED90
:100D7800007B12494FF00002114BC1E904230F48D0
:100D880000F04CFA0D4B93ED027BFDEEC77B17EE9E
:100D9800903A28337B60094B93ED027BFDEEC77BCD
:100DA80017EE903AC3F128033B6039687868FFF77B
:100DB80085FF00BF0837BD4680BD00BFF801002091
:100DC80000804B4080B582B000AF032000F0D0FC1B
:100DD800B0EE407B134B83ED007B12494FF00002CD
:100DE800114BC1E904230F4800F018FA0D4B93ED9D
:100DF800027BFDEEC77B17EE903AC3F128037B60B8
:100E0800084B93ED027BFDEEC77B17EE903A283333
:100E18003B6039687868FFF751FF00BF0837BD4667
:100E280080BD00BF7802002000804B4080B500AF35
:100E380000F0D2FC0346002B05D0FFF78FFF0420FB
:100E4800FFF784FC15E000F0E3FC0346002B05D017
:100E5800FFF7B8FF0020FFF779FC0AE00120FFF751
:100E6800B9FCFFF7FDFDB0EE407BB0EE470BFFF796
:100E780045FF00BF80BD000080B586B000AF0023ED
:100E8800FB7500F0C5FC0346002B07D00123FB755A
:100E98005B4959A3D3E90023C1E9002340F2DC539D
:100EA8007B8158494FF00002574BC1E904230BF0EE
:100EB8009DFF78600BF09AFF38613B69FB605AE050
:100EC800FFF7CEFDB0EE407B4E4B83ED007B4D48E7
:100ED80000F0A4F94B4B93ED027BFDEEC77B17EEB8
:100EE800903A5B421846FFF719FE464B93ED027B9A
:100EF800FDEEC77B17EE900AFFF778FE414B93EDA6
:100F0800006B404B93ED047B36EE477BB5EEC07B20
:100F1800F1EE10FA12DD3B4B93ED006B394B93ED7C
:100F2800047B36EE477BB0EE086BB4EEC67BF1EE81
:100F380010FA4CBF01230023DBB211E0314B93EDD3
:100F4800006B304B93ED047B36EE477BB8EE086BB5
:100F5800B4EEC67BF1EE10FACCBF01230023DBB25E
:100F6800002B03D00BF042FF386104E00BF03EFF8A
:100F780038613B69FB603A69FB68D31AB3F5AF7F08
:100F880007D20BF033FF02467B68D21A7B899A425C
:100F980096D3FB7D002B21D000210020FFF78EFE89
:100FA8000A200BF02FFF6FF027016FF02700FFF7E3
:100FB80085FE0BF01BFF386000BF0BF017FF0246E1
:100FC8003B68D31AB3F57A7FF7D3FFF735FC0021D6
:100FD8000020FFF773FE0023FB7509E000210020C5
:100FE800FFF76CFE06494FF00002084BC1E90023E9
:100FF80000BF1837BD4680BD0000000000C0774024
:1010080070000020780000200080564000407540A5
:1010180080B586B000AF0023FB7500F0DDFB03460A
:10102800002B07D00123FB755B4959A3D3E90023A3
:10103800C1E9002340F2DC537B8158494FF000029C
:10104800574BC1E904230BF0D1FE78600BF0CEFEBC
:1010580038613B69FB605AE0FFF702FDB0EE407B68
:101068004E4B83ED007B4D4800F0D8F84B4B93ED89
:10107800027BFDEEC77B17EE903A5B421846FFF7FE
:101088004DFD464B93ED027BFDEEC77B17EE900AB4
:10109800FFF7ACFD414B93ED006B404B93ED047BA8
:1010A80036EE477BB5EEC07BF1EE10FA12DD3B4B16
:1010B80093ED006B394B93ED047B36EE477BB0EE36
:1010C800086BB4EEC67BF1EE10FA4CBF0123002387
:1010D800DBB211E0314B93ED006B304B93ED047BA9
:1010E80036EE477BB8EE086BB4EEC67BF1EE10FA2D
:1010F800CCBF01230023DBB2002B03D00BF076FE1C
:10110800386104E00BF072FE38613B69FB603A69B4
:10111800FB68D31AB3F5AF7F07D20BF067FE024620
:101128007B68D21A7B899A4296D3FB7D002B21D00B
:1011380000210020FFF7C2FD0A200BF063FE6FF0CC
:1011480027016FF02700FFF7B9FD0BF04FFE38605D
:1011580000BF0BF04BFE02463B68D31AB3F57A7F0B
:10116800F7D3FFF769FB00210020FFF7A7FD002355
:10117800FB7509E008494FF000020A4BC1E900235A
:1011880000210020FFF79AFD00BF1837BD4680BD3B
:101198000000000000C0774070000020F800002028
:1011A800008056C00040754080B582B000AFFFF7A0
:1011B800B5FA7860FFF77AFC09E0FFF7AFFA034663
:1011C800134AD360FFF7B6FA0346114A1361FFF7D3
:1011D800A5FA02467B68D31A07EE903AB8EEE76B99
:1011E8000C4B93ED007BB4EEC76BF1EE10FAE4D430
:1011F800FFF766FCFFF771FDFFF774FA05494FF03A
:101208000002054BC1E9002300BF0837BD4680BD79
:10121800680D0020700000200040754080B58CB03B
:1012280000AF78600BF0E2FDF8627B68DB6DFA6A6C
:10123800D31ABB627B689B6DBA6A9A42C0F0ED8094
:101248007B6893ED046B7B6893ED007B36EE477B00
:1012580087ED087B7B6893ED067B97ED086B26EEA0
:10126800077B87ED067B7B6893ED186BBB6A07EEFF
:10127800903AB8EE675B97ED087B25EE077B36EE74
:10128800077B7B6883ED187B7B6893ED186B7B6825
:1012980093ED087BB6EE005B27EE055BBB6A07EEB5
:1012A800903AB8EE677B25EE075B7B6893ED1A4BA7
:1012B80097ED087B34EE077B25EE077B36EE077B40
:1012C8007B6883ED187B7B6893ED186B7B6893EDE7
:1012D800147BB4EEC76BF1EE10FA06DD7B68D3E938
:1012E80014237968C1E9182310E07B6893ED186B23
:1012F8007B6893ED127BB4EEC76BF1EE10FA05D55F
:101308007B68D3E912237968C1E918237B6893EDD8
:10131800086B7B6893ED187B26EE077B87ED047BD3
:101328007B6893ED0A7B37EE076B7B6893ED005B78
:101338007B6893ED1E7B35EE477B26EE076B7B685B
:1013480093ED0C7B37EE075BBB6A07EE903AB8EE7D
:10135800677B35EE475B7B6893ED1C7B25EE077B4F
:1013680036EE077BB1EE475B7B6893ED0C7B37EE7F
:10137800076BBB6A07EE903AB8EE677B36EE076BF1
:1013880085EE067B7B6883ED1C7B7B6893ED0A6B9F
:101398007B6893ED1C7B26EE077B87ED027B97ED40
:1013A800066B97ED047B36EE076B97ED027B36EE06
:1013B800077B7B6883ED027B7B6893ED026B7B6820
:1013C80093ED107BB4EEC76BF1EE10FA06DD7B6887
:1013D800D3E910237968C1E9022310E07B6893ED13
:1013E800026B7B6893ED0E7BB4EEC76BF1EE10FADF
:1013F80005D57B68D3E90E237968C1E902237B68A8
:10140800D3E900237968C1E91E237968D7E908235D
:10141800C1E91A237B68FA6ADA657B68D3E9022393
:1014280043EC172BB0EE470B3037BD4680BD0000AC
:1014380080B582B000AF0346FB71074B1A68FB7991
:10144800064931F813301946104608F00DFC0346DA
:1014580018460837BD4680BDF8020020FC0200206F
:1014680080B582B000AF0346FB710A4B1A68FB795E
:10147800094931F813301946104608F0F5FB0346C0
:10148800002B0CBF01230023DBB218460837BD46EA
:1014980080BD00BF080300200C03002080B500AF0A
:1014A800282200210B48FFF78BF8282200210A4840
:1014B800FFF786F8282200210848FFF781F828223C
:1014C80000210748FFF77CF8064803F077FB00BFC8
:1014D80080BD00BFB0080020D80800200009002007
:1014E800280900205409002080B52DED028B82B018
:1014F80000AF78607B681B68974A934240F0F88099
:10150800786803F099FC07EE900A944B93F9003041
:10151800B8EE677B924ADB00134483ED007B8F4B68
:1015280093F90030002B76DD8C4B93F900308C4A10
:10153800DB00134493ED007B9FED716B27EE066B88
:101548009FED715B86EE057B9FED716B27EE067B49
:101558009FED716B37EE068B804B93F90030804A14
:10156800DB00134493ED007B9FED656B27EE067B54
:101578009FED655B87EE056BB0EE001BB0EE460B8A
:101588000FF0C6FCB0EE407B9FED656B27EE067B47
:1015980038EE078B714B93F90030714ADB00134426
:1015A80093ED007B9FED566B27EE067B9FED565B18
:1015B80087EE056BB0EE081BB0EE460B0FF0A8FCEB
:1015C800B0EE407B9FED586B27EE067B38EE078B1D
:1015D800624B93F90030624ADB00134493ED007BC1
:1015E8009FED476B27EE067B9FED475B87EE056B0C
:1015F800B1EE001BB0EE460B0FF08AFCB0EE407B5C
:101608009FED4B6B27EE067B38EE077BB2EE046B43
:1016180027EE067B1FE0514B93F90030504ADB0060
:10162800134493ED007B9FED366B27EE067B9FED11
:10163800365B87EE056B9FED401BB0EE460B0FF057
:1016480067FCB0EE407B9FED3E6B27EE067BB2EE6B
:10165800046B27EE067B414B93F90030414ADB00CF
:10166800134483ED007B3D4B93F900303D4ADB008A
:10167800134493ED007B9FED346B27EE066B374BDD
:1016880093F90030384ADB00134493ED007B9FED5B
:10169800305B27EE057B314B93F9003036EE077B44
:1016A800324ADB00134483ED007B2C4B93F9003066
:1016B80018462A4B93F9003019462C4AC3001344A4
:1016C800D3E900232848C9000144C1E90023234B7A
:1016D80093F90030DBB20133DBB25AB21F4B1A70F8
:1016E8001E4B93F90030052B02D11C4B00221A70B7
:1016F80000BF0837BD46BDEC028B80BDAFF300804C
:101708006666666666660A40000000000000F040F3
:1017180000000000006051C03333333333F34040DE
:101728006666666666264F4066666666666639C0A1
:10173800A4703D0AD7A30E4021B0726891EDF0BFA6
:10174800295C8FC2F52828409A9999999999993FC7
:10175800333333333333EF3F002002405009002046
:10176800B0080020D808002028090020000900201F
:1017780080B483B000AF0346FB71FB79064ADB00F7
:101788001344D3E9002343EC172BB0EE470B0C3777
:10179800BD465DF8047B7047D808002000000000B3
:1017A80080B400AF0A4B93ED007B9FED076BB4EE5E
:1017B800C67BF1EE10FA4CBF01230023DBB21846BA
:1017C800BD465DF8047B70470000000000206240C1
:1017D800000900200000000080B400AF0A4B93ED20
:1017E800087B9FED076BB4EEC67BF1EE10FA4CBF99
:1017F80001230023DBB21846BD465DF8047B704721
:101808000000000000805640000900200000000091
:1018180080B400AF0A4B93ED067B9FED076BB4EEE7
:10182800C67BF1EE10FA4CBF01230023DBB2184649
:10183800BD465DF8047B70470000000000805640FC
:101848000009002080B500AFFFF7AAFF0346002B70
:1018580003D00220FEF77AFF02E00220FEF798FF8D
:10186800FFF7BAFF0346002B03D00420FEF76EFFF4
:1018780002E00420FEF78CFFFFF7CAFF0346002BA7
:1018880003D00020FEF762FF02E00020FEF780FF91
:1018980000BF80BD80B500AF01F0D2F800F012FFA4
:1018A80000F0ACFF01F086FC00220021002000F0CF
:1018B8008BFF00F031FF00BF80BD000080B582B013
:1018C80000AF00F039FE0BF00BFA00F07FF800F0E3
:1018D80069FD00F047FD00F02DFA00F025F900F051
:1018E800E1FA00F099FB00F065FC00F0EFFC00F075
:1018F800E1F900F0E5FB00F0B3FCFEF79DFFFEF711
:10190800F1FFFEF7FBFEFFF7C9FDFFF7F3F8FEF75F
:1019180083FEFEF7E7FE0023FB711DE00023BB7189
:1019280010E0BB791846FEF711FF64200BF06AFA45
:10193800BB791846FEF72CFF97F90630DBB2013366
:10194800DBB2BB7197F90630042BEADD97F9073053
:10195800DBB20133DBB2FB7197F90730012BDDDD18
:101968000020FFF765FD0346002B02D0FFF71CFCA3
:1019780007E00120FFF75CFD0346002B01D0FFF7CD
:1019880061FF0120FFF76CFD0346002B03D0FEF733
:10199800A9FEFFF77FFFFFF763F8B0EE407B084B27
:1019A80083ED007BFEF7BAFE0346064A1360FEF796
:1019B800C1FE0346044A136032200BF023FACFE736
:1019C800580D0020640D0020600D002080B59EB0E9
:1019D80000AF07F12C034C2200211846FEF7F0FD5A
:1019E80007F10C03202200211846FEF7E9FD02202A
:1019F8000AF0B4FF0023BB60484BDB6A474A23F078
:101A08000103D362454BDB6A03F00103BB60444B1F
:101A18009B69434A43F440439361414B9B6903F4F8
:101A28004043BB60BB6800BF3D4B9B6903F4005358
:101A3800B3F5005FF8D13B4BD3F8F430394A43F0A3
:101A48000203C2F8F430374BD3F8F43003F0020342
:101A58007B607B6800233B60314B9B69304A43F4D1
:101A6800404393612E4B9B6903F440433B602B4BEF
:101A7800DB6A2A4A43F00103D362284BDB6A03F08E
:101A880001033B603B6800BF254B9B6903F400538F
:101A9800B3F5005FF8D10123FB624FF480333B6359
:101AA80002233B6502237B650523BB65C023FB65D9
:101AB80002233B6602237B660223BB660823FB6680
:101AC80000233B6700237B6707F12C03184604F0CB
:101AD80037FA0346002B01D000F05AFD3F23FB6084
:101AE80003233B6100237B610823BB614023FB6127
:101AF80040233B624FF480637B624023BB6207F163
:101B08000C030421184604F075FE0346002B01D08F
:101B180000F03EFD00BF7837BD4680BD0004005888
:101B2800004802580044025880B58AB000AF07F157
:101B38001C0300221A605A609A603B4600221A6011
:101B48005A609A60DA601A615A619A61524B534A34
:101B58001A60514B0122DA604F4B04221A614E4B36
:101B680000221A754C4B01225A754B4B05229A617B
:101B7800494B00221A77484B00225A62464B0022F2
:101B88009A62454B0022DA62434B4FF480521A6343
:101B9800414B00225A63404B002283F838203E4BC9
:101BA8000122DA633C4802F067FE0346002B01D0AD
:101BB80000F0EEFC384B4FF430125A60364B0022DE
:101BC8009A60354802F058FE0346002B01D000F019
:101BD800DFFC0023FB6107F11C0319462E4804F0C3
:101BE800D1F80346002B01D000F0D2FC2C4B3B600F
:101BF80006237B600523BB6040F2FF73FB60042370
:101C08003B6100237B6100237B763B4619462248D3
:101C180003F06EFB0346002B01D000F0B9FC214B0A
:101C28003B600C237B603B4619461B4803F060FB76
:101C38000346002B01D000F0ABFC1B4B3B6012238A
:101C48007B603B461946144803F052FB0346002BC1
:101C580001D000F09DFC154B3B6018237B603B4690
:101C680019460D4803F044FB0346002B01D000F051
:101C78008FFC0F4B3B604FF480737B603B461946EB
:101C8800054803F035FB0346002B01D000F080FC2B
:101C980000BF2837BD4680BD5409002000200240FF
:101CA8000800900C8000501D1000C0100001802119
:101CB8002000F01480B500AF1B4B1C4A1A601A4B69
:101CC8001B4A5A60184B00229A60174B0122DA60AF
:101CD800154B00221A61144B00225A61124B002244
:101CE8009A61114B0022DA610F4B00221A620E48EA
:101CF8000BF0B8F80346002B01D000F049FC002196
:101D080009480BF04BF90346002B01D000F040FCCA
:101D1800002105480BF08DF90346002B01D000F097
:101D280037FC00BF80BD00BFB80900200058004044
:101D3800B175703080B500AF424B434A1A604148D4
:101D48000BF0C3F90346002B01D000F021FC3F4BF8
:101D58003F4A1A603D480BF0B8F90346002B01D002
:101D680000F016FC3B4B3C4A1A603A480BF0ADF9C0
:101D78000346002B01D000F00BFC384B384A1A60A0
:101D880036480BF0A2F90346002B01D000F000FC06
:101D9800344B354A1A6033480BF097F90346002B49
:101DA80001D000F0F5FB314B314A1A602F480BF097
:101DB8008CF90346002B01D000F0EAFB2D4B2E4A8C
:101DC8001A602C480BF081F90346002B01D000F073
:101DD800DFFB2A4B2A4A1A6028480BF076F903469B
:101DE800002B01D000F0D4FB264B274A1A60254867
:101DF8000BF06BF90346002B01D000F0C9FB234B15
:101E0800234A1A6021480BF060F90346002B01D0E1
:101E180000F0BEFB1F4B204A1A601E480BF055F914
:101E28000346002B01D000F0B3FB1C4B1C4A1A6080
:101E38001A480BF04AF90346002B01D000F0A8FB22
:101E480000BF80BD0C0A0020209000521C0A002010
:101E5800409000522C0A0020609000523C0A00205A
:101E6800809000524C0A0020A09000525C0A00208A
:101E7800203002486C0A0020403002487C0A0020CA
:101E8800603002488C0A0020803002489C0A0020FA
:101E9800A0300248AC0A002020700258BC0A00207A
:101EA8004070025880B59AB000AF07F1580300227D
:101EB8001A605A609A60DA6007F14C0300221A60CF
:101EC8005A609A6007F1300300221A605A609A60DB
:101ED800DA601A615A619A613B1D2C22002118466A
:101EE800FEF76EFB4A4B4B4A1A60494B18225A6060
:101EF800474B00229A60464B40F2E732DA60444B87
:101F08004FF480721A61424B00225A61404B802282
:101F18009A613F480BF019F90346002B01D000F0F5
:101F280037FB4FF48053BB6507F15803194638480F
:101F38000BF0CEFF0346002B01D000F029FB3448FC
:101F48000BF071FA0346002B01D000F021FB0023AF
:101F5800FB6400233B6500237B6507F14C031946AE
:101F68002B480CF015FD0346002B01D000F010FBA8
:101F780060233B6300237B630023BB630023FB6375
:101F880000233B6400237B640023BB6407F1300318
:101F9800002219461E480BF087FE0346002B01D08D
:101FA80000F0F6FA07F130030422194618480BF03E
:101FB8007BFE0346002B01D000F0EAFA00237B6089
:101FC8000023BB600023FB6000233B6100237B618F
:101FD8004FF40053BB610023FB6100233B624FF0C9
:101FE80000737B620023BB620023FB623B1D194622
:101FF80007480CF05BFD0346002B01D000F0C8FA3F
:10200800034802F059F800BF6837BD4680BD00BFDD
:10201800CC0A00200000014080B58CB000AF07F169
:102028000C03242200211846FEF7CAFA3B46002278
:102038001A605A609A60214B4FF080421A601F4B19
:1020480000225A601D4B00229A601C4B4FF0FF3251
:10205800DA601A4B00221A61184B00229A61012398
:10206800FB6000233B6101237B610023BB610023EC
:10207800FB6100233B6201237B620023BB620023D8
:10208800FB6207F10C0319460C480BF0D1FB034621
:10209800002B01D000F07CFA00233B600023BB60DA
:1020A8003B46194605480CF073FC0346002B01D04B
:1020B80000F06EFA00BF3037BD4680BD180B002017
:1020C80080B58EB000AF07F1280300221A605A606D
:1020D8009A60DA6007F11C0300221A605A609A605D
:1020E8003B4600221A605A609A60DA601A615A61A7
:1020F8009A612E4B2E4A1A602C4B4FF4FA625A60A2
:102108002A4B00229A60294B4FF6FF72DA60274B60
:102118004FF480721A61254B80229A6123480BF094
:1021280014F80346002B01D000F032FA4FF4805324
:10213800BB6207F1280319461C480BF0C9FE034689
:10214800002B01D000F024FA18480BF06CF9034674
:10215800002B01D000F01CFA0023FB6100237B62F6
:1021680007F11C03194611480CF012FC0346002B1A
:1021780001D000F00DFA70233B6000237B60002340
:10218800BB6000233B613B460822194607480BF019
:102198008BFD0346002B01D000F0FAF9034801F04B
:1021A8008BFF00BF3837BD4680BD00BF640B0020E1
:1021B8000008004080B58CB000AF07F10C03242262
:1021C80000211846FEF7FCF93B4600221A605A60C7
:1021D8009A60214B214A1A601F4B00225A601E4BFD
:1021E80000229A601C4B4FF0FF32DA601A4B002233
:1021F8001A61194B00229A610123FB6000233B619D
:1022080001237B610023BB610423FB6100233B6244
:1022180001237B620023BB620423FB6207F10C03EA
:1022280019460D480BF004FB0346002B01D000F0C3
:10223800AFF900233B600023BB603B4619460648C4
:102248000CF0A6FB0346002B01D000F0A1F900BF5B
:102258003037BD4680BD00BFB00B0020000C0040E9
:1022680080B584B000AF3B1D00221A605A609A60A6
:10227800144B154A1A60134B45F6C0525A60114B5D
:1022880000229A600F4BC722DA600E4B80229A61B7
:102298000C480AF05AFF0346002B01D000F078F9E9
:1022A80000237B600023FB603B1D194605480CF0AA
:1022B8006FFB0346002B01D000F06AF900BF10370E
:1022C800BD4680BDFC0B00200014004080B500AF67
:1022D800224B234A1A60214B4FF4E1325A601F4BBC
:1022E80000229A601D4B0022DA601C4B00221A6102
:1022F8001A4B0C225A61194B00229A61174B002283
:10230800DA61164B00221A62144B00225A62134BF0
:1023180000229A6211480CF065FC0346002B01D09C
:1023280000F036F900210D480EF0C3FC0346002BDF
:1023380001D000F02DF9002108480EF0F8FC034602
:10234800002B01D000F024F904480EF079FC034674
:10235800002B01D000F01CF900BF80BD480C002004
:102368000048004080B582B000AF0D4BD3F8D8309C
:102378000B4A43F00103C2F8D830094BD3F8D830E0
:1023880003F001037B607B68002201210B200AF027
:10239800FAFB0B200AF011FC00BF0837BD4680BDD0
:1023A8000044025880B58CB000AF07F11C0300222E
:1023B8001A605A609A60DA601A61594BD3F8E030B3
:1023C800574A43F01003C2F8E030554BD3F8E030D9
:1023D80003F01003BB61BB69514BD3F8E030504A9E
:1023E80043F08003C2F8E0304D4BD3F8E03003F0FF
:1023F80080037B617B694A4BD3F8E030484A43F05D
:102408000103C2F8E030464BD3F8E03003F0010393
:102418003B613B69424BD3F8E030414A43F0040347
:10242800C2F8E0303E4BD3F8E03003F00403FB6021
:10243800FB683B4BD3F8E030394A43F00203C2F85B
:10244800E030374BD3F8E03003F00203BB60BB68E1
:10245800334BD3F8E030324A43F00803C2F8E03097
:102468002F4BD3F8E03003F008037B607B68002231
:1024780048F2C0012B4807F00FFC00224FF470719E
:10248800294807F009FC00226021284807F004FCCD
:102498007C23FB6100233B6202237B6207F11C0360
:1024A8001946234807F030FA0C23FB6100233B62EE
:1024B80000237B6207F11C0319461E4807F024FA23
:1024C80048F2C003FB6101233B6200237B620023C7
:1024D800BB6207F11C031946124807F015FA4FF4BE
:1024E8007073FB6101233B6200237B620023BB62A4
:1024F80007F11C0319460C4807F006FA6023FB6134
:1025080001233B6200237B620023BB6207F11C03AB
:102518001946064807F0F8F900BF3037BD4680BDB8
:1025280000440258000C02580008025800040258DF
:10253800001002580000025880B584B000AF3B4636
:1025480000221A605A609A60DA600AF051FB01238F
:102558003B7000237B7000237B601F233B72872323
:102568007B720023BB720023FB7201233B730123A0
:102578007B730023BB730023FB733B4618460AF0AA
:102588006FFB04200AF04CFB00BF1037BD4680BD2E
:1025980080B400AF72B600BF00BFFDE780B483B05F
:1025A80000AF00237B6007E00E4A7B68002142F8F9
:1025B80023107B6801337B607B68FF2BF4DD094BBC
:1025C8000022C3F80024074B0022C3F80424054B5B
:1025D8000022C3F8082400BF0C37BD465DF8047B11
:1025E800704700BFF80E002080B483B000AF786059
:1025F800134BD3F80834B3F5807F1AD0104BD3F8B7
:1026080004340F497A6841F823200D4BD3F8043479
:1026180001335A42DBB2D2B258BF5342084AC2F819
:102628000434074BD3F808340133054AC2F8083498
:1026380000E000BF0C37BD465DF8047B704700BF63
:10264800F80E002080B483B000AF144BD3F80834E0
:10265800002B02D14FF0FF331AE0104BD3F80034AF
:102668000E4A52F823307B600C4BD3F80034013308
:102678005A42DBB2D2B258BF5342084AC2F80034B9
:10268800064BD3F80834013B044AC2F808347B6887
:1026980018460C37BD465DF8047B7047F80E0020DD
:1026A80080B400AF064BD3F80834002B0CBF0123CD
:1026B8000023DBB21846BD465DF8047B704700BFB7
:1026C800F80E002080B582B000AF1AE000F0A8FF35
:1026D8000346FB71FB79032B13D801A252F823F0B0
:1026E800FF260008F9260008052700080B27000820
:1026F800FEF75AFD05E0FEF7BFFB02E0FEF788FC97
:1027080000BF00F039FF0346002BDFD000BF00BF39
:102718000837BD4680BD00BF80B584B000AF2CE04F
:1027280000237B600323BB600DE000F091FF0346AC
:10273800FB73FB7B012B03D17B6801337B6002E0D9
:10274800FB7BBB600AE01D4B1A681C4B5B681C498D
:102758001201134451F82330002BE6D17B68184648
:1027680000F05CFEBB68002B02D1FEF785FB04E09D
:10277800BB68022B01D1FEF74BFC104B1A680F4BBC
:102788005B680F491201134451F82330002BC7D15D
:10279800FEF70AFD012000F0B3FEFEF76DFB0020F6
:1027A80000F052FEFEF768FB002000F04DFE054BDE
:1027B80001221A7000BF1037BD4680BD08270020CF
:1027C800100300201127002080B485B000AFF86006
:1027D800B9607A60074AFB681360064ABB685360B1
:1027E8007B68DAB2044B1A7000BF1437BD465DF837
:1027F800047B7047082700201027002080B400AF12
:102808006E4B0122C3F878276C4B0122C3F860276E
:102818006A4B0122C3F87C27684B0122C3F874264F
:10282800664B0122C3F87428644B0122C3F87C2943
:10283800624B0122C3F87828604B0122C3F8602854
:102848005E4B0122C3F880275C4B0122C3F898270E
:102858005A4B0122C3F88C27584B0122C3F884260F
:10286800564B0122C3F88028544B0122C3F89828FC
:10287800524B0122C3F88428504B0122C3F88C29FB
:102888004F4B1B78002B21D14E4B1B68072B0CD1CB
:102898004C4B5B68072B08D1484B0022C3F87827BC
:1028A800464B0022C3F8602782E0464B1B68082B82
:1028B8007ED1444B5B68072B7AD1404B0022C3F88A
:1028C80078283E4B0022C3F8602871E03C4B1B7807
:1028D800012B21D13B4B1B68072B0CD1394B5B6873
:1028E800072B08D1354B0022C3F87C27334B002235
:1028F800C3F874265CE0334B1B68072B58D1314B67
:102908005B68082B54D12D4B0022C3F88C272B4B26
:102918000022C3F884264BE0294B1B78022B21D1D7
:10292800284B1B68072B0CD1264B5B68082B08D15A
:10293800224B0022C3F88027204B0022C3F8982797
:1029480036E0204B1B68082B32D11E4B5B68082BE6
:102958002ED11A4B0022C3F88028184B0022C3F846
:10296800982825E0164B1B78032B21D1154B1B68A3
:10297800082B0CD1134B5B68072B08D10F4B002297
:10298800C3F874280D4B0022C3F87C2910E00D4BC6
:102998001B68082B0CD10B4B5B68082B08D1074B25
:1029A8000022C3F88428054B0022C3F88C29FFE7CE
:1029B80000BFBD465DF8047B704700BF04170020C8
:1029C800102700200827002080B483B000AF002320
:1029D800FB7127E00023BB711CE000237B7111E031
:1029E80097F9071097F9062097F905301348090158
:1029F8000A4492001344002240F823207B790133D3
:102A0800DBB27B7197F90530032BE9DDBB79013324
:102A1800DBB2BB7197F906300F2BDEDDFB79013392
:102A2800DBB2FB7197F907300F2BD3DD00BF00BF76
:102A38000C37BD465DF8047B704700BF04170020C3
:102A480080B582B000AFFFF7BFFF0023FB7126E01F
:102A580097F90730284A1B0113440C3301221A60E6
:102A680097F90730244A1B021344083301221A60DD
:102A780097F90730204A1B021344F03301221A60E9
:102A880097F907301C4A1B01134403F6047301220B
:102A98001A6097F90730DBB20133DBB2FB7197F9A3
:102AA80007300E2BD4DD144B01229A60124B012201
:102AB800DA60114B0122C3F8F0200F4B0122C3F852
:102AC800FC200D4B0122C3F8042F0B4B0122C3F845
:102AD800082F094B0122C3F8F02F074B0122C3F836
:102AE800F42F00F0C9F9002200210020FFF76CFE46
:102AF80000BF0837BD4680BD0417002080B582B0EE
:102B080000AF8F4B1B687B608D4B5B683B608D4BC8
:102B18001B78032B00F2778101A252F823F000BF43
:102B2800392B0008EB2B00089B2C0008552D0008BA
:102B3800FEF736FE0346002B16D083497B681A0140
:102B48003B6813441B010B4401221A603B680F2B9E
:102B58000AD03B6801337C497A68120113441B018F
:102B68000B44083301221A60FEF736FE0346002B99
:102B780017D075497B681A013B6813441B010B4445
:102B88000C3301221A607B68002B0ADD7B68013B4D
:102B98006D491A013B6813441B010B44043301229D
:102BA8001A60FEF735FE0346002B00F025816649C2
:102BB8007B681A013B6813441B010B440433012250
:102BC8001A607B680F2B00F017817B6801335E4920
:102BD8001A013B6813441B010B440C3301221A6091
:102BE8000AE1FEF7DDFD0346002B17D056497B6846
:102BF8001A013B6813441B010B44043301221A6079
:102C08007B680F2B0AD07B6801334F491A013B6858
:102C180013441B010B440C3301221A60FEF7DCFD40
:102C28000346002B16D048497B681A013B681344B9
:102C38001B010B4401221A603B680F2B0AD03B682A
:102C4800013341497A68120113441B010B440833CC
:102C580001221A60FEF7DCFD0346002B00F0CE804F
:102C680039497B681A013B6813441B010B4408333C
:102C780001221A603B68002B40F3C0803B68013B8F
:102C880031497A68120113441B010B4401221A606E
:102C9800B4E0FEF785FD0346002B16D02A497B6871
:102CA8001A013B6813441B010B44083301221A60C4
:102CB8003B68002B09DD3B68013B23497A68120118
:102CC80013441B010B4401221A60FEF785FD0346DD
:102CD800002B17D01C497B681A013B6813441B0161
:102CE8000B44043301221A607B680F2B0AD07B68DF
:102CF800013315491A013B6813441B010B440C337B
:102D080001221A60FEF784FD0346002B78D00E4995
:102D18007B681A013B6813441B010B440C330122E6
:102D28001A607B68002B6BDD7B68013B06491A0142
:102D38003B6813441B010B44043301221A605FE013
:102D4800082700201027002004170020FEF728FD80
:102D58000346002B17D02E497B681A013B681344A1
:102D68001B010B440C3301221A607B68002B0ADD1F
:102D78007B68013B26491A013B6813441B010B443D
:102D8800043301221A60FEF727FD0346002B16D0F4
:102D98001F497B681A013B6813441B010B44083325
:102DA80001221A603B68002B09DD3B68013B18498A
:102DB8007A68120113441B010B4401221A60FEF7C2
:102DC80027FD0346002B1DD011497B681A013B687B
:102DD80013441B010B4401221A603B680F2B11D0CE
:102DE8003B6801330A497A68120113441B010B44FA
:102DF800083301221A6005E000BF04E000BF02E0CA
:102E080000BF00E000BF00BF0837BD4680BD00BF5F
:102E18000417002080B483B000AF786039603B6845
:102E28001A017B68134418460C37BD465DF8047BCD
:102E3800704780B485B000AF786039603B685A420B
:102E480003F00F0302F00F0258BF5342BB603B6808
:102E5800002B00DA0F331B11FB607B681A4607F161
:102E6800080393E8030082E8030078681437BD4636
:102E78005DF8047B7047000080B483B000AF002386
:102E8800FB711DE00023BB7110E097F9072097F94B
:102E980006301D49120113444FF0FF3241F8232038
:102EA80097F90630DBB20133DBB2BB7197F9063014
:102EB8000F2BEADD97F90730DBB20133DBB2FB7188
:102EC80097F907300F2BDDDD104B93F90030002BFD
:102ED80010D10D4B0022C3F820220B4B0022C3F85F
:102EE800E021094B0022C3F81C22074B0022C3F83B
:102EF800DC2102E0044B00221A6000BF0C37BD46FB
:102F08005DF8047B704700BF1003002011270020E4
:102F180080B485B000AFF860B9601346FB71FB79E7
:102F2800032B45D801A252F823F000BF452F000813
:102F38005D2F0008772F0008912F00082049FB68B3
:102F48001A01BB6813441B010B441B68012B28D1D1
:102F580001232EE01A49FB681A01BB6813441B01C0
:102F68000B4404331B68012B1DD1012321E01449B4
:102F7800FB681A01BB6813441B010B4408331B6828
:102F8800012B12D1012314E00D49FB681A01BB681B
:102F980013441B010B440C331B68012B07D101237D
:102FA80007E000BF04E000BF02E000BF00E000BF90
:102FB800002318461437BD465DF8047B704700BFF0
:102FC8000417002080B586B000AFFFF755FFFFF764
:102FD800E5FA00237B611CE000233B6113E07449A0
:102FE8007B691A013B69134451F82330002B07D140
:102FF80039697869FFF70EFF03461846FFF7F4FAB8
:103008003B6901333B613B690F2BE8DD7B69013389
:103018007B617B690F2BDFDDBFE0FFF713FB024607
:103028003B4611461846FFF704FF3B68FB607B6888
:10303800BB600022B968F868FFF76AFF0346002BF7
:1030480024D1BB6801335A49FA681201134451F874
:103058002330B3F1FF3F19D15549FB681A01BB680A
:10306800134451F82320BB68013301325048F968F2
:1030780009010B4440F82320BB6801331946F8685E
:10308800FFF7C8FE03461846FFF7AEFA0122B968F3
:10309800F868FFF73DFF0346002B24D1FB68013396
:1030A80043491A01BB68134451F82330B3F1FF3F79
:1030B80019D13F49FB681A01BB68134451F8232012
:1030C800FB68013301323A481901BB680B4440F8E8
:1030D8002320FB680133B9681846FFF79BFE0346B7
:1030E8001846FFF781FA0222B968F868FFF710FF5F
:1030F8000346002B24D1BB68013B2D49FA68120115
:10310800134451F82330B3F1FF3F19D12849FB6824
:103118001A01BB68134451F82320BB68013B0132F4
:103128002348F96809010B4440F82320BB68013B98
:103138001946F868FFF76EFE03461846FFF754FA7B
:103148000322B968F868FFF7E3FE0346002B24D191
:10315800FB68013B16491A01BB68134451F8233038
:10316800B3F1FF3F19D11249FB681A01BB68134438
:1031780051F82320FB68013B01320D481901BB6857
:103188000B4440F82320FB68013BB9681846FFF759
:1031980041FE03461846FFF727FAFFF781FA034670
:1031A800002B3FF43AAF00BF00BF1837BD4680BDC3
:1031B8001003002080B586B000AFFFF75DFE954B89
:1031C8000022C3F82022934B0022C3F8E021914B40
:1031D8000022C3F81C228F4B0022C3F8DC218D4B40
:1031E8004FF0FF321A608C4B0122C3F8DC218A4B66
:1031F8000122C3F81C22884B0122C3F8E021864B28
:103208000122C3F82022FFF7C9F90023FB7525E046
:103218000023BB751AE097F9172097F916307D49F6
:103228001201134451F82330002B0BD197F91730B2
:1032380097F9162011461846FFF7ECFD0346184685
:10324800FFF7D2F9BB7D0133DBB2BB7597F91630B6
:103258000F2BE0DDFB7D0133DBB2FB7597F91730EF
:103268000F2BD5DDCBE0FFF7EDF902463B1D1146EC
:103278001846FFF7DEFD7B683B61BB68FB6066496B
:103288003B691A01FB68134451F82330002B00F006
:10329800B5800022F9683869FFF73AFE0346002B2B
:1032A80024D1FB6801335B493A691201134451F890
:1032B8002330B3F1FF3F19D156493B691A01FB6826
:1032C800134451F82320FB6801330132514839690E
:1032D80009010B4440F82320FB680133194638697B
:1032E800FFF798FD03461846FFF77EF90122F968B3
:1032F8003869FFF70DFE0346002B24D13B690133E3
:1033080044491A01FB68134451F82330B3F1FF3FD5
:1033180019D140493B691A01FB68134451F823202D
:103328003B69013301323B481901FB680B4440F803
:1033380023203B690133F9681846FFF76BFD034604
:103348001846FFF751F90222F9683869FFF7E0FDDE
:103358000346002B24D1FB68013B2E493A69120130
:10336800134451F82330B3F1FF3F19D129493B6980
:103378001A01FB68134451F82320FB68013B013212
:103388002448396909010B4440F82320FB68013BB4
:1033980019463869FFF73EFD03461846FFF724F93A
:1033A8000322F9683869FFF7B3FD0346002B26D1DD
:1033B8003B69013B17491A01FB68134451F8233054
:1033C800B3F1FF3F1BD113493B691A01FB68134452
:1033D80051F823203B69013B01320E481901FB6873
:1033E8000B4440F823203B69013BF9681846FFF776
:1033F80011FD03461846FFF7F7F800E000BFFFF796
:103408004FF90346002B3FF42EAF00BF00BF18371B
:10341800BD4680BD100300200413002080B584B091
:1034280000AF78600023FB6004E0FDF7BDFEFB6899
:103438000133FB60FA687B689A42F6DB00BF00BF85
:103448001037BD4680BD000080B483B000AF03468E
:10345800FB71FB79012B47D0FB79032B44D0FB7917
:10346800002B1FD1254B1B78032B3FD801A252F804
:1034780023F000BF8D340008953400089D340008FF
:10348800A53400081D4B03221A7032E01B4B0022A2
:103498001A702EE0194B01221A702AE0174B0222EB
:1034A8001A7026E0FB79022B23D1144B1B78032BCF
:1034B8001ED801A252F823F0D1340008D9340008EC
:1034C800E1340008E93400080C4B01221A7010E0BE
:1034D8000A4B02221A700CE0084B03221A7008E00B
:1034E800064B00221A7004E000BF02E000BF00E0B3
:1034F80000BF0C37BD465DF8047B704710270020DD
:1035080080B483B000AF0346FB71FB79012B27D150
:10351800174B1B78032B25D801A252F823F000BFC4
:103528003935000851350008453500085D35000873
:10353800104B5B6801330F4A536014E00D4B5B6816
:10354800013B0C4A53600EE00A4B1B680133094AE1
:10355800136008E0074B1B68013B064A136002E052
:1035680000BF00E000BF0C37BD465DF8047B704724
:10357800102700200827002080B400AF244B93F9BF
:103588000030002B17D1234B1A68224B5B68224965
:103598001201134451F82330002B0CD11C4B01228B
:1035A8001A701E4B93F90030DBB20133DBB25AB20A
:1035B8001A4B1A7023E0164B93F90030002B1ED0DB
:1035C800144B1A68134B5B6813491201134451F8E2
:1035D8002330002B13D10F4B1B68002B0FD10D4B41
:1035E8005B68002B0BD10A4B00221A700B4B93F926
:1035F8000030DBB20133DBB25AB2084B1A70044B0D
:1036080093F900301846BD465DF8047B704700BF4B
:10361800112700200827002010030020122700206F
:1036280080B582B000AFFFF769FAFFF7CBFC00F076
:1036380023F80346FB71FB791846FFF705FFFB7972
:103648001846FFF75DFFFB7918460837BD4680BD71
:1036580080B582B000AF00F00FF80346FB71FB792C
:103668001846FFF7F1FEFB791846FFF749FFFB798B
:1036780018460837BD4680BD80B582B000AF4FF40C
:1036880096737B600323FB705A4B1A68594B5B682F
:10369800594912011344012241F82320574B1B7842
:1036A800002B40F0B180534B1B68524A51680022EE
:1036B8001846FFF72DFC0346002B2AD14D4B1A68FC
:1036C8004C4B5B6801334E491201134451F82330C7
:1036D8007A689A421DDB474B1A68464B5B68013390
:1036E80047491201134451F823307A689A4203DC9F
:1036F800444B1B68002B0CD13E4B1A683D4B5B6852
:1037080001333F491201134451F823307B600123F0
:10371800FB70384B1B68374A516801221846FFF77F
:10372800F7FB0346002B2AD1324B1B685A1C314B3E
:103738005B6833491201134451F823307A689A427E
:103748001DDB2C4B1B685A1C2A4B5B682C49120149
:10375800134451F823307A689A4203DC294B1B68DA
:10376800012B0CD1234B1B685A1C224B5B68244944
:103778001201134451F823307B600223FB701D4B68
:103788001B681C4A516803221846FFF7C1FB034611
:10379800002B40F04882174B1B685A1E154B5B687C
:1037A80017491201134451F823307A689A42C0F23B
:1037B8003A82104B1B685A1E0E4B5B681049120167
:1037C800134451F823307A689A4204DC0D4B1B6885
:1037D800032B40F02882074B1B685A1E054B5B6879
:1037E80007491201134451F823307B600023FB7012
:1037F80019E200BF0827002004130020102700202A
:103808001003002004270020554B1B78012B40F0A3
:10381800AF80544B1B68534A516800221846FFF783
:1038280077FB0346002B2AD14E4B1A684D4B5B6839
:1038380001334D491201134451F823307A689A42F2
:103848001DDB484B1A68474B5B6801334649120138
:10385800134451F823307A689A4203DC434B1B68BF
:10386800002B0CD13F4B1A683E4B5B6801333E4935
:103878001201134451F823307B600023FB70394B4D
:103888001B68384A516801221846FFF741FB034676
:10389800002B2AD1334B1B685A1C324B5B683249C8
:1038A8001201134451F823307A689A421DDB2D4BDC
:1038B8001B685A1C2B4B5B682B491201134451F8A7
:1038C80023307A689A4203DC284B1B68012B0CD101
:1038D800244B1B685A1C234B5B6823491201134471
:1038E80051F823307B600123FB701E4B1B681D4A77
:1038F800516802221846FFF70BFB0346002B40F0E5
:103908009281184B1A68174B5B68013B16491201E4
:10391800134451F823307A689A42C0F28481114BDB
:103928001A68104B5B68013B0F491201134451F8A8
:1039380023307A689A4204DC0C4B1B68022B40F057
:103948007281084B1A68074B5B68013B06491201F4
:10395800134451F823307B600223FB7063E100BFFE
:10396800102700200827002010030020042700202B
:10397800554B1B78022B40F0AF80544B1B68534AC1
:10398800516801221846FFF7C3FA0346002B2AD1D3
:103998004E4B1B685A1C4D4B5B684D491201134432
:1039A80051F823307A689A421DDB484B1B685A1C31
:1039B800464B5B6846491201134451F823307A6834
:1039C8009A4203DC434B1B68012B0CD13F4B1B680D
:1039D8005A1C3E4B5B683E491201134451F8233090
:1039E8007B600023FB70394B1B68384A5168022200
:1039F8001846FFF78DFA0346002B2AD1334B1A6875
:103A0800324B5B68013B32491201134451F82330B1
:103A18007A689A421DDB2D4B1A682C4B5B68013B78
:103A28002B491201134451F823307A689A4203DC77
:103A3800284B1B68022B0CD1244B1A68234B5B685C
:103A4800013B23491201134451F823307B600123C1
:103A5800FB701E4B1B681D4A516803221846FFF76E
:103A680057FA0346002B40F0DE80184B1B685A1E9D
:103A7800164B5B6816491201134451F823307A68D3
:103A88009A42C0F2D080114B1B685A1E0F4B5B68DC
:103A98000F491201134451F823307A689A4204DC22
:103AA8000C4B1B68032B40F0BE80084B1B685A1E4A
:103AB800064B5B6806491201134451F823307B60BA
:103AC8000223FB70AFE000BF10270020082700206A
:103AD8001003002004270020584B1B78032B40F0CC
:103AE800A280574B1B68564A516800221846FFF7B8
:103AF8000FFA0346002B2AD1514B1A68504B5B68CA
:103B0800013350491201134451F823307A689A421C
:103B18001DDB4B4B1A684A4B5B680133494912015C
:103B2800134451F823307A689A4203DC464B1B68E9
:103B3800002B0CD1424B1A68414B5B680133414959
:103B48001201134451F823307B600223FB703C4B75
:103B58001B683B4A516802221846FFF7D9F9034609
:103B6800002B2AD1364B1A68354B5B68013B354927
:103B78001201134451F823307A689A421DDB304B06
:103B88001A682F4B5B68013B2E491201134451F808
:103B980023307A689A4203DC2B4B1B68022B0CD12A
:103BA800274B1A68264B5B68013B264912011344D0
:103BB80051F823307B600023FB70214B1B68204A9F
:103BC800516803221846FFF7A3F90346002B2AD1B0
:103BD8001B4B1B685A1E1A4B5B681A491201134487
:103BE80051F823307A689A421DDB154B1B685A1E20
:103BF800134B5B6813491201134451F823307A6858
:103C08009A4203DC104B1B68032B0CD10C4B1B682E
:103C18005A1E0B4B5B680B491201134451F82330B1
:103C28007B600123FB707B68B3F5967F01D102238B
:103C3800FB70FB7818460837BD4680BD102700206A
:103C480008270020100300200427002080B483B038
:103C580000AF0A4BD3F8F430084A43F00203C2F825
:103C6800F430064BD3F8F43003F002037B607B6832
:103C780000BF0C37BD465DF8047B7047004402580E
:103C880080B5BCB000AF786007F1DC0300221A6091
:103C98005A609A60DA601A6107F11803C02200219D
:103CA8001846FCF78DFC7B681B684E4A934240F02F
:103CB80094804FF400224FF00003C7E90623022343
:103CC8003B620C237B620223BB620223FB6202235A
:103CD8003B63C0237B632023BB630023FB63002378
:103CE800C7F8BC3007F11803184603F00FF903466C
:103CF800002B01D0FEF74CFC3B4BD3F8D8303A4AA6
:103D080043F02003C2F8D830374BD3F8D83003F04B
:103D180020037B617B69344BD3F8E030324A43F0AF
:103D28000103C2F8E030304BD3F8E03003F0010370
:103D38003B613B692C4BD3F8E0302B4A43F004033A
:103D4800C2F8E030284BD3F8E03003F00403FB60FE
:103D5800FB68254BD3F8E030234A43F00203C2F84E
:103D6800E030214BD3F8E03003F00203BB60BB68BE
:103D7800C023C7F8DC300323C7F8E0300023C7F8B6
:103D8800E43007F1DC031946184805F0BDFD30237F
:103D9800C7F8DC300323C7F8E0300023C7F8E43065
:103DA80007F1DC031946124805F0AEFD0223C7F8F7
:103DB800DC300323C7F8E0300023C7F8E43007F10C
:103DC800DC0319460B4805F09FFD00220021122054
:103DD80008F0D9FE122008F0F0FE00BFF037BD460B
:103DE80080BD00BF00200240004402580000025875
:103DF800000802580004025880B5BAB000AF7860D5
:103E080007F1D40300221A605A609A60DA601A61D6
:103E180007F11003C02200211846FCF7D1FB7B688C
:103E28001B68274A934246D14FF008024FF000031F
:103E3800C7E904230023C7F8943007F11003184694
:103E480003F064F80346002B01D0FEF7A1FB1D4BDD
:103E5800D3F8E0301B4A43F00203C2F8E030194BB4
:103E6800D3F8E03003F00203FB60FB684FF44063D3
:103E7800C7F8D4301223C7F8D8300023C7F8DC308D
:103E88000023C7F8E0300423C7F8E43007F1D4036F
:103E980019460D4805F038FD0A4BD3F8E830094AB1
:103EA80043F48003C2F8E830064BD3F8E83003F453
:103EB8008003BB60BB6800BFE837BD4680BD00BF5C
:103EC80000580040004402580004025880B586B0EB
:103ED80000AF78607B681B68234A93420FD1234B5D
:103EE800D3F8F030214A43F00103C2F8F0301F4BF9
:103EF800D3F8F03003F001037B617B6930E07B6825
:103F08001B681B4A93420FD1184BD3F8E830174A65
:103F180043F00403C2F8E830144BD3F8E83003F058
:103F280004033B613B691BE07B681B68114A9342B1
:103F380016D10E4BD3F8E8300C4A43F02003C2F8F0
:103F4800E8300A4BD3F8E83003F02003FB60FB6845
:103F580000220221372008F016FE372008F02DFE37
:103F680000BF1837BD4680BD00000140004402581C
:103F7800000800400014004080B58CB000AF7860A5
:103F880007F11C0300221A605A609A60DA601A610D
:103F98007B681B68B3F1804F4ED1434BD3F8E830B0
:103FA800414A43F00103C2F8E8303F4BD3F8E83008
:103FB80003F00103BB61BB693B4BD3F8E0303A4ADD
:103FC80043F00103C2F8E030374BD3F8E03003F098
:103FD80001037B617B69344BD3F8E030324A43F00C
:103FE8000203C2F8E030304BD3F8E03003F00203AC
:103FF8003B613B694FF40043FB6102233B620023B2
:104008007B620023BB620123FB6207F11C03194694
:10401800264805F079FC0823FB6102233B62002354
:104028007B620023BB620123FB6207F11C03194674
:104038001F4805F069FC32E07B681B681D4A934203
:104048002DD1194BD3F8E830174A43F00803C2F8CA
:10405800E830154BD3F8E83003F00803FB60FB6841
:10406800114BD3F8E030104A43F00103C2F8E030B6
:104078000D4BD3F8E03003F00103BB60BB680323AA
:10408800FB6102233B6200237B620023BB620223A5
:10409800FB6207F11C031946044805F035FC00BF14
:1040A8003037BD4680BD00BF0044025800000258AA
:1040B80000040258000C004080B58AB000AF786058
:1040C80007F1140300221A605A609A60DA601A61D4
:1040D8007B681B68264A934220D1264BD3F8E030F0
:1040E800244A43F00103C2F8E030224BD3F8E03011
:1040F80003F001033B613B694FF440737B6102238A
:10410800BB610023FB6100233B6201237B6207F153
:1041180014031946184805F0F7FB24E07B681B6870
:10412800164A93421FD1134BD3F8E030114A43F09B
:104138000803C2F8E0300F4BD3F8E03003F008036F
:10414800FB60FB684FF480437B610223BB61002363
:10415800FB6100233B6202237B6207F114031946CB
:10416800074805F0D1FB00BF2837BD4680BD00BF1A
:1041780000000140004402580000025800080040B6
:10418800000C025880B5BAB000AF786007F1D403CC
:1041980000221A605A609A60DA601A6107F1100307
:1041A800C02200211846FCF70BFA7B681B68424ABC
:1041B80093427CD14FF002024FF00003C7E9042379
:1041C8000023C7F8883007F11003184602F09EFE56
:1041D8000346002B01D0FEF7DBF9384BD3F8E83063
:1041E800364A43F48023C2F8E830344BD3F8E83039
:1041F80003F48023FB60FB68304BD3F8E0302F4A90
:1042080043F00803C2F8E0302C4BD3F8E03003F059
:104218000803BB60BB684FF44073C7F8D43002236F
:10422800C7F8D8300023C7F8DC300023C7F8E030DF
:104238000723C7F8E43007F1D4031946204805F0EE
:1042480063FB204B204A1A601E4B2D225A601D4BDF
:1042580000229A601B4B0022DA601A4B4FF48062EE
:104268001A61184B00225A61164B00229A61154BAD
:104278000022DA61134B00221A62124B00225A62A2
:10428800104805F023FD0346002B01D0FEF780F906
:104298007B680C4AC3F880200A4A7B689363002233
:1042A8000021272008F06FFC272008F086FC00BFBB
:1042B800E837BD4680BD00BF0048004000440258B2
:1042C800000C0258DC0C00201000024080B400AF43
:1042D80000BFFDE780B400AF00BFFDE780B400AFCA
:1042E80000BFFDE780B400AF00BFFDE780B400AFBA
:1042F80000BFFDE780B400AF00BFBD465DF8047B9A
:10430800704780B400AF00BFBD465DF8047B7047BE
:1043180080B400AF00BFBD465DF8047B704780B530
:1043280000AF08F04FFD00BF80BD000080B500AFB2
:10433800024806F0F5FF00BF80BD00BFDC0C00207E
:1043480080B500AF024800F085FD00BF80BD00BF0A
:104358005409002080B500AF02480AF0CBFE00BF28
:1043680080BD00BF480C002080B500AF024809F0AE
:1043780093FB00BF80BD00BFFC0B002080B400AFE2
:10438800374BD3F88830364A43F47003C2F8883084
:10439800344B1B6803F00F03062B07D8314B1B68FF
:1043A80023F00F032F4A43F0070313602E4B1B68BB
:1043B8002D4A43F0010313602B4B00221A612A4B4C
:1043C8001A682949294B13400B60264B1B6803F0D8
:1043D8000803002B07D0234B1B6823F00F03214A47
:1043E80043F007031360204B00229A611E4B002202
:1043F800DA611D4B00221A621B4B1D4A9A621A4B46
:104408001C4ADA62184B1C4A1A63174B00225A637B
:10441800154B194A9A63144B0022DA63124B164A59
:104428001A64114B00225A640F4B1B680E4A23F47E
:10443800802313600C4B00221A66104B1A68104B2D
:104448001340B3F1005F02D20E4B01221A600E4BEB
:1044580043F2D2021A6000BFBD465DF8047B704784
:1044680000ED00E000200052004402587FEDF6EA1B
:10447800000202020000FF01800201010010005C3E
:104488000000FFFF088100510040005280B483B053
:1044980000AF786039607B689B6823F47C123B68C6
:1044A8001A437B689A6000BF0C37BD465DF8047BF1
:1044B800704780B483B000AF786039607B689B68D0
:1044C80023F0E0723B681A437B689A6000BF0C37A0
:1044D800BD465DF8047B704780B483B000AF786058
:1044E8007B689B6803F0E07318460C37BD465DF89F
:1044F800047B704780B487B000AFF860B9607A6019
:104508003B60FB6860331A46BB689B0013447B61C1
:104518007B691B6803F000427B6803F0F8413B6845
:104528000B431A437B691A6000BF1C37BD465DF810
:10453800047B704780B485B000AFF860B9607A60DA
:10454800FB681B6923F4F042BB6803F01F0379681A
:1045580001FA03F31A43FB681A6100BF1437BD461A
:104568005DF8047B704780B487B000AFF860B9602D
:104578007A60FB6860331A46BB689B0013447B6112
:104588007B691B6823F000427B681A437B691A60C9
:1045980000BF1C37BD465DF8047B704780B483B00C
:1045A80000AF78607B68DB6803F44063002B01D1BF
:1045B800012300E0002318460C37BD465DF8047B54
:1045C800704780B487B000AFF860B9607A60FB6864
:1045D80030331A46BB681B0A9B0003F00C031344D4
:1045E8007B617B691A68BB6803F01F031F2101FA0E
:1045F80003F3DB431A407B689B0E03F01F01BB6883
:1046080003F01F0301FA03F31A437B691A6000BF22
:104618001C37BD465DF8047B704780B483B000AF9B
:1046280078607B68DB6C03F4C073002B01D1012335
:1046380000E0002318460C37BD465DF8047B704740
:1046480080B487B000AFF860B9607A60FB68143353
:104658001A46BB685B0E9B0003F0040313447B619E
:104668007B691A68BB681B0D03F01F03072101FA59
:1046780003F3DB431A40BB681B0D03F01F03796883
:1046880001FA03F31A437B691A6000BF1C37BD4661
:104698005DF8047B7047000080B485B000AFF86017
:1046A800B9607A60FB68D3F8C020BB68C3F3130312
:1046B800DB431A407B6803F018030849D940BB68FC
:1046C8000B40C3F313031A43FB68C3F8C02000BFB1
:1046D8001437BD465DF8047B704700BFFFFF0F002D
:1046E80080B483B000AF78607B689B6803F01F03D9
:1046F80018460C37BD465DF8047B704780B483B01C
:1047080000AF78607B689B6803F4404318460C3719
:10471800BD465DF8047B704780B483B000AF786015
:104728007B689A68044B13407A68936000BF0C3723
:10473800BD465DF8047B7047C0FFFF5F80B483B05F
:1047480000AF78607B689B6803F00053B3F1005FAB
:1047580001D1012300E0002318460C37BD465DF85F
:10476800047B704780B483B000AF78607B689A6838
:10477800054B134043F080527B689A6000BF0C37AA
:10478800BD465DF8047B7047C0FFFF6F80B483B0FF
:1047980000AF78607B689B6803F08053B3F1805F5B
:1047A80001D1012300E0002318460C37BD465DF80F
:1047B800047B704780B483B000AF78607B689A68E8
:1047C800054B134043F001027B689A6000BF0C3729
:1047D800BD465DF8047B7047C0FFFF7F80B483B09F
:1047E80000AF78607B689B6803F00103012B01D15F
:1047F800012300E0002318460C37BD465DF8047B12
:104808007047000080B483B000AF78607B689A6816
:10481800054B134043F004027B689A6000BF0C37D5
:10482800BD465DF8047B7047C0FFFF7F80B483B04E
:1048380000AF78607B689B6803F00403042B01D108
:10484800012300E0002318460C37BD465DF8047BC1
:10485800704780B483B000AF78607B689B6803F0D2
:104868000803082B01D1012300E0002318460C3768
:10487800BD465DF8047B704790B589B000AF78609D
:104888000023FB770023BB607B68002B01D1012349
:104898008FE17B68DB68002B7B685B6D002B09D19F
:1048A8007868FFF7EDF97B6800229A657B6800223B
:1048B80083F850207B681B681846FFF73FFF0346C4
:1048C800002B04D07B681B681846FFF725FF7B6820
:1048D8001B681846FFF75AFF0346002B14D17B6864
:1048E8001B681846FFF73EFF874B1B689B09874AE2
:1048F800A2FB03239B090133BB6002E0BB68013BB9
:10490800BB60BB68002BF9D17B681B681846FFF7B2
:104918003DFF0346002B0DD17B685B6D43F0100211
:104928007B685A657B689B6D43F001027B689A65DA
:104938000123FB777B681B681846FFF777FF7861D0
:104948007B685B6D03F01003002B40F029817B69C5
:10495800002B40F025817B685B6D23F4817343F065
:1049680002027B685A657B681B681846FFF736FFAA
:104978000346002B36D17B681B68654A934204D0F6
:104988007B681B68634A93420ED16148FFF726FF94
:1049980004466048FFF722FF03462343002B0CBF61
:1049A80001230023DBB208E05B48FFF717FF03464B
:1049B800002B0CBF01230023DBB2002B12D07B6835
:1049C8001B68534A934204D07B681B68514A934240
:1049D80001D1524A00E0524A7B685B68194610468A
:1049E800FFF754FD08F032FA034641F203029342FE
:1049F80014D97B689B68102B10D17B685B7D5A03A8
:104A08007B681B6B1A437B689B681A437B681B7F18
:104A18001B04134343F00C03BB610DE07B685B7D13
:104A28005A037B681B6B1A437B689B681A437B6835
:104A38001B7F1B041343BB617B681B7F012B06D1C3
:104A48007B681B6A013B5B04BA691343BB617B68E3
:104A58005B6A002B09D07B685B6A03F478727B6819
:104A68009B6A1343BA691343BB617B681B68DA68A6
:104A78002C4B13407A681268B9690B43D3607B6882
:104A88001B681846FFF7D2FE38617B681B6818461A
:104A9800FFF7DFFEF8603B69002B5FD1FB68002B56
:104AA8005CD17B681B7D9A037B68DB6A1343BB611F
:104AB8007B681B68DA681C4B13407A681268B9690E
:104AC8000B43D3607B6893F83830012B30D17B6877
:104AD8005B6A002B7B681B681A69144B13407A6861
:104AE800D26B013A11047A68126C11437A68526CDD
:104AF80011437A68926C0A431A437B681B6842F038
:104B080001021A611CE000BF10070020632D3E055A
:104B180000200240002102400060025800230240A9
:104B28000063025803C0F0FFFCBFFFFF1EF800FC43
:104B38007B681B681A697B681B6822F001021A618E
:104B48007B681B681B6923F070417B685A6B7B6824
:104B58001B680A431A61786800F0B0FF7B68DB685D
:104B6800012B0CD17B681B681B6B23F00F017B6842
:104B78009B695A1E7B681B680A431A6307E07B68B7
:104B88001B681A6B7B681B6822F00F021A637B682C
:104B98005B6D23F0030343F001027B685A6507E06D
:104BA8007B685B6D43F010027B685A650123FB77D5
:104BB800FB7F18462437BD4690BD00BF80B586B040
:104BC80000AF78607B681B68924A934204D07B6888
:104BD8001B68914A934201D1904B00E0904B1846D4
:104BE800FFF77EFD38617B681B681846FFF71EFEDD
:104BF8000346002B40F018817B6893F85030012B56
:104C080001D1022313E17B68012283F850207868E0
:104C180000F0CAFE0346FB75FB7D002B40F0F580D3
:104C28007B685A6D7F4B134043F480727B685A65EA
:104C38007B681B68784A934202D07B681B6800E057
:104C4800744B7A681268934202D03B69002B05D1F5
:104C58007B685B6D23F480127B685A657B685B6DAB
:104C680003F48053002B06D07B689B6D23F006026B
:104C78007B689A6502E07B6800229A657B681B68FE
:104C88001C221A607B68002283F850207B681B680E
:104C98005A687B681B6822F01C025A607B681B6993
:104CA800082B08D17B681B685A687B681B6842F030
:104CB80008025A6008E07B681B685A687B681B68B2
:104CC80042F004025A6000BF7B681B6B002B07D1BF
:104CD8007B681B685A687B681B6842F010025A6040
:104CE8007B681B684C4A934202D07B681B6800E0D3
:104CF800484B7A681268934208D03B69002B05D06C
:104D08003B69052B02D03B69092B3AD17B681B68AC
:104D1800DB6803F00073002B2DD07B685B6D23F4F8
:104D2800405343F480527B685A657B681B69082BA3
:104D380010D17B681B685A687B681B6822F02002C8
:104D48005A607B681B685A687B681B6842F040029F
:104D58005A6010E07B681B685A687B681B6822F001
:104D680040025A607B681B685A687B681B6842F07F
:104D780020025A6000BF7B681B681846FFF742FD97
:104D880054E07B685B6D43F480127B685A657B68EE
:104D98001B68214A934202D07B681B6800E01D4BC8
:104DA800FB60FB68DB6803F00073002B3ED07B6878
:104DB8005B6D23F4405343F480527B685A657B68EB
:104DC8001B69082B10D17B681B685A687B681B68B5
:104DD80022F020025A607B681B685A687B681B684F
:104DE80042F040025A6021E07B681B685A687B6881
:104DF8001B6822F040025A607B681B685A687B680F
:104E08001B6842F020025A6010E07B68002283F899
:104E180050200BE000200240002102400023024005
:104E280000630258FEF0FFFF0223FB75FB7D184666
:104E38001837BD4680BD00BF80B483B000AF78602E
:104E48007B681B681B6C18460C37BD465DF8047BF5
:104E58007047000080B58AB000AF786000237B629D
:104E68007B681B681B68FB617B681B685B68BB61B0
:104E78007B681B68874A934204D07B681B68864A14
:104E8800934201D1854B00E0854B1846FFF728FC7B
:104E98007861FB6903F00203002B17D0BB6903F0AC
:104EA8000203002B12D07B685B6D03F01003002B0C
:104EB80005D17B685B6D43F400627B685A6578684E
:104EC80000F056FF7B681B6802221A60FB6903F03A
:104ED8000403002B04D0BB6903F00403002B0AD1A0
:104EE800FB6903F00803002B00F08380BB6903F023
:104EF8000803002B7DD07B685B6D03F01003002B4B
:104F080005D17B685B6D43F400727B685A657B68EA
:104F18001B681846FFF742FB0346002B62D07B68EC
:104F28001B685D4A934202D07B681B6800E0594BBE
:104F38007A681268934208D07B69002B05D07B6998
:104F4800052B02D07B69092B04D17B681B68DB68C1
:104F58003B620CE07B681B684F4A934202D07B6837
:104F68001B6800E04B4B3B613B69DB683B623B6A7B
:104F780003F40053002B35D17B681B681B6803F0D2
:104F88000803082B2ED17B681B681846FFF74EFCD8
:104F98000346002B1AD17B681B685A687B681B681C
:104FA80022F00C025A607B685B6D23F480727B6888
:104FB8005A657B685B6D03F48053002B12D17B68C4
:104FC8005B6D43F001027B685A650BE07B685B6DA3
:104FD80043F010027B685A657B689B6D43F00102C1
:104FE8007B689A657868FCF77FFA7B681B680C22F7
:104FF8001A60FB6903F02003002B04D0BB6903F09F
:105008002003002B0BD1FB6903F04003002B00F0B9
:10501800A080BB6903F04003002B00F09A807B68F6
:105028005B6D03F01003002B05D17B685B6D43F4C7
:1050380000527B685A657B681B681846FFF7EDFAD3
:10504800F8607B681B681846FFF7A8FAB8607B68A9
:105058001B68114A934202D07B681B6800E00D4B25
:105068007A681268934208D07B69002B05D07B6967
:10507800062B02D07B69072B04D17B681B68DB6891
:105088003B6214E07B681B68034A93420AD07B6842
:105098001B6808E000200240002102400023024073
:1050A80000630258844B3B613B69DB683B62FB68E9
:1050B800002B47D03B6A03F00073002B07D0BB6876
:1050C800002B3FD03B6A03F40053002B3AD17B6896
:1050D8001B681B6803F04003402B33D13B6A03F481
:1050E8000013002B2ED17B681B681846FFF7B1FB15
:1050F8000346002B1AD17B681B685A687B681B68BB
:1051080022F060025A607B685B6D23F480527B68F2
:105118005A657B685B6D03F48073002B12D17B6842
:105128005B6D43F001027B685A650BE07B685B6D41
:1051380043F010027B685A657B689B6D43F001025F
:105148007B689A65786800F0EBFD7B681B686022D5
:105158001A60FB6903F08003002B11D0BB6903F0D0
:105168008003002B0CD07B685B6D43F480327B6836
:105178005A65786800F0A8F87B681B6880221A6076
:10518800FB6903F48073002B12D0BB6903F48073AE
:10519800002B0DD07B685B6D43F400327B685A6549
:1051A800786800F0D1FD7B681B684FF480721A6044
:1051B800FB6903F40073002B12D0BB6903F400737E
:1051C800002B0DD07B685B6D43F480227B685A65A9
:1051D800786800F0C3FD7B681B684FF400721A60A2
:1051E800FB6903F01003002B43D0BB6903F01003E5
:1051F800002B3ED07B681B6B002B02D101237B6206
:1052080021E07B69002B15D07B681B682A4A9342F2
:1052180004D07B681B68294A934201D1284B00E0DF
:10522800284B1846FFF76AFA0346002B0BD00123D8
:105238007B6208E07B681B68DB6803F00303002BD4
:1052480001D001237B627B6A012B0ED17B685B6DE9
:1052580043F480627B685A657B689B6D43F0020269
:105268007B689A65786800F039F87B681B681022BB
:105278001A60FB6903F48063002B18D0BB6903F440
:105288008063002B13D07B685B6D43F480427B689E
:105298005A657B689B6D43F008027B689A657B685A
:1052A8001B684FF480621A60786800F043FD00BF05
:1052B8002837BD4680BD00BF0020024000210240C3
:1052C800002302400063025880B483B000AF7860C6
:1052D80000BF0C37BD465DF8047B704780B483B0CF
:1052E80000AF786000BF0C37BD465DF8047B70479F
:1052F80090B5A1B000AF78603960002387F87F309F
:105308000023BB603B68DB68654A93427B6893F87F
:105318005030012B01D102232EE37B68012283F850
:1053280050207B681B681846FFF780FA0346002B5D
:1053380040F013833B681B68002B2CDB3B681B6821
:10534800C3F31303002B08D13B681B689B0E03F0C3
:105358001F03012202FA03F316E03B681B687B6611
:105368007B6E93FAA3F33B663B6EBB66BB6E002B6A
:1053780001D1202303E0BB6EB3FA83F3DBB203F061
:105388001F03012202FA03F37A681268D1697A6866
:1053980012680B43D3617B6818683B6859683B689F
:1053A8001B681A46FFF70DF97B681B681846FFF75C
:1053B8003DFAB8677B681B681846FFF74AFA7867B2
:1053C800BB6F002B40F0B8807B6F002B40F0B4809F
:1053D8007B6818683B6819683B689B681A46FFF742
:1053E8002FF9304B1B6803F07043B3F1805F0BD18A
:1053F8003B685A697B681B68DB689B0803F00703F6
:105408005B0002FA03F31DE07B681B68DB6803F0AE
:105418001003002B0BD13B685A697B681B68DB685B
:105428009B0803F007035B0002FA03F30AE03B68FA
:105438005A697B681B68DB689B0803F004035B0000
:1054480002FA03F33B673B681B69042B2CD07B688B
:1054580018683B6819693B681A683B6FFFF74AF898
:105468007B6818683B6819693B685B7E012B02D131
:105478004FF0004300E000231A46FFF774F87B68FA
:1054880018683B6819693B681B7E012B02D14FF4F1
:10549800006300E000231A46FFF74CF84CE000BF19
:1054A8000000FF470010005C7B681B681B6E03F060
:1054B800F8423B681B689B069A4207D17B681B68C9
:1054C8001A6E7B681B6822F000421A667B681B68AC
:1054D8005B6E03F0F8423B681B689B069A4207D153
:1054E8007B681B685A6E7B681B6822F000425A660C
:1054F8007B681B689B6E03F0F8423B681B689B0641
:105508009A4207D17B681B689A6E7B681B6822F0F9
:1055180000429A667B681B68DB6E03F0F8423B68C2
:105528001B689B069A4207D17B681B68DA6E7B680A
:105538001B6822F00042DA667B681B681846FFF792
:105548004DF90346002B40F011827B6818683B68D0
:1055580019683B68DB681A46FFF79EF83B68DB680A
:10556800A14A934240F02E817B6818683B681B680B
:10557800C3F31303002B0BD13B681B689B0E01334D
:1055880003F01F03092B94BF01230023DBB219E0AA
:105598003B681B68BB65BB6D93FAA3F37B657B6DAA
:1055A800FB65FB6D002B01D1202303E0FB6DB3FAF3
:1055B80083F3DBB2013303F01F03092B94BF0123EC
:1055C8000023DBB2002B79D03B681B68C3F31303BD
:1055D800002B07D13B681B689B0E01339B0603F029
:1055E800F84215E03B681B68FB64FB6C93FAA3F375
:1055F800BB64BB6C3B653B6D002B01D1202303E0F2
:105608003B6DB3FA83F3DBB201339B0603F0F84238
:105618003B681B68C3F31303002B09D13B681B6865
:105628009B0E013303F01F03012101FA03F317E076
:105638003B681B683B643B6C93FAA3F3FB63FB6B0F
:105648007B647B6C002B01D1202303E07B6CB3FAD5
:1056580083F3DBB2013303F01F03012101FA03F3E3
:1056680042EA03013B681B68C3F31303002B0AD10A
:105678003B681B689B0E013303F01F0213465B0057
:1056880013441B0518E03B681B687B637B6B93FA2C
:10569800A3F33B633B6BBB63BB6B002B01D12023A4
:1056A80003E0BB6BB3FA83F3DBB2013303F01F02F1
:1056B80013465B0013441B050B437EE03B681B68E5
:1056C800C3F31303002B07D13B681B689B0E013300
:1056D8009B0603F0F84215E03B681B68BB62BB6A97
:1056E80093FAA3F37B627B6AFB62FB6A002B01D10E
:1056F800202303E0FB6AB3FA83F3DBB201339B0692
:1057080003F0F8423B681B68C3F31303002B09D16D
:105718003B681B689B0E013303F01F03012101FA4C
:1057280003F317E03B681B68FB61FB6993FAA3F37B
:10573800BB61BB693B623B6A002B01D1202303E0BC
:105748003B6AB3FA83F3DBB2013303F01F03012191
:1057580001FA03F342EA03013B681B68C3F313032E
:10576800002B0DD13B681B689B0E013303F01F0211
:1057780013465B0013441E3B1B0543F000731BE0FC
:105788003B681B683B613B6993FAA3F3FB60FB68CA
:105798007B617B69002B01D1202303E07B69B3FA8D
:1057A80083F3DBB2013303F01F0213465B0013449B
:1057B8001E3B1B0543F000730B433A689268194679
:1057C800FEF73EFF3B681B68002B80F2CF807B68AA
:1057D8001B68064A934204D07B681B68044A9342BC
:1057E8000AD1044B09E000BF0000FF470020024037
:1057F8000021024000230240614B1846FEF76CFE70
:10580800F8667B681B685F4A934204D07B681B6814
:105818005D4A93420ED15B48FEF7E0FF04465A48C2
:10582800FEF7DCFF03462343002B0CBF01230023B4
:10583800DBB208E05548FEF7D1FF0346002B0CBF4A
:1058480001230023DBB2002B7DD03B681B68504A44
:10585800934230D1FB6E03F40003002B2BD17B68FD
:105868001B684A4A934240F081807B681B68454A1E
:10587800934204D07B681B68434A934201D1454A4E
:1058880000E03F4AFB6E43F4000319461046FEF75A
:1058980010FE414B1B689B09404AA2FB03239B094E
:1058A80001335B00BB6002E0BB68013BBB60BB68C7
:1058B800002BF9D15AE03B681B68394A93421ED144
:1058C800FB6E03F08073002B19D17B681B682F4A8D
:1058D80093424BD17B681B682A4A934204D07B6869
:1058E8001B68294A934201D12A4A00E0244AFB6EE8
:1058F80043F0807319461046FEF7DBFD36E03B683F
:105908001B68284A934231D1FB6E03F48003002BB5
:105918002CD17B681B681D4A934227D17B681B6882
:10592800184A934204D07B681B68174A934201D1F6
:10593800184A00E0124AFB6E43F4800319461046E9
:10594800FEF7B7FD12E07B685B6D43F020027B68D1
:105958005A65012387F87F3008E07B685B6D43F068
:1059680020027B685A65012387F87F307B68002214
:1059780083F8502097F87F3018468437BD4690BD8D
:1059880000630258002002400021024000600258D3
:10599800000084CB0023024010070020632D3E0541
:1059A800000052C70000B8CF80B584B000AF78605F
:1059B8007B681B681846FEF711FF0346002B6ED163
:1059C8007B681B689A68384B1340002B0DD07B68A6
:1059D8005B6D43F010027B685A657B689B6D43F0F2
:1059E80001027B689A6501235AE07B681B681846A8
:1059F800FEF7E0FE07F0FAF9F8607B681B682B4AAF
:105A0800934204D07B681B68294A934201D1294BF1
:105A180000E0294B1846FEF763FEB8607B681B68F8
:105A2800234A934202D07B681B6800E01F4B7A68C8
:105A3800126893422CD0BB68002B30D128E07B68D9
:105A48001B681846FEF7CAFE0346002B04D17B6884
:105A58001B681846FEF7AEFE07F0C8F90246FB6859
:105A6800D31A022B14D97B681B681B6803F0010347
:105A7800012B0DD07B685B6D43F010027B685A6583
:105A88007B689B6D43F001027B689A65012307E000
:105A98007B681B681B6803F00103012BCFD100232F
:105AA80018461037BD4680BD3F00008000200240E8
:105AB80000210240002302400063025880B584B0F0
:105AC80000AF78607B681B687A4A934204D07B6891
:105AD8001B68794A934209D1784B9B6803F4403399
:105AE800002B14BF01230023DBB208E0744B9B6832
:105AF80003F44033002B14BF01230023DBB2002B37
:105B08001CD001F0A7F9F8607B685B68B3F5403FEB
:105B180010D0B3F5403F73D8B3F5803F02D0B3F54A
:105B2800003F6DD17B685B681B0CFA68B2FBF3F32E
:105B3800FB6068E0FB689B08FB6064E04FF40020B2
:105B48004FF0000102F0ECFBF8607B685B68B3F58E
:105B5800301F51D0B3F5301F54D8B3F5201F47D0AC
:105B6800B3F5201F4ED8B3F5101F3DD0B3F5101F65
:105B780048D8B3F5001F33D0B3F5001F42D8B3F5AA
:105B8800E01F29D0B3F5E01F3CD8B3F5C01F1AD0E9
:105B9800B3F5C01F36D8B3F5A01F14D0B3F5A01FB6
:105BA80030D8B3F5801F0ED0B3F5801F2AD8B3F5CF
:105BB800402F08D0B3F5402F24D8B3F5802F02D05A
:105BC800B3F5002F1ED17B685B689B0C5B00FA68FD
:105BD800B2FBF3F3FB6016E0FB681B09FB6012E005
:105BE800FB685B09FB600EE0FB689B09FB600AE051
:105BF800FB68DB09FB6006E0FB681B0AFB6002E050
:105C080000BF00E000BF07F021F9034641F203029C
:105C1800934215D8FB682B4A934208D97B681B68C6
:105C28009A687B681B6842F480729A603EE07B68E1
:105C38001B689A687B681B6822F480729A6035E05A
:105C4800FB685B08FB60FB681F4A934208D87B68C7
:105C58001B689A687B681B6822F440729A6025E08A
:105C6800FB681A4A93420AD87B681B689B6823F42E
:105C780040727B681B6842F480729A6016E0FB6889
:105C8800134A93420AD87B681B689B6823F44072C6
:105C98007B681B6842F400729A6007E07B681B68A7
:105CA8009A687B681B6842F440729A6000BF10379C
:105CB800BD4680BD00200240002102400023024072
:105CC80000630258002D3101105E5F0020BCBE0049
:105CD80040787D0180B483B000AF78607B689B68B2
:105CE80003F00103012B01D1012300E00023184632
:105CF8000C37BD465DF8047B704780B483B000AFB5
:105D080078607B689B6803F00403042B01D10123AE
:105D180000E0002318460C37BD465DF8047B704749
:105D280080B483B000AF786000BF0C37BD465DF823
:105D3800047B704780B483B000AF786000BF0C3735
:105D4800BD465DF8047B704780B483B000AF7860CF
:105D580000BF0C37BD465DF8047B704780B483B044
:105D680000AF786000BF0C37BD465DF8047B704714
:105D780080B483B000AF786000BF0C37BD465DF8D3
:105D8800047B704790B59FB000AF786039600023FE
:105D980087F877307B6893F85030012B01D10223C4
:105DA800BEE07B68012283F850200023FB650023B6
:105DB8003B667B681B685C4A934202D15B4BBB60C5
:105DC80001E00023BB60BB68002B0BD17B685B6DD7
:105DD80043F020027B685A657B68002283F85020D4
:105DE80001239DE0BB681846FFF787FF38677B688B
:105DF8001B681846FFF781FF0346002B7FD13B6FD6
:105E0800002B7CD17B681B68474A934204D07B688F
:105E18001B68464A934201D1454B00E0454BFB665F
:105E28003B681B68002B39D0FB6E9B6823F440420B
:105E38003B685B681A43FB6E9A607B681B683A4A4A
:105E4800934204D07B681B68384A93420ED1364887
:105E5800FFF740FF04463548FFF73CFF034623435E
:105E6800002B0CBF01230023DBB208E03248FFF708
:105E780031FF0346002B0CBF01230023DBB2002BAC
:105E880047D0FB6E9A682D4B13403A6811683A6800
:105E980092680A431A43FB6E9A603AE0FB6E9B686D
:105EA80023F44042FB6E9A607B681B681E4A93424B
:105EB80004D07B681B681D4A93420ED11A48FFF72D
:105EC80009FF04461948FFF705FF03462343002B43
:105ED8000CBF01230023DBB208E01748FFF7FAFEE6
:105EE8000346002B0CBF01230023DBB2002B10D08C
:105EF800FB6E9A68114B1340FA6E936009E07B6859
:105F08005B6D43F020027B685A65012387F8773080
:105F180000E000BF7B68002283F8502097F87730B4
:105F280018467C37BD4690BD002002400021024043
:105F3800002302400063025800600258E0F0FFFFAF
:105F480080B58CB000AF78607B68002B02D101234C
:105F580000F048BC7B681B6803F00103002B00F0CD
:105F68008880994B1B6903F03803FB62964B9B6A48
:105F7800BB62FB6A102B07D0FB6A182B11D1BB6AD6
:105F880003F00303022B0CD18F4B1B6803F400337F
:105F9800002B6DD07B685B68002B69D1012300F072
:105FA80021BC7B685B68B3F5803F06D1864B1B68D4
:105FB800854A43F4803313602EE07B685B68002BCE
:105FC8000CD1814B1B68804A23F4803313607E4BCD
:105FD8001B687D4A23F4802313601DE07B685B689F
:105FE800B3F5A02F0CD1784B1B68774A43F4802374
:105FF8001360754B1B68744A43F4803313600BE0DD
:10600800714B1B68704A23F4803313606E4B1B6816
:106018006D4A23F4802313607B685B68002B13D0E0
:1060280006F0E4FE786208E006F0E0FE02467B6ACD
:10603800D31A642B01D90323D4E3634B1B6803F4FD
:106048000033002BF0D014E006F0D0FE786208E0B0
:1060580006F0CCFE02467B6AD31A642B01D90323CF
:10606800C0E3594B1B6803F40033002BF0D100E068
:1060780000BF7B681B6803F00203002B00F0CA8096
:10608800514B1B6903F038033B624F4B9B6AFB6122
:106098003B6A002B07D03B6A182B56D1FB6903F0EB
:1060A8000303002B51D1484B1B6803F00403002B5A
:1060B80005D07B68DB68002B01D1012392E3424BBA
:1060C8001B6823F019027B68DB683F4913430B60A8
:1060D80006F08CFE786208E006F088FE02467B6ACD
:1060E800D31A022B01D903237CE3374B1B6803F037
:1060F8000403002BF0D006F0A9FE034641F2030288
:10610800934217D87B681B69402B08D12E4B5B68DC
:1061180023F47C332C4A43F4003353607AE02A4B4F
:106128005B6823F47C327B681B691B032649134395
:106138004B606FE0244B5B6823F0FE427B681B6971
:106148001B06214913434B6064E07B68DB68002B26
:1061580047D01D4B1B6823F019027B68DB681A497E
:1061680013430B6006F042FE786208E006F03EFE3C
:1061780002467B6AD31A022B01D9032332E3124B5E
:106188001B6803F00403002BF0D006F05FFE034603
:1061980041F20302934219D87B681B69402B08D14E
:1061A800094B5B6823F47C33074A43F4003353609C
:1061B80030E0054B5B6823F47C327B681B691B036A
:1061C800014913434B6025E0004402589A4B5B6831
:1061D80023F0FE427B681B691B06974913434B60FB
:1061E80018E0954B1B68944A23F00103136006F0EE
:1061F800FDFD786208E006F0F9FD02467B6AD31AD5
:10620800022B01D90323EDE28B4B1B6803F0040337
:10621800002BF0D17B681B6803F01003002B00F003
:10622800A980854B1B6903F03803BB61824B9B6ACD
:106238007B61BB69082B07D0BB69182B3AD17B69F6
:1062480003F00303012B35D17B4B1B6803F48073E8
:10625800002B05D07B68DB69802B01D00123C1E2CC
:1062680006F0F4FD034641F20302934217D87B6817
:106278001B6A202B08D1704B5B6823F0F8436E4AE9
:1062880043F08043536075E06B4B5B6823F0F84242
:106298007B681B6A9B06684913434B606AE0664B40
:1062A800DB6823F07C527B681B6A1B066249134338
:1062B800CB605FE07B68DB69002B42D05E4B1B68DC
:1062C8005D4A43F08003136006F090FD786208E0B1
:1062D80006F08CFD02467B6AD31A022B01D90323F0
:1062E80080E2554B1B6803F48073002BF0D006F056
:1062F800ADFD034641F20302934217D87B681B6A3F
:10630800202B08D14C4B5B6823F0F8434A4A43F0F2
:10631800804353602EE0484B5B6823F0F8427B686B
:106328001B6A9B06444913434B6023E0424BDB68DE
:1063380023F07C527B681B6A1B063F491343CB60E2
:1063480018E03D4B1B683C4A23F08003136006F0BD
:106358004DFD786208E006F049FD02467B6AD31AD3
:10636800022B01D903233DE2334B1B6803F48073EE
:10637800002BF0D17B681B6803F00803002B36D094
:106388007B685B69002B19D02B4B5B6F2A4A43F063
:106398000103536706F02AFD786208E006F026FD3F
:1063A80002467B6AD31A022B01D903231AE2224B35
:1063B8005B6F03F00203002BF0D018E01E4B5B6FFD
:1063C8001D4A23F00103536706F010FD786208E0C8
:1063D80006F00CFD02467B6AD31A022B01D903236F
:1063E80000E2154B5B6F03F00203002BF0D17B68D2
:1063F8001B6803F02003002B39D07B689B69002BB6
:106408001CD00D4B1B680C4A43F48053136006F0F4
:10641800EDFC786208E006F0E9FC02467B6AD31AD4
:10642800022B01D90323DDE1034B1B6803F400535E
:10643800002BF0D01BE000BF004402589B4B1B68A8
:106448009A4A23F48053136006F0D0FC786208E07F
:1064580006F0CCFC02467B6AD31A022B01D903232F
:10646800C0E1924B1B6803F40053002BF0D17B680A
:106478001B6803F00403002B00F081808C4B1B6821
:106488008B4A43F48073136006F0B0FC786208E02E
:1064980006F0ACFC02467B6AD31A642B01D90323AD
:1064A800A0E1834B1B6803F48073002BF0D07B685A
:1064B8009B68012B06D17D4B1B6F7C4A43F001037F
:1064C80013672DE07B689B68002B0CD1774B1B6F03
:1064D800764A23F001031367744B1B6F734A23F04A
:1064E800040313671CE07B689B68052B0CD16F4B7A
:1064F8001B6F6E4A43F0040313676C4B1B6F6B4AA8
:1065080043F0010313670BE0684B1B6F674A23F0E6
:1065180001031367654B1B6F644A23F00403136779
:106528007B689B68002B15D006F060FC78620AE057
:1065380006F05CFC02467B6AD31A41F28832934229
:1065480001D903234EE1594B1B6F03F00203002BC3
:10655800EED014E006F04AFC78620AE006F046FC49
:1065680002467B6AD31A41F28832934201D9032347
:1065780038E14E4B1B6F03F00203002BEED17B6812
:106588005B6A002B00F02D81484B1B6903F0380330
:10659800182B00F0BD807B685B6A022B40F09E8060
:1065A800424B1B68414A23F08073136006F01EFCBF
:1065B800786208E006F01AFC02467B6AD31A022BBE
:1065C80001D903230EE1394B1B6803F00073002B3C
:1065D800F0D1364B9A6A374B13407A68916A7A68D9
:1065E800D26A12010A43314913438B627B681B6BE1
:1065F800013BC3F308027B685B6B013B5B029BB208
:106608001A437B689B6B013B1B0403F4FE031A438C
:106618007B68DB6B013B1B0603F0FE4323491343F6
:106628000B63224BDB6A214A23F00103D3621F4B21
:106638005A6B214B13407A68926CD2001B49134362
:106648004B631A4BDB6A23F00C027B681B6C1749FF
:106658001343CB62154BDB6A23F002027B685B6C49
:1066680012491343CB62114BDB6A104A43F480335F
:10667800D3620E4BDB6A0D4A43F40033D3620B4BF3
:10668800DB6A0A4A43F48023D362084BDB6A074A71
:1066980043F00103D362054B1B68044A43F080733F
:1066A800136006F0A3FB786211E000BF00440258B3
:1066B800004802580CFCFFFF0700FFFF06F096FB9E
:1066C80002467B6AD31A022B01D903238AE0474B7F
:1066D8001B6803F00073002BF0D082E0434B1B686B
:1066E800424A23F08073136006F080FB786208E06A
:1066F80006F07CFB02467B6AD31A022B01D90323DE
:1067080070E03A4B1B6803F00073002BF0D168E08F
:10671800364B9B6A3B61354B1B6BFB607B685B6A46
:10672800012B31D03B6903F003027B689B6A9A42D4
:106738002AD13B691B0903F03F027B68DB6A9A4256
:1067480022D1FB68C3F308027B681B6B013B9A42AA
:106758001AD1FB685B0A03F07F027B685B6B013B25
:106768009A4211D1FB681B0C03F07F027B689B6B7C
:10677800013B9A4208D1FB681B0E03F07F027B683D
:10678800DB6B013B9A4201D001232BE0174B5B6B7B
:10679800DB08C3F30C033B617B689B6C3A699A4244
:1067A8001FD0124BDB6A114A23F00103D36206F0B3
:1067B8001DFB786200BF06F019FB02467B6A934214
:1067C800F9D00A4B5A6B0A4B13407A68926CD20084
:1067D800064913434B63054BDB6A044A43F0010344
:1067E800D362002318463037BD4680BD00440258A6
:1067F8000700FFFF80B586B000AF786039607B681E
:10680800002B01D101239CE18A4B1B6803F00F0385
:106818003A689A4210D9874B1B6823F00F028549C2
:106828003B6813430B60834B1B6803F00F033A6804
:106838009A4201D0012384E17B681B6803F00403BA
:10684800002B10D07B681A697B4B9B6903F070039F
:106858009A4208D9784B9B6923F070027B681B69C0
:10686800754913438B617B681B6803F00803002B91
:1068780010D07B685A69704BDB6903F070039A4249
:1068880008D96D4BDB6923F070027B685B696A4944
:106898001343CB617B681B6803F01003002B10D0F7
:1068A8007B689A69644BDB6903F4E0639A4208D910
:1068B800614BDB6923F4E0627B689B695E491343A3
:1068C800CB617B681B6803F02003002B10D07B682A
:1068D800DA69594B1B6A03F070039A4208D9564B80
:1068E8001B6A23F070027B68DB69534913430B6210
:1068F8007B681B6803F00203002B10D07B68DA6802
:106908004D4B9B6903F00F039A4208D94A4B9B6988
:1069180023F00F027B68DB68474913438B617B6870
:106928001B6803F00103002B55D0434B9B6923F4EC
:1069380070627B689B68404913438B617B685B6826
:10694800022B07D13C4B1B6803F40033002B21D1E9
:106958000123F6E07B685B68032B07D1364B1B6885
:1069680003F00073002B15D10123EAE07B685B6814
:10697800012B07D1304B1B6803F48073002B09D11E
:106988000123DEE02C4B1B6803F00403002B01D12C
:106998000123D6E0284B1B6923F007027B685B685C
:1069A800254913430B6106F021FA78610AE006F0E5
:1069B8001DFA02467B69D31A41F28832934201D903
:1069C8000323BEE01C4B1B6903F038027B685B683D
:1069D800DB009A42EBD17B681B6803F00203002BB3
:1069E80010D07B68DA68144B9B6903F00F039A4256
:1069F80008D2114B9B6923F00F027B68DB680E49B4
:106A080013438B610B4B1B6803F00F033A689A42E0
:106A180014D2084B1B6823F00F0206493B68134346
:106A28000B60044B1B6803F00F033A689A4205D0C9
:106A3800012386E000200052004402587B681B684E
:106A480003F00403002B10D07B681A693F4B9B6945
:106A580003F070039A4208D23C4B9B6923F0700202
:106A68007B681B69394913438B617B681B6803F09A
:106A78000803002B10D07B685A69344BDB6903F09C
:106A880070039A4208D2314BDB6923F070027B68AD
:106A98005B692E491343CB617B681B6803F01003C5
:106AA800002B10D07B689A69284BDB6903F4E063FC
:106AB8009A4208D2254BDB6923F4E0627B689B6924
:106AC80022491343CB617B681B6803F02003002B2A
:106AD80010D07B68DA691D4B1B6A03F070039A4279
:106AE80008D21A4B1B6A23F070027B68DB691749CE
:106AF80013430B6200F034F80246144B9B691B0ADF
:106B080003F00F031249CB5C03F01F0322FA03F3CF
:106B18003B610E4B9B6903F00F030D4AD35C03F0F6
:106B28001F033A6922FA03F30A4A13600A4A3B69C7
:106B380013600A4B1B68184606F00EF90346FB73F0
:106B4800FB7B18461837BD4680BD00BF004402587D
:106B5800B8140108140700201007002018070020A7
:106B680080B489B000AFB34B1B6903F03803182B0E
:106B780000F2558101A252F823F000BFE96B00082A
:106B8800276E0008276E0008276E0008276E000889
:106B9800276E0008276E0008276E00080F6C000893
:106BA800276E0008276E0008276E0008276E000869
:106BB800276E0008276E0008276E0008156C00086D
:106BC800276E0008276E0008276E0008276E000849
:106BD800276E0008276E0008276E00081B6C000847
:106BE800944B1B6803F02003002B09D0914B1B68C2
:106BF800DB0803F00303904A22FA03F3BB6111E1B7
:106C08008D4BBB610EE18D4BBB610BE18C4BBB61C6
:106C180008E1884B9B6A03F003037B61854B9B6A01
:106C28001B0903F03F033B61824BDB6A03F001035E
:106C3800FB60804B5B6BDB08C3F30C03FA6802FB59
:106C480003F307EE903AF8EE677AC7ED027A3B69EC
:106C5800002B00F0E1807B69022B00F083807B69C8
:106C6800022B00F2A1807B69002B03D07B69012BEA
:106C780056D099E06F4B1B6803F02003002B2DD0F2
:106C88006C4B1B68DB0803F003036B4A22FA03F31F
:106C98007B607B6807EE903AF8EE676A3B6907EE1F
:106CA800903AF8EE677A86EEA77A624B1B6BC3F3CD
:106CB800080307EE903AF8EE676A97ED026ADFED8F
:106CC800615AC6EE257A76EEA77AF7EE006A77EE75
:106CD800A67A67EE277AC7ED077A87E03B6907EE61
:106CE800903AF8EE677ADFED586A86EEA77A514B4C
:106CF8001B6BC3F3080307EE903AF8EE676A97ED4B
:106D0800026ADFED505AC6EE257A76EEA77AF7EEDC
:106D1800006A77EEA67A67EE277AC7ED077A65E00C
:106D28003B6907EE903AF8EE677ADFED486A86EE3F
:106D3800A77A404B1B6BC3F3080307EE903AF8EEB3
:106D4800676A97ED026ADFED3F5AC6EE257A76EE5E
:106D5800A77AF7EE006A77EEA67A67EE277AC7ED8C
:106D6800077A43E03B6907EE903AF8EE677ADFED81
:106D7800386A86EEA77A2F4B1B6BC3F3080307EE1E
:106D8800903AF8EE676A97ED026ADFED2E5AC6EE82
:106D9800257A76EEA77AF7EE006A77EEA67A67EE9E
:106DA800277AC7ED077A21E03B6907EE903AF8EEBB
:106DB800677ADFED266A86EEA77A1E4B1B6BC3F354
:106DC800080307EE903AF8EE676A97ED026ADFED7E
:106DD8001D5AC6EE257A76EEA77AF7EE006A77EEA8
:106DE800A67A67EE277AC7ED077A00BF114B1B6BAF
:106DF8005B0A03F07F0301333B603B6807EE903A80
:106E0800B8EE677AD7ED076AC6EE877AFCEEE77ABE
:106E180017EE903ABB6105E00023BB6102E0074B27
:106E2800BB6100BFBB6918462437BD465DF8047BCB
:106E3800704700BF004402580090D00300093D008D
:106E480040787D01000000460024744C0024744AF8
:106E580020BCBE4B80B582B000AFFFF781FE024672
:106E6800104B9B691B0A03F00F030F49CB5C03F01F
:106E78001F0322FA03F37B600A4B9B6903F00F039D
:106E8800094AD35C03F01F037A6822FA03F3074A1E
:106E98001360074A7B681360044B1B681846083761
:106EA800BD4680BD00440258B814010814070020EC
:106EB8001007002080B500AFFFF7CCFF0246064B55
:106EC800DB691B0903F007030449CB5C03F01F03CC
:106ED80022FA03F3184680BD00440258B81401088A
:106EE80080B500AFFFF7B6FF0246064BDB691B0A09
:106EF80003F007030449CB5C03F01F0322FA03F3F2
:106F0800184680BD00440258B81401082DE9B04F56
:106F1800CAB000AFC7F81401002387F8273100234F
:106F280087F82631D7F81431D3E9002302F000643A
:106F3800002554EA050349D0D7F814319B6EB3F500
:106F4800401F2FD0B3F5401F28D8B3F5001F1AD023
:106F5800B3F5001F22D8002B03D0B3F5801F07D04C
:106F68001CE0B84BDB6AB74A43F40033D3621AE03B
:106F7800D7F8143108330221184602F061FB0346A2
:106F880087F827310FE0D7F8143128330221184643
:106F980002F008FC034687F8273104E0012387F84C
:106FA800273100E000BF97F82731002B0AD1A54B05
:106FB8001B6D23F44011D7F814319B6EA14A0B4383
:106FC800136503E097F8273187F82631D7F814318D
:106FD800D3E9002302F480784FF0000958EA090346
:106FE80047D0D7F814319B6D042B2AD801A252F848
:106FF80023F000BF117000081F70000835700008EA
:1070080053700008537000088E4BDB6A8D4A43F4B6
:107018000033D3621AE0D7F8143108330021184638
:1070280002F00EFB034687F827310FE0D7F814313A
:1070380028330021184602F0B5FB034687F82731AC
:1070480004E0012387F8273100E000BF97F82731D3
:10705800002B0AD17B4B1B6D23F00701D7F81431A5
:107068009B6D784A0B43136503E097F8273187F83F
:107078002631D7F81431D3E9002302F4007A4FF00F
:10708800000B5AEA0B034CD0D7F81431DB6DB3F57B
:10709800807F30D0B3F5807F29D8C02B2DD0C02B6E
:1070A80025D8802B18D0802B21D8002B02D0402B3C
:1070B80007D01CE0634BDB6A624A43F40033D362B7
:1070C8001CE0D7F8143108330021184602F0B8FA4A
:1070D800034687F8273111E0D7F814312833002107
:1070E800184602F05FFB034687F8273106E00123C4
:1070F80087F8273102E000BF00E000BF97F827318A
:10710800002B0AD14F4B1B6D23F4E071D7F81431D3
:10711800DB6D4C4A0B43136503E097F8273187F87A
:107128002631D7F81431D3E9002302F48063C7F875
:1071380008310023C7F80C31D7E942120B46134334
:1071480053D0D7F81431D3F8A830B3F5000F35D0A1
:10715800B3F5000F2ED8B3F5C00F31D0B3F5C00F7B
:1071680028D8B3F5800F1AD0B3F5800F22D8002B9A
:1071780003D0B3F5001F07D01CE0324BDB6A314A5D
:1071880043F40033D3621CE0D7F8143108330021EC
:10719800184602F055FA034687F8273111E0D7F868
:1071A800143128330021184602F0FCFA034687F808
:1071B800273106E0012387F8273102E000BF00E00D
:1071C80000BF97F82731002B0BD11E4B9B6D23F482
:1071D8006001D7F81431D3F8A8301A4A0B439365E5
:1071E80003E097F8273187F82631D7F81431D3E927
:1071F800002302F40063C7F800310023C7F8043104
:10720800D7E940120B46134356D0D7F81431D3F8B8
:10721800AC30B3F1806F38D0B3F1806F31D8B3F1AF
:10722800407F34D0B3F1407F2BD8B3F1007F1DD01D
:10723800B3F1007F25D8002B06D0B3F1807F0AD0A8
:107248001FE000BF00440258A24BDB6AA14A43F486
:107258000033D3621CE0D7F81431083300211846F4
:1072680002F0EEF9034687F8273111E0D7F8143118
:1072780028330021184602F095FA034687F827318B
:1072880006E0012387F8273102E000BF00E000BFD5
:1072980097F82731002B0BD18E4B9B6D23F0E061C3
:1072A800D7F81431D3F8AC308A4A0B43936503E01E
:1072B80097F8273187F82631D7F81431D3E9002316
:1072C80002F00073C7F8F8300023C7F8FC30D7E99C
:1072D8003E120B4613433AD0D7F81431DB6C302BEF
:1072E8001FD0302B19D8202B0CD0202B15D8002BD1
:1072F80019D0102B11D1774BDB6A764A43F400334F
:10730800D36211E0D7F8143108330221184602F08D
:1073180097F9034687F8273106E0012387F82731D4
:1073280002E000BF00E000BF97F82731002B0AD128
:10733800684BDB6C23F03001D7F81431DB6C654AFD
:107348000B43D36403E097F8273187F82631D7F841
:107358001431D3E9002302F48053C7F8F030002336
:10736800C7F8F430D7E93C120B46134351D0D7F88D
:1073780014311B6EB3F5804F35D0B3F5804F2ED83E
:10738800B3F5405F31D0B3F5405F28D8B3F5005F5F
:107398001AD0B3F5005F22D8002B03D0B3F5805F75
:1073A80007D01CE04B4BDB6A4A4A43F40033D362F4
:1073B8001CE0D7F8143108330021184602F040F9D0
:1073C800034687F8273111E0D7F814312833002114
:1073D800184602F0E7F9034687F8273106E001234B
:1073E80087F8273102E000BF00E000BF97F8273197
:1073F800002B0AD1374B1B6D23F4E041D7F8143129
:107408001B6E344A0B43136503E097F8273187F85E
:107418002631D7F81431D3E9002302F40053C7F812
:10742800E8300023C7F8EC30D7E93A120B4613438B
:1074380056D0D7F814315B6EB3F5A02F33D0B3F51F
:10744800A02F2CD8B3F5802F2FD0B3F5802F26D8B6
:10745800B3F5403F2BD0B3F5403F20D8B3F5003FFC
:1074680012D0B3F5003F1AD8002B22D0B3F5803FD5
:1074780015D1D7F8143108330121184602F0E0F885
:10748800034687F8273115E0D7F81431283301214E
:10749800184602F087F9034687F827310AE00123E6
:1074A80087F8273106E000BF04E000BF02E000BF14
:1074B80000E000BF97F82731002B0DD1054B1B6D5D
:1074C80023F4E021D7F814315B6E024A0B431365AD
:1074D80006E000BF0044025897F8273187F82631A4
:1074E800D7F81431D3E9002302F48043C7F8E03019
:1074F8000023C7F8E430D7E938120B46134355D0B8
:10750800D7F81431D3F8B030B3F1A04F33D0B3F17A
:10751800A04F2CD8B3F1804F2FD0B3F1804F26D88D
:10752800B3F1405F2BD0B3F1405F20D8B3F1005FD7
:1075380012D0B3F1005F1AD8002B22D0B3F1805FCC
:1075480015D1D7F8143108330121184602F078F81C
:10755800034687F8273115E0D7F81431283301217D
:10756800184602F01FF9034687F827310AE001237D
:1075780087F8273106E000BF04E000BF02E000BF43
:1075880000E000BF97F82731002B0BD1A34B9B6D70
:1075980023F0E041D7F81431D3F8B0309F4A0B43B9
:1075A800936503E097F8273187F82631D7F8143127
:1075B800D3E9002302F40043C7F8D8300023C7F802
:1075C800DC30D7E936120B46134337D0D7F81431DD
:1075D8001B6FB3F1005F0ED0B3F1005F16D8002B1C
:1075E80018D0B3F1805F11D18C4BDB6A8B4A43F41E
:1075F8000033D3620FE0D7F814310833012118465D
:1076080002F01EF8034687F8273104E0012387F8C3
:10761800273100E000BF97F82731002B0AD17F4BB4
:107628001B6D23F04051D7F814311B6F7B4A0B4375
:10763800136503E097F8273187F82631D7F8143116
:10764800D3E9002302F08073C7F8D0300023C7F8CD
:10765800D430D7E934120B46134339D0D7F8143154
:107668009B6C032B1CD801A252F823F0B1760008BA
:107678008576000893760008B1760008674BDB6AC8
:10768800664A43F40033D3620FE0D7F81431083365
:107698000221184601F0D4FF034687F8273104E099
:1076A800012387F8273100E000BF97F82731002B26
:1076B8000AD15A4BDB6C23F00301D7F814319B6CC9
:1076C800564A0B43D36403E097F8273187F82631ED
:1076D800D7F81431D3E9002302F48003C7F8C8307F
:1076E8000023C7F8CC30D7E932120B46134300F019
:1076F8009F804B4B1B684A4A43F48073136005F024
:1077080075FBC7F820010BE005F070FB0246D7F8BF
:107718002031D31A642B03D9032387F8273105E0D6
:107728003F4B1B6803F48073002BEDD097F827318B
:10773800002B79D1394B1A6FD7F81431D3F8B430FC
:10774800534003F44073002B15D0344B1B6F23F4C4
:107758004073C7F81C31314B1B6F304A43F48033F8
:1077680013672E4B1B6F2D4A23F4803313672B4A64
:10777800D7F81C311367D7F81431D3F8B430B3F500
:10778800807F18D105F032FBC7F820010DE005F025
:107798002DFB0246D7F82031D21A41F288339A429B
:1077A80003D9032387F8273105E01C4B1B6F03F02F
:1077B8000203002BEBD097F82731002B29D1D7F8FB
:1077C8001431D3F8B43003F44073B3F5407F0ED1CD
:1077D800124B1B6923F47C51D7F81431D3F8B43019
:1077E8001A09104B13400D4A0B43136105E00B4B6C
:1077F8001B690A4A23F47C531361084B196FD7F8A5
:107808001431D3F8B430C3F30B03044A0B431367A2
:107818000EE097F8273187F8263109E0004402582E
:1078280000480258CFFFFF0097F8273187F8263124
:10783800D7F81431D3E9002302F00103C7F8C030A8
:107848000023C7F8C430D7E930120B46134300F0C1
:107858008980D7F81431DB6F282B6BD801A252F836
:1078680023F000BF457900083D7900083D790008FC
:107878003D7900083D7900083D7900083D79000808
:107888003D790008117900083D7900083D79000824
:107898003D7900083D7900083D7900083D790008E8
:1078A8003D790008277900083D7900083D790008EE
:1078B8003D7900083D7900083D7900083D790008C8
:1078C8003D790008457900083D7900083D790008B0
:1078D8003D7900083D7900083D7900083D790008A8
:1078E8003D790008457900083D7900083D79000890
:1078F8003D7900083D7900083D7900083D79000888
:107908003D79000845790008D7F81431083301217A
:10791800184601F095FE034687F827310FE0D7F89F
:10792800143128330121184601F03CFF034687F83B
:10793800273104E0012387F8273100E000BF97F8DA
:107948002731002B0AD1BF4B5B6D23F03801D7F8E4
:107958001431DB6FBB4A0B43536503E097F82731BB
:1079680087F82631D7F81431D3E9002302F002034F
:10797800C7F8B8300023C7F8BC30D7E92E120B4639
:10798800134341D0D7F814319B6F052B24D801A29B
:1079980052F823F0E9790008B5790008CB79000896
:1079A800E9790008E9790008E9790008D7F814317D
:1079B80008330121184601F043FE034687F82731B2
:1079C8000FE0D7F8143128330121184601F0EAFEF8
:1079D800034687F8273104E0012387F8273100E0C0
:1079E80000BF97F82731002B0AD1964B5B6D23F027
:1079F8000701D7F814319B6F924A0B43536503E094
:107A080097F8273187F82631D7F81431D3E90023BE
:107A180002F00403C7F8B0300023C7F8B430D7E940
:107A28002C120B46134344D0D7F81431D3F89430B2
:107A3800052B25D801A252F823F000BF917A00083F
:107A48005D7A0008737A0008917A0008917A000834
:107A5800917A0008D7F8143108330121184601F04B
:107A6800EFFD034687F827310FE0D7F814312833A4
:107A78000121184601F096FE034687F8273104E0F5
:107A8800012387F8273100E000BF97F82731002B42
:107A98000BD16C4B9B6D23F00701D7F81431D3F849
:107AA8009430684A0B43936503E097F8273187F8C9
:107AB8002631D7F81431D3E9002302F02003C7F8A0
:107AC800A8300023C7F8AC30D7E92A120B46134375
:107AD80055D0D7F81431D3F89030B3F1A04F33D044
:107AE800B3F1A04F2CD8B3F1804F2FD0B3F1804F12
:107AF80026D8B3F1405F2BD0B3F1405F20D8B3F163
:107B0800005F12D0B3F1005F1AD8002B22D0B3F176
:107B1800805F15D1D7F8143108330021184601F0D9
:107B28008FFD034687F8273115E0D7F8143128333D
:107B38000221184601F036FE034687F827310AE08D
:107B4800012387F8273106E000BF04E000BF02E008
:107B580000BF00E000BF97F82731002B0BD1394B4D
:107B68005B6D23F0E041D7F81431D3F89030354AF3
:107B78000B43536503E097F8273187F82631D7F888
:107B88001431D3E9002302F04003C7F8A0300023E2
:107B9800C7F8A430D7E928120B46134358D0D7F8B2
:107BA8001431D3F89C30B3F5A05F33D0B3F5A05FA0
:107BB8002CD8B3F5805F2FD0B3F5805F26D8B3F506
:107BC800406F2BD0B3F5406F20D8B3F5006F12D0BB
:107BD800B3F5006F1AD8002B22D0B3F5806F15D1FA
:107BE800D7F8143108330021184601F029FD03465F
:107BF80087F8273115E0D7F81431283302211846C1
:107C080001F0D0FD034687F827310AE0012387F801
:107C1800273106E000BF04E000BF02E000BF00E03B
:107C280000BF97F82731002B0ED1064B9B6D23F42C
:107C3800E051D7F81431D3F89C30024A0B439365CE
:107C480006E000BF0044025897F8273187F826312C
:107C5800D7F81431D3E9002302F08003C7F898302D
:107C68000023C7F89C30D7E926120B46134355D09A
:107C7800D7F81431D3F8A030B3F5204F33D0B3F58B
:107C8800204F2CD8B3F5004F2FD0B3F5004F26D88E
:107C9800B3F5C04F2BD0B3F5C04F20D8B3F5804F04
:107CA80012D0B3F5804F1AD8002B22D0B3F5005F5D
:107CB80015D1D7F8143108330021184601F0C0FC5B
:107CC800034687F8273115E0D7F814312833022105
:107CD800184601F067FD034687F827310AE00123BB
:107CE80087F8273106E000BF04E000BF02E000BFCC
:107CF80000E000BF97F82731002B0BD1A14B9B6DFB
:107D080023F46041D7F81431D3F8A0309D4A0B43CF
:107D1800936503E097F8273187F82631D7F81431AF
:107D2800D3E9002302F00803C7F890300023C7F80E
:107D38009430D7E924120B4613431ED0D7F81431D8
:107D4800D3F88430B3F5805F0CD1D7F814312833D9
:107D58000221184601F026FD0346002B02D001231C
:107D680087F82631874B5B6D23F44051D7F81431DF
:107D7800D3F88430834A0B435365D7F81431D3E9D9
:107D8800002302F01003C7F888300023C7F88C30AE
:107D9800D7E922120B4613431ED0D7F81431D3F873
:107DA8009830B3F5807F0CD1D7F8143128330221ED
:107DB800184601F0F7FC0346002B02D0012387F890
:107DC8002631704B9B6D23F44071D7F81431D3F8EA
:107DD80098306C4A0B439365D7F81431D3E90023E4
:107DE80002F40023C7F880300023C7F88430D7E9AD
:107DF80020120B4613433ED0D7F81431D3F8A430E1
:107E0800B3F5003F22D0B3F5003F1BD8002B03D0B9
:107E1800B3F5803F0BD015E0D7F8143108330021B3
:107E2800184601F00DFC034687F827310FE0D7F814
:107E3800143128330221184601F0B4FC034687F8B0
:107E4800273104E0012387F8273100E000BF97F8C5
:107E58002731002B0BD14B4B9B6D23F44031D7F8C6
:107E68001431D3F8A430474A0B43936503E097F8DD
:107E7800273187F82631D7F81431D3E9002302F4E3
:107E88008023BB670023FB67D7E91E120B46134309
:107E98003BD0D7F81431D3F88830B3F5401F1FD042
:107EA800B3F5401F18D8B3F5801F03D0B3F5001FF2
:107EB80007D011E0334BDB6A324A43F40033D36214
:107EC8000FE0D7F8143128330121184601F06AFC75
:107ED800034687F8273104E0012387F8273100E0BB
:107EE80000BF97F82731002B0BD1264B5B6D23F48D
:107EF8004011D7F81431D3F88830224A0B43536520
:107F080003E097F8273187F82631D7F81431D3E9F9
:107F1800002302F480333B6700237B67D7E91C12F8
:107F28000B46134334D0D7F814311B6D002B03D004
:107F3800B3F5803F07D011E0124BDB6A114A43F4D6
:107F48000033D3620EE0D7F8143108330221184603
:107F580001F076FB034687F8273103E0012387F811
:107F6800273100BF97F82731002B0DD1054BDB6C6B
:107F780023F48031D7F814311B6D024A0B43D364C4
:107F880006E000BF0044025897F8273187F82631E9
:107F9800D7F81431D3E9002302F00053BB6600235D
:107FA800FB66D7E91A120B4613430CD0D7F81431E5
:107FB80028330221184601F0F5FB0346002B02D0B6
:107FC800012387F82631D7F81431D3E9002302F4C6
:107FD80000333B6600237B66D7E918120B46134330
:107FE80038D0D7F81431D3F88030B3F5407F18D0A3
:107FF800B3F5407F11D8B3F5007F14D0B3F5007FF7
:108008000BD8002B11D0B3F5807F06D1C34BDB6AA8
:10801800C24A43F40033D36208E0012387F82731CA
:1080280004E000BF02E000BF00E000BF97F827317E
:10803800002B0BD1B94B5B6D23F44071D7F8143189
:10804800D3F88030B54A0B43536503E097F82731DE
:1080580087F82631D7F81431D3E9002302F48013C6
:10806800BB650023FB65D7E916120B46134309D0FD
:10807800AA4B1B6D23F00041D7F814315B6FA74A58
:108088000B431365D7F81431D3E9002302F080536A
:108098003B6500237B65D7E914120B4613430AD0CE
:1080A8009E4B1B6923F48041D7F81431D3F8B830BC
:1080B8009A4A0B431361D7F81431D3E9002302F429
:1080C8000013BB640023FB64D7E912120B46134369
:1080D80009D0924B1B6D23F08071D7F81431DB6EF9
:1080E8008E4A0B431365D7F81431D3E9002302F005
:1080F80080433B6400237B64D7E910120B4613438B
:108108000ED0864B1B69854A23F400431361834BC9
:108118001969D7F81431D3F8BC30804A0B4313617E
:10812800D7F81431D3E9002302F00043BB630023DE
:10813800FB63D7E90E120B46134309D0774BDB6C70
:1081480023F04051D7F814315B6D744A0B43D36464
:10815800D7F81431D3E9002302F400033B6300236A
:108168007B63D7E90C120B4613430AD06B4B5B6D4C
:1081780023F44001D7F81431D3F88C30674A0B4305
:108188005365D7F81431D3E900230021B96203F00D
:108198000103FB62D7E90A120B46134311D0D7F843
:1081A800143108330021184601F04AFA034687F8CB
:1081B800273197F82731002B03D097F8273187F814
:1081C8002631D7F81431D3E900230021396203F0AE
:1081D80002037B62D7E908120B46134311D0D7F884
:1081E800143108330121184601F02AFA034687F8AA
:1081F800273197F82731002B03D097F8273187F8D4
:108208002631D7F81431D3E900230021B96103F0EE
:108218000403FB61D7E906120B46134311D0D7F8C4
:10822800143108330221184601F00AFA034687F888
:10823800273197F82731002B03D097F8273187F893
:108248002631D7F81431D3E900230021396103F02E
:1082580008037B61D7E904120B46134311D0D7F802
:10826800143128330021184601F09CFA034687F898
:10827800273197F82731002B03D097F8273187F853
:108288002631D7F81431D3E900230021B96003F06F
:108298001003FB60D7E902120B46134311D0D7F83D
:1082A800143128330121184601F07CFA034687F877
:1082B800273197F82731002B03D097F8273187F813
:1082C8002631D7F81431D3E900230021396003F0AF
:1082D80020037B60D7E900120B46134311D0D7F86F
:1082E800143128330221184601F05CFA034687F856
:1082F800273197F82731002B03D097F8273187F8D3
:10830800263197F82631002B01D1002300E0012304
:10831800184607F59477BD46BDE8B08F004402586B
:1083280080B590B000AFC7E90001D7E90023A2F5F6
:1083380080710B4340F094809E4B1B6D03F0070344
:108348003B633B6B042B00F2878001A252F823F0B9
:108358006D83000895830008BD83000859840008D0
:10836800E5830008934B1B6803F00073B3F1007FAB
:1083780008D107F12403184601F010F8BB6AFB6323
:1083880000F045BD0023FB6300F041BD894B1B682D
:1083980003F00063B3F1006F08D107F11803184622
:1083A80000F054FDBB69FB6300F031BD0023FB63A3
:1083B80000F02DBD7F4B1B6803F00053B3F1005F45
:1083C80008D107F10C03184600F094FEFB68FB6324
:1083D80000F01DBD0023FB6300F019BD754BDB6C7D
:1083E80003F040537B63734B1B6803F00403042BB7
:1083F8000CD17B6B002B09D16E4B1B68DB0803F09B
:1084080003036D4A22FA03F3FB631FE0694B1B6801
:1084180003F48073B3F5807F06D17B6BB3F1805F83
:1084280002D1664BFB6311E0624B1B6803F4003317
:10843800B3F5003F06D17B6BB3F1005F02D1604B0F
:10844800FB6303E00023FB6300F0E1BC00F0DFBC4A
:108458005C4BFB6300F0DBBC0023FB6300F0D7BC84
:10846800D7E90023A2F500710B4340F0AD80514BD2
:108478001B6D03F4E0733B633B6BB3F5807F56D011
:108488003B6BB3F5807F00F290803B6BC02B00F014
:1084980088803B6BC02B00F288803B6B802B32D0EE
:1084A8003B6B802B00F281803B6B002B03D03B6B36
:1084B800402B14D079E03F4B1B6803F00073B3F1F5
:1084C800007F08D107F12403184600F067FFBB6A54
:1084D800FB6300F09CBC0023FB6300F098BC354BA9
:1084E8001B6803F00063B3F1006F08D107F11803AC
:1084F800184600F0ABFCBB69FB6300F088BC0023A6
:10850800FB6300F084BC2B4B1B6803F00053B3F1F2
:10851800005F08D107F10C03184600F0EBFDFB687B
:10852800FB6300F074BC0023FB6300F070BC214BBC
:10853800DB6C03F040537B631E4B1B6803F00403A2
:10854800042B0CD17B6B002B09D11A4B1B68DB0861
:1085580003F00303184A22FA03F3FB631FE0154BE9
:108568001B6803F48073B3F5807F06D17B6BB3F18E
:10857800805F02D1114BFB6311E00E4B1B6803F4C3
:108588000033B3F5003F06D17B6BB3F1005F02D136
:108598000B4BFB6303E00023FB6300F038BC00F0E7
:1085A80036BC084BFB6300F032BC0023FB6300F0D1
:1085B8002EBC00BF004402580090D00300093D00C3
:1085C80040787D010080BB00D7E90023A2F58061D7
:1085D8000B4340F09C809E4B9B6D03F460033B6310
:1085E8003B6BB3F5000F54D03B6BB3F5000F00F2B3
:1085F8008B803B6BB3F5C00F00F083803B6BB3F50A
:10860800C00F00F281803B6BB3F5800F2FD03B6B1E
:10861800B3F5800F78D83B6B002B04D03B6BB3F5D8
:10862800001F12D070E08A4B1B6803F00073B3F18F
:10863800007F07D107F12403184600F0AFFEBB6A9C
:10864800FB63E4E30023FB63E1E3814B1B6803F076
:108658000063B3F1006F07D107F11803184600F063
:10866800F5FBBB69FB63D2E30023FB63CFE3784BE5
:108678001B6803F00053B3F1005F07D107F10C0347
:10868800184600F037FDFB68FB63C0E30023FB637B
:10869800BDE36F4BDB6C03F040537B636C4B1B6893
:1086A80003F00403042B0CD17B6B002B09D1684B1E
:1086B8001B68DB0803F00303664A22FA03F3FB6333
:1086C8001EE0634B1B6803F48073B3F5807F06D10B
:1086D8007B6BB3F1805F02D15F4BFB6310E05C4BB7
:1086E8001B6803F40033B3F5003F06D17B6BB3F18D
:1086F800005F02D1594BFB6302E00023FB6386E372
:1087080085E3574BFB6382E30023FB637FE3D7E9F1
:108718000023A2F500610B4340F0A7804C4B9B6DF2
:1087280003F0E0633B633B6BB3F1806F55D03B6B69
:10873800B3F1806F00F296803B6BB3F1407F00F09D
:1087480084803B6BB3F1407F00F28C803B6BB3F1CC
:10875800007F30D03B6BB3F1007F00F283803B6B2E
:10876800002B04D03B6BB3F1807F12D07AE0384BFA
:108778001B6803F00073B3F1007F07D107F12403EE
:10878800184600F00BFEBB6AFB6340E30023FB6363
:108798003DE32F4B1B6803F00063B3F1006F07D173
:1087A80007F11803184600F051FBBB69FB632EE381
:1087B8000023FB632BE3264B1B6803F00053B3F144
:1087C800005F07D107F10C03184600F093FCFB6823
:1087D800FB631CE30023FB6319E31D4BDB6C03F015
:1087E80040537B631A4B1B6803F00403042B0CD122
:1087F8007B6B002B09D1164B1B68DB0803F00303C6
:10880800144A22FA03F3FB631EE0114B1B6803F4BE
:108818008073B3F5807F06D17B6BB3F1805F02D1A3
:108828000D4BFB6310E00A4B1B6803F40033B3F5F0
:10883800003F06D17B6BB3F1005F02D1074BFB63AE
:1088480002E00023FB63E2E2E1E2054BFB63DEE2C8
:10885800004402580090D00300093D0040787D0193
:108868000080BB000023FB63D1E2D7E90023A2F517
:1088780080510B4340F09C80934B1B6D03F4E04305
:10888800BB63BB6BB3F5804F54D0BB6BB3F5804F64
:1088980000F28B80BB6BB3F5405F00F08380BB6B4D
:1088A800B3F5405F00F28180BB6BB3F5005F2FD05A
:1088B800BB6BB3F5005F78D8BB6B002B04D0BB6BE8
:1088C800B3F5805F12D070E07F4B1B6803F0007334
:1088D800B3F1007F07D107F12403184600F05EFDCD
:1088E800BB6AFB6393E20023FB6390E2764B1B6851
:1088F80003F00063B3F1006F07D107F118031846BE
:1089080000F0A4FABB69FB6381E20023FB637EE20B
:108918006D4B1B6803F00053B3F1005F07D107F1FB
:108928000C03184600F0E6FBFB68FB636FE20023CC
:10893800FB636CE2644BDB6C03F040537B63624B7C
:108948001B6803F00403042B0CD17B6B002B09D1AB
:108958005D4B1B68DB0803F003035C4A22FA03F350
:10896800FB631EE0584B1B6803F48073B3F5807FEC
:1089780006D17B6BB3F1805F02D1554BFB6310E0EE
:10898800514B1B6803F40033B3F5003F06D17B6BF2
:10899800B3F1005F02D14F4BFB6302E00023FB639E
:1089A80035E234E24C4BFB6331E20023FB632EE2F9
:1089B800D7E90023A2F500510B4340F08F80424BCA
:1089C8001B6D03F4E023BB63BB6BB3F5A02F6BD027
:1089D800BB6BB3F5A02F74D8BB6BB3F5802F56D003
:1089E800BB6BB3F5802F6CD8BB6BB3F5403F3BD066
:1089F800BB6BB3F5403F64D8BB6BB3F5003F21D0E8
:108A0800BB6BB3F5003F5CD8BB6B002B04D0BB6BD2
:108A1800B3F5803F04D054E0FEF74CFAF863F6E172
:108A2800294B1B6803F00063B3F1006F07D107F10E
:108A38001803184600F00AFAFB69FB63E7E1002314
:108A4800FB63E4E1204B1B6803F00053B3F1005FC4
:108A580007D107F10C03184600F04CFB3B69FB6398
:108A6800D5E10023FB63D2E1174B1B6803F0040335
:108A7800042B09D1144B1B68DB0803F00303134ACA
:108A880022FA03F3FB63C2E10023FB63BFE10E4B51
:108A98001B6803F48073B3F5807F02D10C4BFB6332
:108AA800B5E10023FB63B2E1074B1B6803F4003315
:108AB800B3F5003F02D1074BFB63A8E10023FB633A
:108AC800A5E10023FB63A2E1004402580090D00313
:108AD80000093D0040787D010080BB00D7E90023F4
:108AE800A2F500210B4373D19C4B9B6D03F44033DB
:108AF800BB63BB6BB3F5003F2FD0BB6BB3F5003F37
:108B080063D8BB6B002B04D0BB6BB3F5803F12D08E
:108B18005BE0924B1B6803F00063B3F1006F07D171
:108B280007F11803184600F091F9BB69FB636EE181
:108B38000023FB636BE1894B1B6803F00053B3F11F
:108B4800005F07D107F10C03184600F0D3FA7B69E0
:108B5800FB635CE10023FB6359E1804BDB6C03F0B2
:108B680040537B637D4B1B6803F00403042B0CD13B
:108B78007B6B002B09D1794B1B68DB0803F00303DF
:108B8800774A22FA03F3FB631EE0744B1B6803F475
:108B98008073B3F5807F06D17B6BB3F1805F02D120
:108BA800704BFB6310E06D4B1B6803F40033B3F5A7
:108BB800003F06D17B6BB3F1005F02D16A4BFB63C8
:108BC80002E00023FB6322E121E10023FB631EE1B5
:108BD800D7E90023A2F580310B4333D15F4BDB6C1F
:108BE80003F48033BB63BB6B002B04D0BB6BB3F5C2
:108BF800803F12D023E0594B1B6803F00073B3F198
:108C0800007F07D107F12403184600F0C7FBBB6AB1
:108C1800FB63FCE00023FB63F9E0504B1B6803F0A7
:108C28000063B3F1006F07D107F11803184600F08D
:108C38000DF93B6AFB63EAE00023FB63E7E00023EE
:108C4800FB63E4E0D7E90023A2F580410B4340F041
:108C58008D80424B9B6D03F0E043BB63BB6BB3F16C
:108C6800A04F6BD0BB6BB3F1A04F74D8BB6BB3F103
:108C7800804F56D0BB6BB3F1804F6CD8BB6BB3F150
:108C8800405F3BD0BB6BB3F1405F64D8BB6BB3F1C3
:108C9800005F21D0BB6BB3F1005F5CD8BB6B002BCE
:108CA80004D0BB6BB3F1805F04D054E000F0B8F897
:108CB800F863ACE0294B1B6803F00063B3F1006F65
:108CC80007D107F11803184600F0C0F8FB69FB63E9
:108CD8009DE00023FB639AE0204B1B6803F00053E0
:108CE800B3F1005F07D107F10C03184600F002FA50
:108CF8003B69FB638BE00023FB6388E0174B1B6831
:108D080003F00403042B09D1144B1B68DB0803F0A0
:108D18000303134A22FA03F3FB6378E00023FB639F
:108D280075E00E4B1B6803F48073B3F5807F02D1A6
:108D38000C4BFB636BE00023FB6368E0074B1B688D
:108D480003F40033B3F5003F02D1074BFB635EE049
:108D58000023FB635BE00023FB6358E000440258F8
:108D68000090D00300093D0040787D01D7E9002339
:108D7800A2F500410B4348D1274B1B6D03F040532C
:108D8800BB63BB6BB3F1005F2AD0BB6BB3F1005F71
:108D980038D8BB6B002B04D0BB6BB3F1805F0DD010
:108DA80030E01D4B1B6803F40033B3F5003F02D1DC
:108DB8001A4BFB632BE00023FB6328E0164B1B6870
:108DC80003F00073B3F1007F07D107F124031846BD
:108DD80000F0E4FABB6AFB6319E00023FB6316E0CA
:108DE8000D4B1B6803F00063B3F1006F07D107F167
:108DF8001803184600F02AF8FB69FB6307E0002314
:108E0800FB6304E00023FB6301E00023FB63FB6BCF
:108E180018464037BD4680BD0044025840787D0161
:108E280080B500AFFEF716F80246064B1B6A1B0911
:108E380003F007030449CB5C03F01F0322FA03F392
:108E4800184680BD00440258B814010880B489B09F
:108E580000AF7860A14B9B6A03F00303BB619F4B93
:108E68009B6A1B0B03F03F037B619C4BDB6A1B096E
:108E780003F001033B61994BDB6BDB08C3F30C0385
:108E88003A6902FB03F307EE903AF8EE677AC7ED0A
:108E9800037A7B69002B00F01181BB69022B00F07B
:108EA8008380BB69022B00F2A180BB69002B03D031
:108EB800BB69012B56D099E0884B1B6803F020034F
:108EC800002B2DD0854B1B68DB0803F00303844A75
:108ED80022FA03F3BB60BB6807EE903AF8EE676AC4
:108EE8007B6907EE903AF8EE677A86EEA77A7B4BB5
:108EF8009B6BC3F3080307EE903AF8EE676A97EDA9
:108F0800036ADFED785AC6EE257A76EEA77AF7EE91
:108F1800006A77EEA67A67EE277AC7ED077A87E0C8
:108F28007B6907EE903AF8EE677ADFED6F6A86EEB6
:108F3800A77A6A4B9B6BC3F3080307EE903AF8EEE7
:108F4800676A97ED036ADFED675AC6EE257A76EE13
:108F5800A77AF7EE006A77EEA67A67EE277AC7ED6A
:108F6800077A65E07B6907EE903AF8EE677ADFEDFD
:108F78005F6A86EEA77A594B9B6BC3F3080307EE2B
:108F8800903AF8EE676A97ED036ADFED565AC6EE37
:108F9800257A76EEA77AF7EE006A77EEA67A67EE7C
:108FA800277AC7ED077A43E07B6907EE903AF8EE37
:108FB800677ADFED4F6A86EEA77A484B9B6BC3F35F
:108FC800080307EE903AF8EE676A97ED036ADFED5B
:108FD800455AC6EE257A76EEA77AF7EE006A77EE5E
:108FE800A67A67EE277AC7ED077A21E07B6907EE54
:108FF800903AF8EE677ADFED3D6A86EEA77A374B4E
:109008009B6BC3F3080307EE903AF8EE676A97ED97
:10901800036ADFED345AC6EE257A76EEA77AF7EEC4
:10902800006A77EEA67A67EE277AC7ED077A00BF5F
:109038002A4B9B6B5B0A03F07F0307EE903AF8EE2E
:10904800677AB7EE007A37EE877AD7ED076AC6EE09
:10905800877AFCEEE77A17EE902A7B681A601F4B36
:109068009B6B1B0C03F07F0307EE903AF8EE677AD0
:10907800B7EE007A37EE877AD7ED076AC6EE877AB9
:10908800FCEEE77A17EE902A7B685A60134B9B6BCD
:109098001B0E03F07F0307EE903AF8EE677AB7EEFF
:1090A800007A37EE877AD7ED076AC6EE877AFCEE44
:1090B800E77A17EE902A7B689A6008E07B680022BE
:1090C8001A607B6800225A607B6800229A6000BFA1
:1090D8002437BD465DF8047B704700BF0044025842
:1090E8000090D003000000460024744C0024744A09
:1090F80020BCBE4B80B489B000AF7860A14B9B6A9E
:1091080003F00303BB619F4B9B6A1B0D03F03F03F6
:109118007B619C4BDB6A1B0A03F001033B61994BA3
:109128005B6CDB08C3F30C033A6902FB03F307EE3D
:10913800903AF8EE677AC7ED037A7B69002B00F066
:109148001181BB69022B00F08380BB69022B00F2FE
:10915800A180BB69002B03D0BB69012B56D099E0D5
:10916800884B1B6803F02003002B2DD0854B1B6810
:10917800DB0803F00303844A22FA03F3BB60BB68ED
:1091880007EE903AF8EE676A7B6907EE903AF8EED8
:10919800677A86EEA77A7B4B1B6CC3F3080307EE4E
:1091A800903AF8EE676A97ED036ADFED785AC6EEF3
:1091B800257A76EEA77AF7EE006A77EEA67A67EE5A
:1091C800277AC7ED077A87E07B6907EE903AF8EED1
:1091D800677ADFED6F6A86EEA77A6A4B1B6CC3F37A
:1091E800080307EE903AF8EE676A97ED036ADFED39
:1091F800675AC6EE257A76EEA77AF7EE006A77EE1A
:10920800A67A67EE277AC7ED077A65E07B6907EEED
:10921800903AF8EE677ADFED5F6A86EEA77A594BE7
:109228001B6CC3F3080307EE903AF8EE676A97EDF4
:10923800036ADFED565AC6EE257A76EEA77AF7EE80
:10924800006A77EEA67A67EE277AC7ED077A43E0D9
:109258007B6907EE903AF8EE677ADFED4F6A86EEA3
:10926800A77A484B1B6CC3F3080307EE903AF8EE55
:10927800676A97ED036ADFED455AC6EE257A76EE02
:10928800A77AF7EE006A77EEA67A67EE277AC7ED37
:10929800077A21E07B6907EE903AF8EE677ADFED0E
:1092A8003D6A86EEA77A374B1B6CC3F3080307EEBB
:1092B800903AF8EE676A97ED036ADFED345AC6EE26
:1092C800257A76EEA77AF7EE006A77EEA67A67EE49
:1092D800277AC7ED077A00BF2A4B1B6C5B0A03F09D
:1092E8007F0307EE903AF8EE677AB7EE007A37EE2A
:1092F800877AD7ED076AC6EE877AFCEEE77A17EE2B
:10930800902A7B681A601F4B1B6C1B0C03F07F03B1
:1093180007EE903AF8EE677AB7EE007A37EE877A7A
:10932800D7ED076AC6EE877AFCEEE77A17EE902A41
:109338007B685A60134B1B6C1B0E03F07F0307EE10
:10934800903AF8EE677AB7EE007A37EE877AD7ED7B
:10935800076AC6EE877AFCEEE77A17EE902A7B68F2
:109368009A6008E07B6800221A607B6800225A60D5
:109378007B6800229A6000BF2437BD465DF8047BF5
:10938800704700BF004402580090D0030000004618
:109398000024744C0024744A20BCBE4B80B489B0AD
:1093A80000AF7860A04B9B6A03F00303BB619E4B40
:1093B8009B6A1B0903F03F037B619B4BDB6A03F04D
:1093C80001033B61984B5B6BDB08C3F30C033A6901
:1093D80002FB03F307EE903AF8EE677AC7ED037ADB
:1093E8007B69002B00F01181BB69022B00F08380A0
:1093F800BB69022B00F2A180BB69002B03D0BB69BB
:10940800012B56D099E0884B1B6803F02003002BF2
:109418002DD0854B1B68DB0803F00303834A22FA2F
:1094280003F3BB60BB6807EE903AF8EE676A7B69A6
:1094380007EE903AF8EE677A86EEA77A7A4B1B6BBE
:10944800C3F3080307EE903AF8EE676A97ED036AEC
:10945800DFED775AC6EE257A76EEA77AF7EE006A40
:1094680077EEA67A67EE277AC7ED077A87E07B69F9
:1094780007EE903AF8EE677ADFED6E6A86EEA77A25
:10948800694B1B6BC3F3080307EE903AF8EE676A63
:1094980097ED036ADFED665AC6EE257A76EEA77A6F
:1094A800F7EE006A77EEA67A67EE277AC7ED077AB5
:1094B80065E07B6907EE903AF8EE677ADFED5E6A61
:1094C80086EEA77A584B1B6BC3F3080307EE903A56
:1094D800F8EE676A97ED036ADFED555AC6EE257A0E
:1094E80076EEA77AF7EE006A77EEA67A67EE277A25
:1094F800C7ED077A43E07B6907EE903AF8EE677AA2
:10950800DFED4E6A86EEA77A474B1B6BC3F3080361
:1095180007EE903AF8EE676A97ED036ADFED445A72
:10952800C6EE257A76EEA77AF7EE006A77EEA67A87
:1095380067EE277AC7ED077A21E07B6907EE903A54
:10954800F8EE677ADFED3B6A86EEA77A364B1B6B3F
:10955800C3F3080307EE903AF8EE676A97ED036ADB
:10956800DFED335AC6EE257A76EEA77AF7EE006A73
:1095780077EEA67A67EE277AC7ED077A00BF2A4BFF
:109588001B6B5B0A03F07F0307EE903AF8EE677AED
:10959800B7EE007A37EE877AD7ED076AC6EE877A94
:1095A800FCEEE77A17EE902A7B681A601E4B1B6B5D
:1095B8001B0C03F07F0307EE903AF8EE677AB7EEDC
:1095C800007A37EE877AD7ED076AC6EE877AFCEE1F
:1095D800E77A17EE902A7B685A60134B1B6B1B0EB9
:1095E80003F07F0307EE903AF8EE677AB7EE007A59
:1095F80037EE877AD7ED076AC6EE877AFCEEE77A08
:1096080017EE902A7B689A6008E07B6800221A604F
:109618007B6800225A607B6800229A6000BF24376A
:10962800BD465DF8047B7047004402580090D003A3
:10963800000000460024744C0024744A20BCBE4B31
:1096480080B584B000AF786039600023FB73534B5A
:109658009B6A03F00303032B01D1012399E04F4BCD
:109668001B684E4A23F08063136003F0BFFBB860A9
:1096780008E003F0BBFB0246BB68D31A022B01D9F2
:10968800032386E0454B1B6803F00063002BF0D1F1
:10969800424B9B6A23F47C327B681B681B033F495F
:1096A80013438B627B685B68013BC3F308027B68EA
:1096B8009B68013B5B029BB21A437B68DB68013BFA
:1096C8001B0403F4FE031A437B681B69013B1B065A
:1096D80003F0FE43314913438B63304BDB6A23F0BD
:1096E800C0027B685B692D491343CB622B4BDB6A55
:1096F80023F020027B689B6928491343CB62274BE0
:10970800DB6A264A23F01003D362244BDA6B244B1E
:1097180013407A68D269D20020491343CB631F4BA8
:10972800DB6A1E4A43F01003D3623B68002B06D164
:109738001A4BDB6A194A43F40023D3620FE03B68F3
:10974800012B06D1154BDB6A144A43F48013D3620C
:1097580005E0124BDB6A114A43F40013D3620F4B46
:109768001B680E4A43F08063136003F03FFBB86048
:1097780008E003F03BFB0246BB68D31A022B01D971
:10978800032306E0054B1B6803F00063002BF0D0B1
:10979800FB7B18461037BD4680BD00BF0044025809
:1097A8000700FFFF80B584B000AF78603960002300
:1097B800FB73534B9B6A03F00303032B01D1012373
:1097C80099E04F4B1B684E4A23F08053136003F017
:1097D8000DFBB86008E003F009FB0246BB68D31A2A
:1097E800022B01D9032386E0454B1B6803F0005385
:1097F800002BF0D1424B9B6A23F07C727B681B687C
:109808001B053F4913438B627B685B68013BC3F3CD
:1098180008027B689B68013B5B029BB21A437B682A
:10982800DB68013B1B0403F4FE031A437B681B69D6
:10983800013B1B0603F0FE43314913430B64304BD5
:10984800DB6A23F440627B685B692D491343CB6272
:109858002B4BDB6A23F400727B689B69284913430E
:10986800CB62274BDB6A264A23F48073D362244BEE
:109878005A6C244B13407A68D269D20020491343AA
:109888004B641F4BDB6A1E4A43F48073D3623B6808
:10989800002B06D11A4BDB6A194A43F48003D362C2
:1098A8000FE03B68012B06D1154BDB6A144A43F4E1
:1098B8000003D36205E0124BDB6A114A43F0807360
:1098C800D3620F4B1B680E4A43F08053136003F0BA
:1098D8008DFAB86008E003F089FA0246BB68D31A2B
:1098E800022B01D9032306E0054B1B6803F0005344
:1098F800002BF0D0FB7B18461037BD4680BD00BF5B
:10990800004402580700FFFF80B489B000AF7860B8
:1099180039600023FB61894B7B6194E13B681A68DD
:109928000121FB6901FA03F313403B613B69002BFA
:1099380000F086813B685B6803F00303012B05D0C8
:109948003B685B6803F00303022B30D17B689B689C
:10995800BB61FB695B00032202FA03F3DB43BA69CC
:109968001340BB613B68DA68FB695B0002FA03F3EA
:10997800BA691343BB617B68BA699A607B685B68A4
:10998800BB610122FB6902FA03F3DB43BA691340A6
:10999800BB613B685B681B0903F00102FB6902FAC3
:1099A80003F3BA691343BB617B68BA695A603B68C1
:1099B8005B6803F00303032B17D07B68DB68BB618C
:1099C800FB695B00032202FA03F3DB43BA69134025
:1099D800BB613B689A68FB695B0002FA03F3BA69EA
:1099E8001343BB617B68BA69DA603B685B6803F064
:1099F8000303022B23D1FB69DA087B68083253F88A
:109A08002230BB61FB6903F007039B000F2202FAB7
:109A180003F3DB43BA691340BB613B681A69FB690E
:109A280003F007039B0002FA03F3BA691343BB610F
:109A3800FB69DA087B680832B96943F822107B6849
:109A48001B68BB61FB695B00032202FA03F3DB437B
:109A5800BA691340BB613B685B6803F00302FB69AA
:109A68005B0002FA03F3BA691343BB617B68BA6906
:109A78001A603B685B6803F44033002B00F0E08019
:109A88002F4BD3F8F4302E4A43F00203C2F8F430D7
:109A98002B4BD3F8F43003F00203FB60FB68294A30
:109AA800FB699B08023352F82330BB61FB6903F062
:109AB80003039B000F2202FA03F3DB43BA69134046
:109AC800BB617B68204A934252D07B681F4A93420D
:109AD80031D07B681E4A93422BD07B681D4A934243
:109AE80025D07B681C4A93421FD07B681B4A93424F
:109AF80019D07B681A4A934213D07B68194A93425B
:109B08000DD07B68184A934207D07B68174A934266
:109B180001D109232DE00A232BE0082329E007239C
:109B280027E0062325E0052323E0042321E003237F
:109B38001FE002231DE001231BE000BF8000005846
:109B4800004402580004005800000258000402585B
:109B580000080258000C025800100258001402585D
:109B680000180258001C025800200258002402580D
:109B78000023FA6902F0030292009340BA69134382
:109B8800BB613849FB699B080233BA6941F8232055
:109B98004FF0B0431B68BB613B69DB43BA691340B4
:109BA800BB613B685B6803F48013002B03D0BA6980
:109BB8003B691343BB614FF0B042BB6913604FF080
:109BC800B0435B68BB613B69DB43BA691340BB6167
:109BD8003B685B6803F40013002B03D0BA693B6948
:109BE8001343BB614FF0B042BB6953607B695B684C
:109BF800BB613B69DB43BA691340BB613B685B6887
:109C080003F40033002B03D0BA693B691343BB61EB
:109C18007B69BA695A607B691B68BB613B69DB4336
:109C2800BA691340BB613B685B6803F48033002B5F
:109C380003D0BA693B691343BB617B69BA691A608F
:109C4800FB690133FB613B681A68FB6922FA03F37D
:109C5800002B7FF463AE00BF00BF2437BD465DF81C
:109C6800047B70470004005880B485B000AF78606A
:109C78000B467B807B681A697B881340002B02D0D7
:109C88000123FB7301E00023FB73FB7B18461437A9
:109C9800BD465DF8047B704780B483B000AF786040
:109CA8000B467B8013467B707B78002B03D07A8829
:109CB8007B689A6103E07B881A047B689A6100BF1D
:109CC8000C37BD465DF8047B7047000080B586B050
:109CD80000AF786003F08AF838617B68002B01D107
:109CE800012316E37B681B68664A93424AD07B6867
:109CF8001B68654A934245D07B681B68634A934258
:109D080040D07B681B68624A93423BD07B681B68E3
:109D1800604A934236D07B681B685F4A934231D0D1
:109D28007B681B685D4A93422CD07B681B685C4A41
:109D3800934227D07B681B685A4A934222D07B689B
:109D48001B68594A93421DD07B681B68574A934247
:109D580018D07B681B68564A934213D07B681B68EF
:109D6800544A93420ED07B681B68534A934209D0E9
:109D78007B681B68514A934204D07B681B68504A31
:109D8800934201D1012300E00023002B00F03B8126
:109D98007B68022283F835207B68002283F8342010
:109DA8007B681B68374A93424AD07B681B68364AEF
:109DB800934245D07B681B68344A934240D07B6805
:109DC8001B68334A93423BD07B681B68314A9342F5
:109DD80036D07B681B68304A934231D07B681B6859
:109DE8002E4A93422CD07B681B682D4A934227D079
:109DF8007B681B682B4A934222D07B681B682A4ADF
:109E080093421DD07B681B68284A934218D07B6810
:109E18001B68274A934213D07B681B68254A9342E4
:109E28000ED07B681B68244A934209D07B681B6864
:109E3800224A934204D07B681B68214A934208D186
:109E48007B681B681A687B681B6822F001021A602D
:109E580007E07B681B681A687B681B6822F00102B0
:109E68001A602FE002F0C2FF02463B69D31A052BA5
:109E780028D97B6820225A657B68032283F835201D
:109E8800012346E210000240280002404000024040
:109E9800580002407000024088000240A0000240C2
:109EA800B800024010040240280402404004024066
:109EB800580402407004024088040240A004024092
:109EC800B80402407B681B681B6803F00103002B81
:109ED800C8D17B681B681B687B617A69834B134018
:109EE8007B617B689A687B68DB681A437B681B69BF
:109EF8001A437B685B691A437B689B691A437B68D2
:109F0800DB691A437B681B6A13437A6913437B61D5
:109F18007B685B6A042B07D17B68DA6A7B681B6BFA
:109F280013437A6913437B61714B1A68714B134071
:109F3800B3F1005F28D37B685B68282B03D97B6863
:109F48005B682E2B17D97B685B683E2B03D97B682F
:109F58005B68422B0FD97B685B68462B03D97B680B
:109F68005B68482B07D97B685B684E2B05D97B68F3
:109F78005B68522B01D8012300E00023002B03D09B
:109F88007B6943F480137B617B681B687A691A607C
:109F98007B681B685B697B617B6923F007037B61D6
:109FA8007B685B6A7A6913437B617B685B6A042B15
:109FB80017D17B689B6A7A6913437B617B68DB6A8C
:109FC800002B0ED0786802F03FFB0346002B08D028
:109FD8007B6840225A657B68012283F8352001237B
:109FE80097E17B681B687A695A61786802F07AFAA7
:109FF8000346BB607B68DB6D03F01F033F229A407A
:10A00800BB689A60CDE07B681B683B4A934222D0CC
:10A018007B681B68394A93421DD07B681B68384AA5
:10A02800934218D07B681B68364A934213D07B68EA
:10A038001B68354A93420ED07B681B68334A9342AB
:10A0480009D07B681B68324A934204D07B681B683E
:10A05800304A934201D1012300E00023002B00F095
:10A0680097807B681B68244A934221D07B681B68D1
:10A07800224A93421CD07B681B68214A934217D01E
:10A088007B681B681F4A934212D07B681B681E4A74
:10A0980093420DD07B681B681C4A934208D07B68AA
:10A0A8001B681B4A934203D07B681B68194A93427A
:10A0B8007B68022283F835207B68002283F83420ED
:10A0C8007B681B681B687B617A69134B13407B6153
:10A0D8007B689B68402B21D07B689B68802B02D1D2
:10A0E8004FF480431BE0002319E000BF3F8010FEBF
:10A0F8000010005C0000FFFF085402581C5402586E
:10A108003054025844540258585402586C54025857
:10A1180080540258945402580F00FEFF10237A68A6
:10A12800D268D2081A437B681B69DB081A437B682C
:10A138005B69DB081A437B689B69DB081A437B6809
:10A14800DB69DB081A437B681B6A1B0913437A69BE
:10A1580013437B617B681B687A691A607B681B689C
:10A168001A466E4B13446E4AA2FB03231B099A003E
:10A178007B68DA65786802F0B5F90346FB607B68AE
:10A18800DB6D03F01F0301229A40FB685A6008E068
:10A198007B6840225A657B68032283F835200123B7
:10A1A800B7E07B681B685F4A934272D07B681B6884
:10A1B8005D4A93426DD07B681B685C4A934268D0C5
:10A1C8007B681B685A4A934263D07B681B68594A6C
:10A1D80093425ED07B681B68574A934259D07B688C
:10A1E8001B68564A934254D07B681B68544A934272
:10A1F8004FD07B681B68534A93424AD07B681B68E0
:10A20800514A934245D07B681B68504A934240D0DC
:10A218007B681B684E4A93423BD07B681B684D4A5B
:10A22800934236D07B681B684B4A934231D07B6897
:10A238001B684A4A93422CD07B681B68484A934261
:10A2480027D07B681B68474A934222D07B681B68EB
:10A25800454A93421DD07B681B68444A934218D0F4
:10A268007B681B68424A934213D07B681B68414A4B
:10A2780093420ED07B681B683F4A934209D07B68A3
:10A288001B683E4A934204D07B681B683C4A934251
:10A2980001D1012300E00023002B32D0786802F0BE
:10A2A8004FFA7B689B68802B02D17B6800225A603A
:10A2B8007B685A687B681B6ED2B21A607B685B6EDB
:10A2C8007A68926E5A607B685B68002B10D07B6856
:10A2D8005B68082B0CD8786802F0CCFA7B68DB6ED8
:10A2E80000221A607B681B6F7A68526F5A6008E018
:10A2F8007B680022DA667B6800221A677B68002286
:10A308005A677B6800225A657B68012283F83520EA
:10A31800002318461837BD4680BD00BFF8ABFDA71F
:10A32800CDCCCCCC100002402800024040000240B6
:10A33800580002407000024088000240A00002401D
:10A34800B8000240100402402804024040040240C1
:10A35800580402407004024088040240A0040240ED
:10A36800B8040240085402581C5402583054025889
:10A3780044540258585402586C5402588054025895
:10A388009454025880B586B000AFF860B9607A601E
:10A398003B600023FB75FB68002B01D1012326E2FB
:10A3A800FB6893F83430012B01D102231FE2FB68CC
:10A3B800012283F83420FB6893F83530DBB2012B97
:10A3C80040F00A82FB68022283F83520FB680022ED
:10A3D8005A65FB681B68684A93424AD0FB681B6849
:10A3E800664A934245D0FB681B68654A934240D051
:10A3F800FB681B68634A93423BD0FB681B68624A50
:10A40800934236D0FB681B68604A934231D0FB68A0
:10A418001B685F4A93422CD0FB681B685D4A9342D5
:10A4280027D0FB681B685C4A934222D0FB681B68F4
:10A438005A4A93421DD0FB681B68594A934218D068
:10A44800FB681B68574A934213D0FB681B68564A3F
:10A4580093420ED0FB681B68544A934209D0FB68AC
:10A468001B68534A934204D0FB681B68514A9342C5
:10A4780008D1FB681B681A68FB681B6822F0010298
:10A488001A6007E0FB681B681A68FB681B6822F003
:10A4980001021A603B687A68B968F86801F076FECC
:10A4A800FB681B68344A93424AD0FB681B68334AEE
:10A4B800934245D0FB681B68314A934240D0FB6801
:10A4C8001B68304A93423BD0FB681B682E4A934274
:10A4D80036D0FB681B682D4A934231D0FB681B6855
:10A4E8002B4A93422CD0FB681B682A4A934227D0F8
:10A4F800FB681B68284A934222D0FB681B68274ADE
:10A5080093421DD0FB681B68254A934218D0FB680C
:10A518001B68244A934213D0FB681B68224A934263
:10A528000ED0FB681B68214A934209D0FB681B6860
:10A538001F4A934204D0FB681B681E4A934201D10C
:10A54800012300E00023002B36D0FB681B681B6842
:10A5580023F01E02FB681B6842F016021A60FB68B3
:10A568001B6C002B3ED0FB681B681A68FB681B68D5
:10A5780042F008021A6035E010000240280002404C
:10A58800400002405800024070000240880002402B
:10A59800A0000240B8000240100402402804024013
:10A5A80040040240580402407004024088040240FB
:10A5B800A0040240B8040240FB681B681B6823F033
:10A5C8000E02FB681B6842F00A021A60FB681B6CEB
:10A5D800002B07D0FB681B681A68FB681B6842F0F1
:10A5E80004021A60FB681B68834A934272D0FB68B6
:10A5F8001B68824A93426DD0FB681B68804A93426D
:10A6080068D0FB681B687F4A934263D0FB681B686D
:10A618007D4A93425ED0FB681B687C4A934259D0BE
:10A62800FB681B687A4A934254D0FB681B68794AD6
:10A6380093424FD0FB681B68774A93424AD0FB6825
:10A648001B68764A934245D0FB681B68744A93425C
:10A6580040D0FB681B68734A93423BD0FB681B6879
:10A66800714A934236D0FB681B68704A934231D0D6
:10A67800FB681B686E4A93422CD0FB681B686D4AC6
:10A68800934227D0FB681B686B4A934222D0FB6831
:10A698001B686A4A93421DD0FB681B68684A93424C
:10A6A80018D0FB681B68674A934213D0FB681B6885
:10A6B800654A93420ED0FB681B68644A934209D0EE
:10A6C800FB681B68624A934204D0FB681B68614AB6
:10A6D800934201D1012300E00023002B1AD0FB682C
:10A6E8001B6E1B6803F48033002B07D0FB681B6EBE
:10A6F8001A68FB681B6E42F480721A60FB68DB6E96
:10A70800002B07D0FB68DB6E1A68FB68DB6E42F42F
:10A7180080721A60FB681B68374A93424AD0FB680C
:10A728001B68364A934245D0FB681B68344A9342FB
:10A7380040D0FB681B68334A93423BD0FB681B68D8
:10A74800314A934236D0FB681B68304A934231D075
:10A75800FB681B682E4A93422CD0FB681B682D4A65
:10A76800934227D0FB681B682B4A934222D0FB6890
:10A778001B682A4A93421DD0FB681B68284A9342EB
:10A7880018D0FB681B68274A934213D0FB681B68E4
:10A79800254A93420ED0FB681B68244A934209D08D
:10A7A800FB681B68224A934204D0FB681B68214A55
:10A7B800934208D1FB681B681A68FB681B6842F063
:10A7C80001021A6012E0FB681B681A68FB681B68C4
:10A7D80042F001021A6009E0FB684FF400625A6512
:10A7E800FB68002283F834200123FB75FB7D1846A3
:10A7F8001837BD4680BD00BF100002402800024047
:10A8080040000240580002407000024088000240A8
:10A81800A0000240B8000240100402402804024090
:10A828004004024058040240700402408804024078
:10A83800A0040240B8040240085402581C540258AC
:10A848003054025844540258585402586C54025810
:10A85800805402589454025880B586B000AF78608E
:10A8680002F0C4FA38617B68002B01D10123DCE2D5
:10A878007B6893F83530DBB2022B08D07B688022E6
:10A888005A657B68002283F834200123CDE27B6877
:10A898001B68764A93424AD07B681B68744A934285
:10A8A80045D07B681B68734A934240D07B681B681D
:10A8B800714A93423BD07B681B68704A934236D0FA
:10A8C8007B681B686E4A934231D07B681B686D4A6F
:10A8D80093422CD07B681B686B4A934227D07B68D5
:10A8E8001B686A4A934222D07B681B68684A934275
:10A8F8001DD07B681B68674A934218D07B681B6829
:10A90800654A934213D07B681B68644A93420ED011
:10A918007B681B68624A934209D07B681B68614A5E
:10A92800934204D07B681B685F4A934201D101239C
:10A9380000E00023002B13D07B681B681A687B6833
:10A948001B6822F01E021A607B681B685A697B68C4
:10A958001B6822F080025A617B681B687B610AE0F1
:10A968007B681B681A687B681B6822F00E021A60F5
:10A978007B681B687B617B681B683C4A934272D08A
:10A988007B681B683A4A93426DD07B681B68394ADA
:10A99800934268D07B681B68374A934263D07B68D0
:10A9A8001B68364A93425ED07B681B68344A9342E0
:10A9B80059D07B681B68334A934254D07B681B6824
:10A9C800314A93424FD07B681B68304A93424AD041
:10A9D8007B681B682E4A934245D07B681B682D4ACA
:10A9E800934240D07B681B682B4A93423BD07B68DC
:10A9F8001B682A4A934236D07B681B68284A9342D0
:10AA080031D07B681B68274A93422CD07B681B682F
:10AA1800254A934227D07B681B68244A934222D058
:10AA28007B681B68224A93421DD07B681B68214AB9
:10AA3800934218D07B681B681F4A934213D07B68E7
:10AA48001B681E4A93420ED07B681B681C4A9342BF
:10AA580009D07B681B681B4A934204D07B681B683B
:10AA6800194A934232D1012331E000BF100002405D
:10AA78002800024040000240580002407000024096
:10AA880088000240A0000240B800024010040240C2
:10AA98002804024040040240580402407004024066
:10AAA80088040240A0040240B80402400854025836
:10AAB8001C540258305402584454025858540258EE
:10AAC8006C54025880540258945402580023002BA6
:10AAD80007D07B681B6E1A687B681B6E22F4807235
:10AAE8001A607B681B686D4A93424AD07B681B6872
:10AAF8006B4A934245D07B681B686A4A934240D0B0
:10AB08007B681B68684A93423BD07B681B68674A2E
:10AB1800934236D07B681B68654A934231D07B6884
:10AB28001B68644A93422CD07B681B68624A934234
:10AB380027D07B681B68614A934222D07B681B68D8
:10AB48005F4A93421DD07B681B685E4A934218D0C7
:10AB58007B681B685C4A934213D07B681B685B4A1E
:10AB680093420ED07B681B68594A934209D07B6890
:10AB78001B68584A934204D07B681B68564A934224
:10AB880008D17B681B681A687B681B6822F0010281
:10AB98001A6007E07B681B681A687B681B6822F0EC
:10ABA80001021A6013E002F021F902463B69D31A48
:10ABB800052B0CD97B6820225A657B68032283F811
:10ABC80035207B68002283F8342001232DE17B693E
:10ABD8001B6803F00103002BE5D17B681B682F4A33
:10ABE80093424AD07B681B682D4A934245D07B68C4
:10ABF8001B682C4A934240D07B681B682A4A9342C0
:10AC08003BD07B681B68294A934236D07B681B6817
:10AC1800274A934231D07B681B68264A93422CD03E
:10AC28007B681B68244A934227D07B681B68234AA9
:10AC3800934222D07B681B68214A93421DD07B68CF
:10AC48001B68204A934218D07B681B681E4A9342AF
:10AC580013D07B681B681D4A93420ED07B681B6823
:10AC68001B4A934209D07B681B681A4A934204D056
:10AC78007B681B68184A934201D1012300E0002336
:10AC8800002B2BD07B689B6DBB607B68DB6D03F072
:10AC98001F033F229A40BB689A602AE010000240D6
:10ACA8002800024040000240580002407000024064
:10ACB80088000240A0000240B80002401004024090
:10ACC8002804024040040240580402407004024034
:10ACD80088040240A0040240B80402407B689B6DCF
:10ACE800FB607B68DB6D03F01F0301229A40FB6861
:10ACF8005A607B681B684F4A934272D07B681B6816
:10AD08004D4A93426DD07B681B684C4A934268D089
:10AD18007B681B684A4A934263D07B681B68494A30
:10AD280093425ED07B681B68474A934259D07B6840
:10AD38001B68464A934254D07B681B68444A934236
:10AD48004FD07B681B68434A93424AD07B681B6894
:10AD5800414A934245D07B681B68404A934240D0A1
:10AD68007B681B683E4A93423BD07B681B683D4A20
:10AD7800934236D07B681B683B4A934231D07B684C
:10AD88001B683A4A93422CD07B681B68384A934226
:10AD980027D07B681B68374A934222D07B681B68A0
:10ADA800354A93421DD07B681B68344A934218D0B9
:10ADB8007B681B68324A934213D07B681B68314A10
:10ADC80093420ED07B681B682F4A934209D07B6858
:10ADD8001B682E4A934204D07B681B682C4A934216
:10ADE80001D1012300E00023002B15D07B685B6EA6
:10ADF8007A68926E5A607B68DB6E002B0CD07B6899
:10AE0800DB6E1A687B68DB6E22F480721A607B68DE
:10AE18001B6F7A68526F5A607B68012283F835206D
:10AE28007B68002283F83420002318461837BD4673
:10AE380080BD00BF100002402800024040000240D0
:10AE4800580002407000024088000240A000024002
:10AE5800B8000240100402402804024040040240A6
:10AE6800580402407004024088040240A0040240D2
:10AE7800B8040240085402581C540258305402586E
:10AE880044540258585402586C540258805402587A
:10AE98009454025880B584B000AF78607B68002B6A
:10AEA80001D1012337E27B6893F83530DBB2022BFE
:10AEB80004D07B6880225A6501232CE27B681B68DA
:10AEC8005C4A93424AD07B681B685B4A934245D0F0
:10AED8007B681B68594A934240D07B681B68584A74
:10AEE80093423BD07B681B68564A934236D07B68B6
:10AEF8001B68554A934231D07B681B68534A93427A
:10AF08002CD07B681B68524A934227D07B681B6809
:10AF1800504A934222D07B681B684F4A93421DD007
:10AF28007B681B684D4A934218D07B681B684C4A63
:10AF3800934213D07B681B684A4A93420ED07B68C1
:10AF48001B68494A934209D07B681B68474A934269
:10AF580004D07B681B68464A934201D1012300E074
:10AF68000023002B00F086807B68042283F83520BC
:10AF78007B681B682F4A93424AD07B681B682E4A1D
:10AF8800934245D07B681B682C4A934240D07B682B
:10AF98001B682B4A93423BD07B681B68294A934223
:10AFA80036D07B681B68284A934231D07B681B687F
:10AFB800264A93422CD07B681B68254A934227D0A7
:10AFC8007B681B68234A934222D07B681B68224A0D
:10AFD80093421DD07B681B68204A934218D07B6837
:10AFE8001B681F4A934213D07B681B681D4A934213
:10AFF8000ED07B681B681C4A934209D07B681B688B
:10B008001A4A934204D07B681B68194A934208D1B4
:10B018007B681B681A687B681B6822F001021A604B
:10B0280078E17B681B681A687B681B6822F001025C
:10B038001A606FE110000240280002404000024000
:10B04800580002407000024088000240A000024000
:10B05800B8000240100402402804024040040240A4
:10B06800580402407004024088040240A0040240D0
:10B07800B80402407B681B681A687B681B6822F06A
:10B088000E021A607B681B686C4A93424AD07B6840
:10B098001B686B4A934245D07B681B68694A934298
:10B0A80040D07B681B68684A93423BD07B681B682A
:10B0B800664A934236D07B681B68654A934231D012
:10B0C8007B681B68634A93422CD07B681B68624A82
:10B0D800934227D07B681B68604A934222D07B68E2
:10B0E8001B685F4A93421DD07B681B685D4A934288
:10B0F80018D07B681B685C4A934213D07B681B6836
:10B108005A4A93420ED07B681B68594A934209D029
:10B118007B681B68574A934204D07B681B68564A71
:10B12800934208D17B681B681A687B681B6822F009
:10B1380001021A6007E07B681B681A687B681B6855
:10B1480022F001021A607B681B683C4A934272D065
:10B158007B681B683A4A93426DD07B681B68394A02
:10B16800934268D07B681B68374A934263D07B68F8
:10B178001B68364A93425ED07B681B68344A934208
:10B1880059D07B681B68334A934254D07B681B684C
:10B19800314A93424FD07B681B68304A93424AD069
:10B1A8007B681B682E4A934245D07B681B682D4AF2
:10B1B800934240D07B681B682B4A93423BD07B6804
:10B1C8001B682A4A934236D07B681B68284A9342F8
:10B1D80031D07B681B68274A93422CD07B681B6858
:10B1E800254A934227D07B681B68244A934222D081
:10B1F8007B681B68224A93421DD07B681B68214AE2
:10B20800934218D07B681B681F4A934213D07B680F
:10B218001B681E4A93420ED07B681B681C4A9342E7
:10B2280009D07B681B681B4A934204D07B681B6863
:10B23800194A934232D1012331E000BF1000024085
:10B2480028000240400002405800024070000240BE
:10B2580088000240A0000240B800024010040240EA
:10B26800280402404004024058040240700402408E
:10B2780088040240A0040240B8040240085402585E
:10B288001C54025830540258445402585854025816
:10B298006C54025880540258945402580023002BCE
:10B2A80028D07B681B6E1A687B681B6E22F480723C
:10B2B8001A607B689B6DFB607B68DB6D03F01F0386
:10B2C80001229A40FB685A607B685B6E7A68926ECE
:10B2D8005A607B68DB6E002B0CD07B68DB6E1A68CB
:10B2E8007B68DB6E22F480721A607B681B6F7A6859
:10B2F800526F5A607B68012283F835207B680022F0
:10B3080083F834207B681B6D002B03D07B681B6D92
:10B3180078689847002318461037BD4680BD00BF9F
:10B3280080B58AB000AF78600023FB60674B1B686C
:10B33800674AA2FB03239B0A7B627B689B6D3B6287
:10B348007B689B6DFB613B6A1B68BB61FB691B6883
:10B358007B617B681B685F4A93424AD07B681B68A5
:10B368005D4A934245D07B681B685C4A934240D053
:10B378007B681B685A4A93423BD07B681B68594AD2
:10B38800934236D07B681B68574A934231D07B681A
:10B398001B68564A93422CD07B681B68544A9342D8
:10B3A80027D07B681B68534A934222D07B681B686E
:10B3B800514A93421DD07B681B68504A934218D06B
:10B3C8007B681B684E4A934213D07B681B684D4AC2
:10B3D80093420ED07B681B684B4A934209D07B6826
:10B3E8001B684A4A934204D07B681B68484A9342C8
:10B3F80001D1012300E00023002B00F02B847B689F
:10B40800DB6D03F01F0308229A40BB691340002B31
:10B4180000F0A2807B681B682E4A93424AD07B6862
:10B428001B682D4A934245D07B681B682B4A934280
:10B4380040D07B681B682A4A93423BD07B681B68D4
:10B44800284A934236D07B681B68274A934231D0FA
:10B458007B681B68254A93422CD07B681B68244A6A
:10B46800934227D07B681B68224A934222D07B688C
:10B478001B68214A93421DD07B681B681F4A934270
:10B4880018D07B681B681E4A934213D07B681B68E0
:10B498001C4A93420ED07B681B681B4A934209D012
:10B4A8007B681B68194A934204D07B681B68184A5A
:10B4B80093422FD17B681B681B6803F00403002BA1
:10B4C80014BF01230023DBB22EE000BF10070020C9
:10B4D800B5814E1B10000240280002404000024087
:10B4E800580002407000024088000240A00002405C
:10B4F800B800024010040240280402404004024000
:10B50800580402407004024088040240A00402402B
:10B51800B80402407B681B681B6803F00803002B13
:10B5280014BF01230023DBB2002B15D07B681B68F6
:10B538001A687B681B6822F004021A607B68DB6D5E
:10B5480003F01F0308229A403B6A9A607B685B6D90
:10B5580043F001027B685A657B68DB6D03F01F03CB
:10B56800BA6922FA03F303F00103002B6ED07B685B
:10B578001B68694A93424AD07B681B68674A9342B2
:10B5880045D07B681B68664A934240D07B681B683D
:10B59800644A93423BD07B681B68634A934236D027
:10B5A8007B681B68614A934231D07B681B68604A9C
:10B5B80093422CD07B681B685E4A934227D07B68F5
:10B5C8001B685D4A934222D07B681B685B4A9342A2
:10B5D8001DD07B681B685A4A934218D07B681B6849
:10B5E800584A934213D07B681B68574A93420ED03F
:10B5F8007B681B68554A934209D07B681B68544A8C
:10B60800934204D07B681B68524A93420AD17B68F4
:10B618001B685B6903F08003002B14BF0123002320
:10B62800DBB203E07B681B681B680023002B0DD08E
:10B638007B68DB6D03F01F0301229A403B6A9A6026
:10B648007B685B6D43F002027B685A657B68DB6D43
:10B6580003F01F0304229A40BB691340002B00F03B
:10B668008F807B681B682C4A93424AD07B681B6892
:10B678002A4A934245D07B681B68294A934240D0A6
:10B688007B681B68274A93423BD07B681B68264A25
:10B69800934236D07B681B68244A934231D07B683A
:10B6A8001B68234A93422CD07B681B68214A93422B
:10B6B80027D07B681B68204A934222D07B681B688E
:10B6C8001E4A93421DD07B681B681D4A934218D0BE
:10B6D8007B681B681B4A934213D07B681B681A4A15
:10B6E80093420ED07B681B68184A934209D07B6846
:10B6F8001B68174A934204D07B681B68154A93421B
:10B708002AD17B681B681B6803F00203002B14BF57
:10B7180001230023DBB223E010000240280002408E
:10B728004000024058000240700002408800024079
:10B73800A0000240B8000240100402402804024061
:10B748004004024058040240700402408804024049
:10B75800A0040240B80402407B681B681B680023F1
:10B76800002B0DD07B68DB6D03F01F0304229A4089
:10B778003B6A9A607B685B6D43F004027B685A659C
:10B788007B68DB6D03F01F0310229A40BB691340EE
:10B79800002B00F0A6807B681B68854A93424AD03C
:10B7A8007B681B68834A934245D07B681B68824A42
:10B7B800934240D07B681B68804A93423BD07B68A9
:10B7C8001B687F4A934236D07B681B687D4A934248
:10B7D80031D07B681B687C4A93422CD07B681B68FD
:10B7E8007A4A934227D07B681B68794A934222D0D1
:10B7F8007B681B68774A93421DD07B681B68764A32
:10B80800934218D07B681B68744A934213D07B68B4
:10B818001B68734A93420ED07B681B68714A934237
:10B8280009D07B681B68704A934204D07B681B6808
:10B838006E4A93420AD17B681B681B6803F00803B1
:10B84800002B14BF01230023DBB209E07B681B68CF
:10B858001B6803F00403002B14BF01230023DBB291
:10B86800002B3ED07B68DB6D03F01F0310229A404B
:10B878003B6A9A607B681B681B6803F48023002B73
:10B8880018D07B681B681B6803F40023002B08D1C1
:10B898007B681B6C002B24D07B681B6C78689847EE
:10B8A8001FE07B689B6C002B1BD07B689B6C7868C7
:10B8B800984716E07B681B681B6803F48073002BAD
:10B8C80007D17B681B681A687B681B6822F008022E
:10B8D8001A607B681B6C002B03D07B681B6C786834
:10B8E80098477B68DB6D03F01F0320229A40BB69F1
:10B8F8001340002B00F010817B681B682C4A934290
:10B908004AD07B681B682B4A934245D07B681B68EA
:10B91800294A934240D07B681B68284A93423BD00F
:10B928007B681B68264A934236D07B681B68254A89
:10B93800934231D07B681B68234A93422CD07B68A2
:10B948001B68224A934227D07B681B68204A93428F
:10B9580022D07B681B681F4A93421DD07B681B68F6
:10B968001D4A934218D07B681B681C4A934213D027
:10B978007B681B681A4A93420ED07B681B68194A79
:10B98800934209D07B681B68174A934204D07B68AE
:10B998001B68164A93422BD17B681B681B6803F00F
:10B9A8001003002B14BF01230023DBB22AE000BFE1
:10B9B80010000240280002404000024058000240A7
:10B9C8007000024088000240A0000240B800024017
:10B9D8001004024028040240400402405804024077
:10B9E8007004024088040240A0040240B8040240E7
:10B9F8007B681B681B6803F00203002B14BF01233C
:10BA08000023DBB2002B00F087807B68DB6D03F03E
:10BA18001F0320229A403B6A9A607B6893F835306E
:10BA2800DBB2042B39D17B681B681A687B681B68FA
:10BA380022F016021A607B681B685A697B681B68CB
:10BA480022F080025A617B681B6C002B03D17B6853
:10BA58009B6C002B07D07B681B681A687B681B6887
:10BA680022F008021A607B68DB6D03F01F033F2297
:10BA78009A403B6A9A607B68012283F835207B688C
:10BA8800002283F834207B681B6D002B00F04A836A
:10BA98007B681B6D7868984744E37B681B681B6864
:10BAA80003F48023002B18D07B681B681B6803F401
:10BAB8000023002B08D17B685B6C002B2CD07B68A3
:10BAC8005B6C7868984727E07B68DB6B002B23D09A
:10BAD8007B68DB6B786898471EE07B681B681B688F
:10BAE80003F48073002B0FD17B681B681A687B688E
:10BAF8001B6822F010021A607B68012283F8352047
:10BB08007B68002283F834207B68DB6B002B03D032
:10BB18007B68DB6B786898477B685B6D002B00F06F
:10BB280006837B685B6D03F00103002B00F08880BF
:10BB38007B68042283F835207B681B687A4A934225
:10BB48004AD07B681B68794A934245D07B681B685A
:10BB5800774A934240D07B681B68764A93423BD031
:10BB68007B681B68744A934236D07B681B68734AAB
:10BB7800934231D07B681B68714A93422CD07B6812
:10BB88001B68704A934227D07B681B686E4A9342B1
:10BB980022D07B681B686D4A93421DD07B681B6866
:10BBA8006B4A934218D07B681B686A4A934213D049
:10BBB8007B681B68684A93420ED07B681B68674A9B
:10BBC800934209D07B681B68654A934204D07B681E
:10BBD8001B68644A934208D17B681B681A687B68B3
:10BBE8001B6822F001021A6007E07B681B681A686C
:10BBF8007B681B6822F001021A60FB680133FB6056
:10BC08007A6A9A4207D37B681B681B6803F00103B2
:10BC1800002BF2D100E000BF7B681B681B6803F0B3
:10BC28000103002B04D07B68032283F8352003E04E
:10BC38007B68012283F835207B68002283F8342052
:10BC48007B68DB6C002B00F072827B68DB6C7868A9
:10BC580098476CE27B681B68434A934222D07B6812
:10BC68001B68424A93421DD07B681B68404A934236
:10BC780018D07B681B683F4A934213D07B681B68C7
:10BC88003D4A93420ED07B681B683C4A934209D0D8
:10BC98007B681B683A4A934204D07B681B68394A20
:10BCA800934201D1012300E00023002B00F03F82E2
:10BCB8007B681B681B683B617B68DB6D03F01F03B7
:10BCC80004229A407B691340002B00F0CD803B6929
:10BCD80003F00403002B00F0C7807B68DB6D03F0E2
:10BCE8001F0304229A40FB695A603B6903F400432E
:10BCF800002B49D03B6903F48033002B09D17B68C2
:10BD08009B6C002B00F010827B689B6C78689847CE
:10BD18000AE27B681B6C002B00F006827B681B6CB8
:10BD28007868984700E200BF1000024028000240EF
:10BD38004000024058000240700002408800024063
:10BD4800A0000240B800024010040240280402404B
:10BD58004004024058040240700402408804024033
:10BD6800A0040240B8040240085402581C54025867
:10BD78003054025844540258585402586C540258CB
:10BD880080540258945402583B6903F02003002B56
:10BD980060D17B681B687F4A93424AD07B681B68E6
:10BDA8007D4A934245D07B681B687C4A934240D0C9
:10BDB8007B681B687A4A93423BD07B681B68794A48
:10BDC800934236D07B681B68774A934231D07B68B0
:10BDD8001B68764A93422CD07B681B68744A93424E
:10BDE80027D07B681B68734A934222D07B681B6804
:10BDF800714A93421DD07B681B68704A934218D0E1
:10BE08007B681B686E4A934213D07B681B686D4A37
:10BE180093420ED07B681B686B4A934209D07B68BB
:10BE28001B686A4A934204D07B681B68684A93423D
:10BE380008D17B681B681A687B681B6822F00802B7
:10BE48001A6007E07B681B681A687B681B6822F029
:10BE580004021A607B681B6C002B00F065817B680C
:10BE68001B6C786898475FE17B68DB6D03F01F0304
:10BE780002229A407B691340002B00F0C5803B6981
:10BE880003F00203002B00F0BF807B68DB6D03F03A
:10BE98001F0302229A40FB695A603B6903F400437E
:10BEA800002B18D03B6903F48033002B09D17B6841
:10BEB8005B6C002B00F03A817B685B6C7868984774
:10BEC80034E17B68DB6B002B00F030817B68DB6B37
:10BED800786898472AE13B6903F02003002B40F07B
:10BEE80089807B681B682B4A93424AD07B681B6811
:10BEF800294A934245D07B681B68284A934240D020
:10BF08007B681B68264A93423BD07B681B68254A9E
:10BF1800934236D07B681B68234A934231D07B68B2
:10BF28001B68224A93422CD07B681B68204A9342A4
:10BF380027D07B681B681F4A934222D07B681B6806
:10BF48001D4A93421DD07B681B681C4A934218D037
:10BF58007B681B681A4A934213D07B681B68194A8E
:10BF680093420ED07B681B68174A934209D07B68BE
:10BF78001B68164A934204D07B681B68144A934294
:10BF880028D17B681B681A687B681B6822F014023A
:10BF98001A6027E0100002402800024040000240DA
:10BFA800580002407000024088000240A000024091
:10BFB800B800024010040240280402404004024035
:10BFC800580402407004024088040240A004024061
:10BFD800B80402407B681B681A687B681B6822F0FB
:10BFE8000A021A607B68012283F835207B680022E8
:10BFF80083F834207B68DB6B002B00F097807B682C
:10C00800DB6B7868984791E07B68DB6D03F01F0372
:10C0180008229A407B691340002B00F088803B6916
:10C0280003F00803002B00F082807B681B68414AFC
:10C0380093424AD07B681B683F4A934245D07B684D
:10C048001B683E4A934240D07B681B683C4A934237
:10C058003BD07B681B683B4A934236D07B681B68A1
:10C06800394A934231D07B681B68384A93422CD0B6
:10C078007B681B68364A934227D07B681B68354A21
:10C08800934222D07B681B68334A93421DD07B6859
:10C098001B68324A934218D07B681B68304A934227
:10C0A80013D07B681B682F4A93420ED07B681B68AD
:10C0B8002D4A934209D07B681B682C4A934204D0CE
:10C0C8007B681B682A4A934208D17B681B681A68F8
:10C0D8007B681B6822F01C021A6007E07B681B68FB
:10C0E8001A687B681B6822F00E021A607B68DB6D99
:10C0F80003F01F0301229A40FB695A607B68012202
:10C108005A657B68012283F835207B68002283F812
:10C1180034207B68DB6C002B09D07B68DB6C78688B
:10C12800984704E000BF02E000BF00E000BF2837E6
:10C13800BD4680BD10000240280002404000024079
:10C14800580002407000024088000240A0000240EF
:10C15800B800024010040240280402404004024093
:10C16800580402407004024088040240A0040240BF
:10C17800B804024080B483B000AF78607B685B6D20
:10C1880018460C37BD465DF8047B704780B487B00D
:10C1980000AFF860B9607A603B60FB689B6D7B61BB
:10C1A800FB689B6D3B61FB681B687F4A934272D0BA
:10C1B800FB681B687D4A93426DD0FB681B687C4A0C
:10C1C800934268D0FB681B687A4A934263D0FB6845
:10C1D8001B68794A93425ED0FB681B68774A934292
:10C1E80059D0FB681B68764A934254D0FB681B6899
:10C1F800744A93424FD0FB681B68734A93424AD0F3
:10C20800FB681B68714A934245D0FB681B68704AFB
:10C21800934240D0FB681B686E4A93423BD0FB6850
:10C228001B686D4A934236D0FB681B686B4A934281
:10C2380031D0FB681B686A4A93422CD0FB681B68A4
:10C24800684A934227D0FB681B68674A934222D00A
:10C25800FB681B68654A93421DD0FB681B68644AEB
:10C26800934218D0FB681B68624A934213D0FB685C
:10C278001B68614A93420ED0FB681B685F4A934271
:10C2880009D0FB681B685E4A934204D0FB681B68B0
:10C298005C4A934201D1012300E00023002B0DD01A
:10C2A800FB685B6EFA68926E5A60FB68DB6E002B67
:10C2B80004D0FB681B6FFA68526F5A60FB681B68F2
:10C2C800394A93424AD0FB681B68384A934245D0A2
:10C2D800FB681B68364A934240D0FB681B68354AA6
:10C2E80093423BD0FB681B68334A934236D0FB68C5
:10C2F8001B68324A934231D0FB681B68304A93422C
:10C308002CD0FB681B682F4A934227D0FB681B6818
:10C318002D4A934222D0FB681B682C4A93421DD0B9
:10C32800FB681B682A4A934218D0FB681B68294A95
:10C33800934213D0FB681B68274A93420ED0FB68D0
:10C348001B68264A934209D0FB681B68244A93421B
:10C3580004D0FB681B68234A934201D1012300E003
:10C368000023002B59D0FB68DB6D03F01F033F222D
:10C378009A407B699A60FB681B681A68FB681B68AF
:10C3880022F480221A60FB681B683A685A60FB68CE
:10C398009B68402B38D1FB681B687A689A60FB68F9
:10C3A8001B68BA68DA6086E0100002402800024084
:10C3B80040000240580002407000024088000240DD
:10C3C800A0000240B80002401004024028040240C5
:10C3D80040040240580402407004024088040240AD
:10C3E800A0040240B8040240085402581C540258E1
:10C3F8003054025844540258585402586C54025845
:10C408008054025894540258FB681B68BA689A60B2
:10C41800FB681B687A68DA604DE0FB681B68294A8C
:10C42800934222D0FB681B68274A93421DD0FB68C1
:10C438001B68264A934218D0FB681B68244A93421B
:10C4480013D0FB681B68234A93420ED0FB681B6815
:10C45800214A934209D0FB681B68204A934204D0C2
:10C46800FB681B681E4A934201D1012300E00023A8
:10C47800002B20D0FB68DB6D03F01F0301229A40DC
:10C488003B695A60FB681B683A685A60FB689B689E
:10C49800402B08D1FB681B687A689A60FB681B68A8
:10C4A800BA68DA6007E0FB681B68BA689A60FB68DC
:10C4B8001B687A68DA6000BF1C37BD465DF8047BEC
:10C4C800704700BF085402581C5402583054025890
:10C4D80044540258585402586C5402588054025814
:10C4E8009454025880B485B000AF78607B681B68AC
:10C4F800424A93424AD07B681B68414A934245D0DE
:10C508007B681B683F4A934240D07B681B683E4A61
:10C5180093423BD07B681B683C4A934236D07B6889
:10C528001B683B4A934231D07B681B68394A934267
:10C538002CD07B681B68384A934227D07B681B68DD
:10C54800364A934222D07B681B68354A93421DD0F5
:10C558007B681B68334A934218D07B681B68324A51
:10C56800934213D07B681B68304A93420ED07B6895
:10C578001B682F4A934209D07B681B682D4A934257
:10C5880004D07B681B682C4A934201D1012300E048
:10C598000023002B24D07B681B68DBB2103B274AA2
:10C5A800A2FB03231B09FB60FB6803F00703244A73
:10C5B800D35C1A467B68DA65FB68032B08D97B686D
:10C5C8001B681A461F4B13401A1D7B689A650DE0BD
:10C5D8007B681B681A461B4B13407A68936505E015
:10C5E8007B681B6823F0FF027B689A657B689B6DFC
:10C5F80018461437BD465DF8047B704710000240AA
:10C6080028000240400002405800024070000240EA
:10C6180088000240A0000240B80002401004024016
:10C6280028040240400402405804024070040240BA
:10C6380088040240A0040240B8040240ABAAAAAA97
:10C64800C814010800FCFFFF80B485B000AF786013
:10C658000023FB737B689B69002B20D17B689B6A56
:10C66800032B58D801A252F823F000BF85C6000852
:10C6780097C6000885C600081FC700087B68DB6AE4
:10C6880003F08073002B48D00123FB7345E07B68DF
:10C69800DB6AB3F1C07F42D10123FB733FE07B68C3
:10C6A8009B69B3F5005F23D17B689B6A032B38D85D
:10C6B80001A252F823F000BFD1C60008D7C600086F
:10C6C800D1C60008E9C600080123FB7330E07B6887
:10C6D800DB6A03F08073002B25D00123FB7322E073
:10C6E8007B68DB6AB3F1C07F1FD10123FB731CE0B9
:10C6F8007B689B6A022B02D9032B03D018E0012325
:10C70800FB7315E07B68DB6A03F08073002B0ED0A7
:10C718000123FB730BE000BF0AE000BF08E000BF85
:10C7280006E000BF04E000BF02E000BF00E000BF79
:10C73800FB7B18461437BD465DF8047B704700BF85
:10C7480080B485B000AF78607B681B68BB607B688D
:10C758001B68384A934222D07B681B68364A93424A
:10C768001DD07B681B68354A934218D07B681B68CC
:10C77800334A934213D07B681B68324A93420ED0E7
:10C788007B681B68304A934209D07B681B682F4A34
:10C79800934204D07B681B682D4A934201D1012340
:10C7A80000E00023002B1AD07B681B68DBB2083B33
:10C7B800284AA2FB03231B09FB60FA68264B134493
:10C7C8009B001A467B681A667B68244A5A66FB688F
:10C7D80003F01F0301229A407B689A6624E07B6875
:10C7E8001B68DBB2103B1E4AA2FB03231B09FB603C
:10C7F800BB681C4A934206D8BB681B4A934202D9BD
:10C80800FB680833FB60FA68184B13449B001A4610
:10C818007B681A667B68164A5A66FB6803F01F0332
:10C8280001229A407B689A6600BF1437BD465DF8BE
:10C83800047B7047085402581C540258305402585C
:10C8480044540258585402586C54025880540258A0
:10C8580094540258CDCCCCCC00960016805802587F
:10C86800ABAAAAAAB80402400F0402400082001032
:10C878008008024080B485B000AF78607B685B6850
:10C88800DBB2FB60FB68002B4AD0FB68082B47D85B
:10C898007B681B68254A934222D07B681B68244A20
:10C8A80093421DD07B681B68224A934218D07B684C
:10C8B8001B68214A934213D07B681B681F4A934226
:10C8C8000ED07B681B681E4A934209D07B681B68A0
:10C8D8001C4A934204D07B681B681B4A934201D1CF
:10C8E800012300E00023002B0AD0FA68174B1344F9
:10C8F8009B001A467B68DA667B68154A1A6709E066
:10C90800FA68144B13449B001A467B68DA667B6806
:10C91800114A1A67FB68013B01229A407B685A67F3
:10C9280000BF1437BD465DF8047B704708540258B1
:10C938001C5402583054025844540258585402584F
:10C948006C54025880540258945402583F9600166A
:10C95800405902583F8200104009024080B584B017
:10C9680000AF7860194BDB6803F00403042B0AD08E
:10C97800164BDB6803F007037A689A4201D001235B
:10C988001FE000231DE0114BDB6823F007020F496D
:10C998007B681343CB6000F029FAF86009E000F0E7
:10C9A80025FA0246FB68D31AB3F57A7F01D9012329
:10C9B80007E0064B5B6803F40053B3F5005FEED164
:10C9C800002318461037BD4680BD00BF00480258F6
:10C9D80080B485B000AF78607B6803F00703FB6024
:10C9E8000B4BDB68BB60BA684FF6FF031340BB60B4
:10C9F800FB681A02BB681A43064B1343BB60044A20
:10CA0800BB68D36000BF1437BD465DF8047B704730
:10CA180000ED00E00000FA0580B400AF044BDB68CD
:10CA28001B0A03F007031846BD465DF8047B7047F0
:10CA380000ED00E080B483B000AF0346FB80B7F997
:10CA48000630002B0BDBFB8803F01F020749B7F900
:10CA580006305B09012000FA02F241F8232000BFEA
:10CA68000C37BD465DF8047B704700BF00E100E06D
:10CA780080B483B000AF03463960FB80B7F9063055
:10CA8800002B0ADB3B68DAB20C49B7F90630120111
:10CA9800D2B20B4483F800230AE03B68DAB20849B3
:10CAA800FB8803F00F03043B1201D2B20B441A7641
:10CAB80000BF0C37BD465DF8047B704700E100E01D
:10CAC80000ED00E080B489B000AFF860B9607A602A
:10CAD800FB6803F00703FB61FB69C3F10703042B41
:10CAE80028BF0423BB61FB690433062B02D9FB6909
:10CAF800033B00E000237B614FF0FF32BB6902FA81
:10CB080003F3DA43BB681A407B699A404FF0FF3160
:10CB18007B6901FA03F3D9437B680B40134318463A
:10CB28002437BD465DF8047B7047000080B582B0AD
:10CB380000AF78607B68013BB3F1807F01D30123AC
:10CB48000FE00A4A7B68013B53600F214FF0FF302A
:10CB5800FFF78EFF054B00229A60044B07221A60EC
:10CB6800002318460837BD4680BD00BF10E000E02E
:10CB780080B582B000AF78607868FFF729FF00BF02
:10CB88000837BD4680BD80B586B000AF0346B960A2
:10CB98007A60FB81FFF740FF78617A68B968786945
:10CBA800FFF790FF0246B7F90E3011461846FFF717
:10CBB8005FFF00BF1837BD4680BD80B582B000AFAB
:10CBC8000346FB80B7F906301846FFF733FF00BF6E
:10CBD8000837BD4680BD80B582B000AF7860786800
:10CBE800FFF7A4FF034618460837BD4680BD00007E
:10CBF80080B400AFBFF35F8F00BF074B5B6A064A84
:10CC080023F480335362054B00225A6000BFBD46AF
:10CC18005DF8047B704700BF00ED00E090ED00E098
:10CC280080B483B000AF78600B4A7B6843F001039F
:10CC380053600A4B5B6A094A43F480335362BFF37B
:10CC48004F8F00BFBFF36F8F00BF00BF0C37BD46CB
:10CC58005DF8047B704700BF90ED00E000ED00E058
:10CC680080B483B000AF78607B685A781B4B9A60B9
:10CC78001A4B1B69194A23F001031361174A7B6891
:10CC88005B68D3607B681B7B1A077B68DB7A1B06B3
:10CC98001A437B689B7ADB041A437B685B7B9B04A3
:10CCA8001A437B689B7B5B041A437B68DB7B1B0412
:10CCB8001A437B685B7A1B021A437B681B7A5B000A
:10CCC80013437A6812781146044A0B43136100BF74
:10CCD8000C37BD465DF8047B704700BF90ED00E05F
:10CCE80080B582B000AF0320FFF742FFF9F738FFA5
:10CCF8000246154B9B691B0A03F00F031349CB5CD3
:10CD080003F01F0322FA03F37B600F4B9B6903F0C8
:10CD18000F030E4AD35C03F01F037A6822FA03F369
:10CD28000B4A13600B4A7B6813600F2000F014F85D
:10CD38000346002B01D0012302E0F6F787FF00230A
:10CD480018460837BD4680BD00440258B81401088B
:10CD5800140700201007002080B582B000AF78606B
:10CD6800154B1B78002B01D1012321E0134B1A68C6
:10CD7800114B1B7819464FF47A73B3FBF1F3B2FBEE
:10CD8800F3F31846FFF727FF0346002B01D00123D2
:10CD98000EE07B680F2B0AD8002279684FF0FF302D
:10CDA800FFF7F1FE064A7B681360002300E00123C9
:10CDB80018460837BD4680BD1C0700201007002014
:10CDC8001807002080B400AF064B1B781A46064BA4
:10CDD8001B681344044A136000BFBD465DF8047B1A
:10CDE800704700BF1C0700201427002080B400AF44
:10CDF800034B1B681846BD465DF8047B704700BFAF
:10CE08001427002080B584B000AF7860FFF7EEFFEC
:10CE1800B8607B68FB60FB68B3F1FF3F05D00A4B45
:10CE28001B781A46FB681344FB6000BFFFF7DEFF60
:10CE38000246BB68D31AFA689A42F7D800BF00BF07
:10CE48001037BD4680BD00BF1C07002080B400AF6E
:10CE5800034B1B681B0C1846BD465DF8047B7047E6
:10CE68000010005C80B582B000AF78607B68002B52
:10CE780001D101238BE07B6893F84130DBB2002BB2
:10CE880006D17B68002283F840207868F6F7B4FF63
:10CE98007B68242283F841207B681B681A687B68BA
:10CEA8001B6822F001021A607B685A687B681B685D
:10CEB80022F070621A617B681B689A687B681B683D
:10CEC80022F400429A607B68DB68012B07D17B68FB
:10CED8009A687B681B6842F400429A6006E07B68A7
:10CEE8009A687B681B6842F404429A607B68DB6836
:10CEF800022B08D17B681B685A687B681B6842F460
:10CF080000625A6007E07B681B685A687B681B6888
:10CF180022F400625A607B681B6859687B681A684B
:10CF28001D4B0B4353607B681B68DA687B681B6882
:10CF380022F40042DA607B681A697B685B6942EA1E
:10CF480003017B689B691A027B681B680A43DA60E5
:10CF58007B68D9697B681A6A7B681B680A431A6010
:10CF68007B681B681A687B681B6842F001021A60BC
:10CF78007B6800225A647B68202283F841207B6802
:10CF880000221A637B68002283F842200023184697
:10CF98000837BD4680BD00BF0080000280B483B062
:10CFA80000AF786039607B6893F84130DBB2202BA2
:10CFB80038D17B6893F84030012B01D1022332E04D
:10CFC8007B68012283F840207B68242283F8412073
:10CFD8007B681B681A687B681B6822F001021A606C
:10CFE8007B681B681A687B681B6822F480521A6089
:10CFF8007B681B6819687B681B683A680A431A6073
:10D008007B681B681A687B681B6842F001021A601B
:10D018007B68202283F841207B68002283F8402027
:10D02800002300E0022318460C37BD465DF8047B58
:10D03800704780B485B000AF786039607B6893F83A
:10D048004130DBB2202B39D17B6893F84030012B7B
:10D0580001D1022333E07B68012283F840207B68FA
:10D06800242283F841207B681B681A687B681B6848
:10D0780022F001021A607B681B681B68FB60FB6872
:10D0880023F47063FB603B681B02FA681343FB6080
:10D098007B681B68FA681A607B681B681A687B687B
:10D0A8001B6842F001021A607B68202283F8412045
:10D0B8007B68002283F84020002300E00223184602
:10D0C8001437BD465DF8047B704780B483B000AF69
:10D0D80078607B68002B01D1012330E07B68022255
:10D0E8001A717B681B681A687B681B6822F020022B
:10D0F8001A607B681B6823F0FF031B687A68126854
:10D1080022F0FF0223F00F0313607B681B681A6884
:10D118007B681B6822F01C021A607B681B685A68CF
:10D128007B681B6822F007025A607B6800229A60BD
:10D138007B680022DA607B6801221A710023184696
:10D148000C37BD465DF8047B704780B582B000AFF0
:10D1580078607B68002B01D1012349E07B6893F854
:10D168003D30DBB2002B06D17B68002283F83C20DF
:10D178007868F6F7ABFE7B68022283F83D207B686F
:10D188001A687B6804331946104600F0C1FF7B68B3
:10D19800012283F848207B68012283F83E207B68BF
:10D1A800012283F83F207B68012283F840207B68B6
:10D1B800012283F841207B68012283F842207B68A2
:10D1C800012283F843207B68012283F844207B688E
:10D1D800012283F845207B68012283F846207B687A
:10D1E800012283F847207B68012283F83D20002331
:10D1F80018460837BD4680BD80B485B000AF78605A
:10D208007B6893F83D30DBB2012B01D001234CE061
:10D218007B68022283F83D207B681B68264A93427C
:10D2280022D07B681B68B3F1804F1DD07B681B68D8
:10D23800224A934218D07B681B68214A934213D034
:10D248007B681B681F4A93420ED07B681B681E4A86
:10D25800934209D07B681B681C4A934204D07B68C0
:10D268001B681B4A934215D17B681B689A68194B47
:10D278001340FB60FB68062B15D0FB68B3F5803FB5
:10D2880011D07B681B681A687B681B6842F0010232
:10D298001A6008E07B681B681A687B681B6842F0A4
:10D2A80001021A6000E000BF002318461437BD468B
:10D2B8005DF8047B704700BF000001400004004097
:10D2C80000080040000C0040000401400018004025
:10D2D800004001400700010080B485B000AF7860CD
:10D2E8007B6893F83D30DBB2012B01D0012354E079
:10D2F8007B68022283F83D207B681B68DA687B68BC
:10D308001B6842F00102DA607B681B68264A934278
:10D3180022D07B681B68B3F1804F1DD07B681B68E7
:10D32800224A934218D07B681B68214A934213D043
:10D338007B681B681F4A93420ED07B681B681E4A95
:10D34800934209D07B681B681C4A934204D07B68CF
:10D358001B681B4A934215D17B681B689A68194B56
:10D368001340FB60FB68062B15D0FB68B3F5803FC4
:10D3780011D07B681B681A687B681B6842F0010241
:10D388001A6008E07B681B681A687B681B6842F0B3
:10D3980001021A6000E000BF002318461437BD469A
:10D3A8005DF8047B704700BF0000014000040040A6
:10D3B80000080040000C0040000401400018004034
:10D3C800004001400700010080B483B000AF7860DE
:10D3D8007B681B68DA687B681B6822F00102DA60E8
:10D3E8007B681B681A6A41F211131340002B0FD196
:10D3F8007B681B681A6A40F244431340002B07D12C
:10D408007B681B681A687B681B6822F001021A6037
:10D418007B68012283F83D20002318460C37BD465F
:10D428005DF8047B704780B582B000AF78607B6898
:10D43800002B01D1012349E07B6893F83D30DBB232
:10D44800002B06D17B68002283F83C20786800F026
:10D4580041F87B68022283F83D207B681A687B6864
:10D4680004331946104600F053FE7B68012283F806
:10D4780048207B68012283F83E207B68012283F8DC
:10D488003F207B68012283F840207B68012283F8D3
:10D4980041207B68012283F842207B68012283F8BF
:10D4A80043207B68012283F844207B68012283F8AB
:10D4B80045207B68012283F846207B68012283F897
:10D4C80047207B68012283F83D200023184608374F
:10D4D800BD4680BD80B483B000AF786000BF0C3714
:10D4E800BD465DF8047B704780B584B000AF7860B6
:10D4F80039603B68002B09D17B6893F83E30DBB27A
:10D50800012B14BF01230023DBB23CE03B68042B52
:10D5180009D17B6893F83F30DBB2012B14BF01239C
:10D528000023DBB22FE03B68082B09D17B6893F816
:10D538004030DBB2012B14BF01230023DBB222E011
:10D548003B680C2B09D17B6893F84130DBB2012B87
:10D5580014BF01230023DBB215E03B68102B09D16F
:10D568007B6893F84230DBB2012B14BF0123002300
:10D57800DBB208E07B6893F84330DBB2012B14BFC1
:10D5880001230023DBB2002B01D00123A1E03B687B
:10D59800002B04D17B68022283F83E2023E03B68FD
:10D5A800042B04D17B68022283F83F201BE03B68F0
:10D5B800082B04D17B68022283F8402013E03B68E3
:10D5C8000C2B04D17B68022283F841200BE03B68D6
:10D5D800102B04D17B68022283F8422003E07B6889
:10D5E800022283F843207B681B68012239681846A9
:10D5F80001F0A8F97B681B68384A934213D07B680E
:10D608001B68374A93420ED07B681B68354A9342A1
:10D6180009D07B681B68344A934204D07B681B6836
:10D62800324A934201D1012300E00023002B07D0A6
:10D638007B681B685A6C7B681B6842F400425A641A
:10D648007B681B68254A934222D07B681B68B3F12C
:10D65800804F1DD07B681B68254A934218D07B6891
:10D668001B68244A934213D07B681B68224A934262
:10D678000ED07B681B681A4A934209D07B681B68E6
:10D688001E4A934204D07B681B68164A934215D100
:10D698007B681B689A681A4B1340FB60FB68062B73
:10D6A80015D0FB68B3F5803F11D07B681B681A68FA
:10D6B8007B681B6842F001021A6008E07B681B68FF
:10D6C8001A687B681B6842F001021A6000E000BF1C
:10D6D800002318461037BD4680BD00BF000001403A
:10D6E800000401400040014000440140004801405E
:10D6F8000004004000080040000C004000180040F2
:10D708000700010080B582B000AF786039607B689F
:10D718001B6800223968184601F014F97B681B68F9
:10D728003E4A934213D07B681B683D4A93420ED011
:10D738007B681B683B4A934209D07B681B683A4A5E
:10D74800934204D07B681B68384A934201D1012375
:10D7580000E00023002B17D07B681B681A6A41F28F
:10D7680011131340002B0FD17B681B681A6A40F213
:10D7780044431340002B07D17B681B685A6C7B68B5
:10D788001B6822F400425A647B681B681A6A41F2DB
:10D7980011131340002B0FD17B681B681A6A40F2E3
:10D7A80044431340002B07D17B681B681A687B68C9
:10D7B8001B6822F001021A603B68002B04D17B68C9
:10D7C800012283F83E2023E03B68042B04D17B68C8
:10D7D800012283F83F201BE03B68082B04D17B68BB
:10D7E800012283F8402013E03B680C2B04D17B68AE
:10D7F800012283F841200BE03B68102B04D17B68A1
:10D80800012283F8422003E07B68012283F8432049
:10D81800002318460837BD4680BD00BF0000014000
:10D82800000401400040014000440140004801401C
:10D8380080B586B000AF786039607B68002B01D175
:10D8480001238FE07B6893F83D30DBB2002B06D1D3
:10D858007B68002283F83C207868F6F78DFB7B68AC
:10D86800022283F83D207B681B6899687B681A68E8
:10D878003E4B0B4093607B681A687B6804331946FB
:10D88800104600F045FC7B681B689B687B617B68E1
:10D898001B689B693B617B681B681B6AFB603B6874
:10D8A8001B687A6913437B613A69314B13403B61CA
:10D8B8003B689A683B689B691B0213433A691343A8
:10D8C8003B613A692B4B13403B613A692A4B134041
:10D8D8003B613B68DA683B68DB691B0213433A69C2
:10D8E80013433B613B681B691A013B681B6A1B03B6
:10D8F80013433A6913433B61FB6823F02203FB603F
:10D90800FB6823F08803FB603B685A683B685B69E7
:10D918001B011343FA681343FB607B681B687A6931
:10D928009A607B681B683A699A617B681B68FA6829
:10D938001A627B68012283F848207B68012283F8F9
:10D948003E207B68012283F83F207B68012283F810
:10D9580044207B68012283F845207B68012283F8F4
:10D968003D20002318461837BD4680BDF8BFFEFF8E
:10D97800FCFCFFFFF3F3FFFF0F0FFFFF80B584B040
:10D9880000AF786039607B6893F83E30FB737B6842
:10D9980093F83F30BB737B6893F844307B737B68A4
:10D9A80093F845303B733B68002B10D1FB7B012B70
:10D9B80002D17B7B012B01D0012369E07B68022225
:10D9C80083F83E207B68022283F8442031E03B68DC
:10D9D800042B10D1BB7B012B02D13B7B012B01D047
:10D9E800012355E07B68022283F83F207B680222EE
:10D9F80083F845201DE0FB7B012B08D1BB7B012B65
:10DA080005D17B7B012B02D13B7B012B01D001236C
:10DA18003EE07B68022283F83E207B68022283F87E
:10DA28003F207B68022283F844207B68022283F827
:10DA380045203B68002B03D03B68042B08D00FE03F
:10DA48007B681B6801220021184600F07BFF16E066
:10DA58007B681B6801220421184600F073FF0EE062
:10DA68007B681B6801220021184600F06BFF7B6869
:10DA78001B6801220421184600F064FF00BF7B6880
:10DA88001B681A687B681B6842F001021A60002351
:10DA980018461037BD4680BD80B584B000AF7860A9
:10DAA8007B681B68DB68FB607B681B681B69BB6065
:10DAB800BB6803F00203002B20D0FB6803F00203CD
:10DAC800002B1BD07B681B686FF002021A617B6811
:10DAD80001221A777B681B689B6903F00303002BFC
:10DAE80003D0786800F0F6FA05E0786800F0E8FA04
:10DAF800786800F0F9FA7B6800221A77BB6803F0AF
:10DB08000403002B20D0FB6803F00403002B1BD078
:10DB18007B681B686FF004021A617B6802221A771F
:10DB28007B681B689B6903F44073002B03D07868FB
:10DB380000F0D0FA05E0786800F0C2FA786800F0E2
:10DB4800D3FA7B6800221A77BB6803F00803002B1E
:10DB580020D0FB6803F00803002B1BD07B681B68F0
:10DB68006FF008021A617B6804221A777B681B68C9
:10DB7800DB6903F00303002B03D0786800F0AAFAEE
:10DB880005E0786800F09CFA786800F0ADFA7B68E8
:10DB980000221A77BB6803F01003002B20D0FB6823
:10DBA80003F01003002B1BD07B681B686FF010027A
:10DBB8001A617B6808221A777B681B68DB6903F4A3
:10DBC8004073002B03D0786800F084FA05E0786889
:10DBD80000F076FA786800F087FA7B6800221A77F6
:10DBE800BB6803F00103002B0CD0FB6803F00103B2
:10DBF800002B07D07B681B686FF001021A617868F8
:10DC0800F2F742FFBB6803F08003002B04D1BB6826
:10DC180003F40053002B0CD0FB6803F08003002BA7
:10DC280007D07B681B686FF402521A61786800F0AD
:10DC3800C5FFBB6803F48073002B0CD0FB6803F0AE
:10DC48008003002B07D07B681B686FF480721A6111
:10DC5800786800F0BDFFBB6803F04003002B0CD0D0
:10DC6800FB6803F04003002B07D07B681B686FF04C
:10DC780040021A61786800F041FABB6803F020039B
:10DC8800002B0CD0FB6803F02003002B07D07B6827
:10DC98001B686FF020021A61786800F085FF00BFEA
:10DCA8001037BD4680BD000080B586B000AFF86073
:10DCB800B9607A600023FB75FB6893F83C30012B50
:10DCC80001D10223FFE0FB68012283F83C207B6836
:10DCD800142B00F2F08001A252F823F039DD00087D
:10DCE800BFDE0008BFDE0008BFDE000879DD0008DF
:10DCF800BFDE0008BFDE0008BFDE0008BBDD00088D
:10DD0800BFDE0008BFDE0008BFDE0008FBDD00083C
:10DD1800BFDE0008BFDE0008BFDE00083DDE0008E9
:10DD2800BFDE0008BFDE0008BFDE00087DDE000899
:10DD3800FB681B68B968184600F090FAFB681B6816
:10DD48009A69FB681B6842F008029A61FB681B68C5
:10DD58009A69FB681B6822F004029A61FB681B68D9
:10DD68009969BB681A69FB681B680A439A61A5E050
:10DD7800FB681B68B968184600F000FBFB681B6865
:10DD88009A69FB681B6842F400629A61FB681B6829
:10DD98009A69FB681B6822F480629A61FB681B68B9
:10DDA8009969BB681B691A02FB681B680A439A6178
:10DDB80084E0FB681B68B968184600F069FBFB68DB
:10DDC8001B68DA69FB681B6842F00802DA61FB68C5
:10DDD8001B68DA69FB681B6822F00402DA61FB68D9
:10DDE8001B68D969BB681A69FB681B680A43DA6152
:10DDF80064E0FB681B68B968184600F0D1FBFB6853
:10DE08001B68DA69FB681B6842F40062DA61FB6828
:10DE18001B68DA69FB681B6822F48062DA61FB68B8
:10DE28001B68D969BB681B691A02FB681B680A432F
:10DE3800DA6143E0FB681B68B968184600F01AFC11
:10DE4800FB681B685A6DFB681B6842F008025A653C
:10DE5800FB681B685A6DFB681B6822F004025A6550
:10DE6800FB681B68596DBB681A69FB681B680A4325
:10DE78005A6523E0FB681B68B968184600F05EFC29
:10DE8800FB681B685A6DFB681B6842F400625A65A0
:10DE9800FB681B685A6DFB681B6822F480625A6530
:10DEA800FB681B68596DBB681B691A02FB681B6815
:10DEB8000A435A6502E00123FB7500BFFB68002294
:10DEC80083F83C20FB7D18461837BD4680BD00BF4F
:10DED80080B584B000AF786039600023FB737B683D
:10DEE80093F83C30012B01D10223DCE07B6801224E
:10DEF80083F83C207B68022283F83D207B681B68FE
:10DF08009B68BB60BA686A4B1340BB60BB6823F46C
:10DF18007F43BB607B681B68BA689A603B681B6874
:10DF2800644A934200F0A980624A934200F2AE80AC
:10DF3800614A934200F0A1805F4A934200F2A680B2
:10DF48005E4A934200F099805C4A934200F29E80B8
:10DF5800B3F1101F00F09180B3F1101F00F296800A
:10DF6800B3F5801F00F08980B3F5801F00F28E8022
:10DF7800B3F5005F3ED0B3F5005F00F28780B3F5DC
:10DF8800805F00F08680B3F5805F7FD8702B1AD051
:10DF9800702B7BD8602B50D0602B77D8502B3CD07F
:10DFA800502B73D8402B58D0402B6FD8302B64D0CF
:10DFB800302B6BD8202B60D0202B67D8002B5CD05F
:10DFC800102B5AD062E07B6818683B6899683B68F8
:10DFD8005A683B68DB6800F095FC7B681B689B68A7
:10DFE800BB60BB6843F07703BB607B681B68BA689B
:10DFF8009A604FE07B6818683B6899683B685A6884
:10E008003B68DB6800F07EFC7B681B689A687B686D
:10E018001B6842F480429A603CE07B6818683B6861
:10E0280059683B68DB681A4600F0EEFB7B681B68A2
:10E038005021184600F048FC2CE07B6818683B68C3
:10E0480059683B68DB681A4600F00DFC7B681B6862
:10E058006021184600F038FC1CE07B6818683B68B3
:10E0680059683B68DB681A4600F0CEFB7B681B6882
:10E078004021184600F028FC0CE07B681A683B68D1
:10E088001B681946104600F01FFC03E00123FB73D0
:10E0980000E000BF7B68012283F83D207B680022F6
:10E0A80083F83C20FB7B18461037BD4680BD00BF77
:10E0B80088FFCEFF40001000300010002000100044
:10E0C80080B483B000AF786000BF0C37BD465DF800
:10E0D800047B704780B483B000AF786000BF0C3712
:10E0E800BD465DF8047B704780B483B000AF7860AC
:10E0F80000BF0C37BD465DF8047B704780B483B021
:10E1080000AF786000BF0C37BD465DF8047B7047F0
:10E1180080B485B000AF786039607B681B68FB60AD
:10E128007B68464A934213D07B68B3F1804F0FD087
:10E138007B68434A93420BD07B68424A934207D09C
:10E148007B68414A934203D07B68404A934208D196
:10E15800FB6823F07003FB603B685B68FA68134355
:10E16800FB607B68354A93421FD07B68B3F1804FD0
:10E178001BD07B68324A934217D07B68314A93425E
:10E1880013D07B68304A93420FD07B682F4A934262
:10E198000BD07B682E4A934207D07B682D4A934266
:10E1A80003D07B682C4A934208D1FB6823F4407360
:10E1B800FB603B68DB68FA681343FB60FB6823F08D
:10E1C80080023B685B691343FB607B68FA681A60EE
:10E1D8003B689A687B68DA623B681A687B689A626F
:10E1E8007B68164A93420FD07B68184A93420BD03B
:10E1F8007B68174A934207D07B68164A934203D03C
:10E208007B68154A934203D13B681A697B681A6395
:10E218007B6801225A617B681B6903F00103012BAB
:10E2280005D17B681B6923F001027B681A6100BF76
:10E238001437BD465DF8047B704700BF00000140FD
:10E248000004004000080040000C004000040140A9
:10E2580000400140004401400048014080B487B0BC
:10E2680000AF786039607B681B6A7B617B681B6ADA
:10E2780023F001027B681A627B685B683B617B68FC
:10E288009B69FB60FA68374B1340FB60FB6823F01F
:10E298000303FB603B681B68FA681343FB607B69F8
:10E2A80023F002037B613B689B687A6913437B61B7
:10E2B8007B682D4A93420FD07B682C4A93420BD03F
:10E2C8007B682B4A934207D07B682A4A934203D043
:10E2D8007B68294A93420CD17B6923F008037B6150
:10E2E8003B68DB687A6913437B617B6923F004032D
:10E2F8007B617B681C4A93420FD07B681B4A934220
:10E308000BD07B681A4A934207D07B68194A93421C
:10E3180003D07B68184A934211D13B6923F4807378
:10E328003B613B6923F400733B613B685B693A6975
:10E3380013433B613B689B693A6913433B617B68C4
:10E348003A695A607B68FA689A613B685A687B68E0
:10E358005A637B687A691A6200BF1C37BD465DF84C
:10E36800047B70478FFFFEFF00000140000401405E
:10E3780000400140004401400048014080B487B09B
:10E3880000AF786039607B681B6A7B617B681B6AB9
:10E3980023F010027B681A627B685B683B617B68CC
:10E3A8009B69FB60FA68344B1340FB60FB6823F4FD
:10E3B8004073FB603B681B681B02FA681343FB60F1
:10E3C8007B6923F020037B613B689B681B017A69AA
:10E3D80013437B617B68294A934203D07B68284AB0
:10E3E80093420DD17B6923F080037B613B68DB6836
:10E3F8001B017A6913437B617B6923F040037B61CE
:10E408007B681E4A93420FD07B681D4A93420BD00B
:10E418007B681C4A934207D07B681B4A934203D00F
:10E428007B681A4A934213D13B6923F480633B61AA
:10E438003B6923F400633B613B685B699B003A6975
:10E4480013433B613B689B699B003A6913433B61FB
:10E458007B683A695A607B68FA689A613B685A68CF
:10E468007B689A637B687A691A6200BF1C37BD466D
:10E478005DF8047B704700BFFF8FFFFE000001407E
:10E4880000040140004001400044014000480140B0
:10E4980080B487B000AF786039607B681B6A7B61A5
:10E4A8007B681B6A23F480727B681A627B685B68EE
:10E4B8003B617B68DB69FB60FA68334B1340FB60A8
:10E4C800FB6823F00303FB603B681B68FA6813438F
:10E4D800FB607B6923F400737B613B689B681B02CC
:10E4E8007A6913437B617B68284A934203D07B682F
:10E4F800274A93420DD17B6923F400637B613B6813
:10E50800DB681B027A6913437B617B6923F48063B0
:10E518007B617B681D4A93420FD07B681C4A9342FB
:10E528000BD07B681B4A934207D07B681A4A9342F8
:10E5380003D07B68194A934213D13B6923F4805373
:10E548003B613B6923F400533B613B685B691B01FA
:10E558003A6913433B613B689B691B013A69134362
:10E568003B617B683A695A607B68FA68DA613B68A4
:10E578005A687B68DA637B687A691A6200BF1C375D
:10E58800BD465DF8047B70478FFFFEFF0000014029
:10E59800000401400040014000440140004801409F
:10E5A80080B487B000AF786039607B681B6A3B61D4
:10E5B8007B681B6A23F480527B681A627B685B68FD
:10E5C8007B617B68DB69FB60FA68244B1340FB6066
:10E5D800FB6823F44073FB603B681B681B02FA6806
:10E5E8001343FB603B6923F400533B613B689B6822
:10E5F8001B033A6913433B617B68194A93420FD066
:10E608007B68184A93420BD07B68174A934207D01D
:10E618007B68164A934203D07B68154A934209D116
:10E628007B6923F480437B613B685B699B017A6962
:10E6380013437B617B687A695A607B68FA68DA61A0
:10E648003B685A687B681A647B683A691A6200BF3B
:10E658001C37BD465DF8047B704700BFFF8FFFFE87
:10E668000000014000040140004001400044014016
:10E678000048014080B487B000AF786039607B689B
:10E688001B6A3B617B681B6A23F480327B681A62D1
:10E698007B685B687B617B685B6DFB60FA68214B1C
:10E6A8001340FB603B681B68FA681343FB603B69D7
:10E6B80023F400333B613B689B681B043A691343AE
:10E6C8003B617B68184A93420FD07B68174A934294
:10E6D8000BD07B68164A934207D07B68154A934251
:10E6E80003D07B68144A934209D17B6923F48033B1
:10E6F8007B613B685B691B027A6913437B617B68BA
:10E708007A695A607B68FA685A653B685A687B6818
:10E718009A657B683A691A6200BF1C37BD465DF886
:10E72800047B70478FFFFEFF00000140000401409A
:10E7380000400140004401400048014080B487B0D7
:10E7480000AF786039607B681B6A3B617B681B6A35
:10E7580023F480127B681A627B685B687B617B6844
:10E768005B6DFB60FA68224B1340FB603B681B68DB
:10E778001B02FA681343FB603B6923F400133B61F7
:10E788003B689B681B053A6913433B617B68194AE0
:10E7980093420FD07B68184A93420BD07B68174A84
:10E7A800934207D07B68164A934203D07B68154A88
:10E7B800934209D17B6923F480237B613B685B69C1
:10E7C8009B027A6913437B617B687A695A607B682C
:10E7D800FA685A653B685A687B68DA657B683A6903
:10E7E8001A6200BF1C37BD465DF8047B704700BF46
:10E7F800FF8FFFFE0000014000040140004001407F
:10E80800004401400048014080B487B000AFF86080
:10E81800B9607A60FB681B6A7B61FB681B6A23F03E
:10E828000102FB681A62FB689B693B613B6923F044
:10E83800F0033B617B681B013A6913433B617B69C9
:10E8480023F00A037B617A69BB6813437B61FB6829
:10E858003A699A61FB687A691A6200BF1C37BD463B
:10E868005DF8047B704780B487B000AFF860B9608A
:10E878007A60FB681B6A7B61FB681B6A23F01002E5
:10E88800FB681A62FB689B693B613B6923F4704330
:10E898003B617B681B033A6913433B617B6923F047
:10E8A800A0037B61BB681B017A6913437B61FB682A
:10E8B8003A699A61FB687A691A6200BF1C37BD46DB
:10E8C8005DF8047B7047000080B485B000AF7860C5
:10E8D80039607B689B68FB60FA68094B1340FB60F2
:10E8E8003A68FB68134343F00703FB607B68FA68E8
:10E8F8009A6000BF1437BD465DF8047B704700BFBF
:10E908008FFFCFFF80B487B000AFF860B9607A603E
:10E918003B60FB689B687B617B6923F47F437B6179
:10E928003B681A027B681A43BB6813437A6913432E
:10E938007B61FB687A699A6000BF1C37BD465DF849
:10E94800047B704780B487B000AFF860B9607A6024
:10E95800BB6803F01F03012202FA03F37B61FB6823
:10E968001A6A7B69DB431A40FB681A62FB681A6AF9
:10E97800BB6803F01F03796801FA03F31A43FB68C5
:10E988001A6200BF1C37BD465DF8047B7047000063
:10E9980080B485B000AF786039607B6893F83C300C
:10E9A800012B01D102236DE07B68012283F83C2012
:10E9B8007B68022283F83D207B681B685B68FB60EC
:10E9C8007B681B689B68BB607B681B68304A934206
:10E9D80004D07B681B682F4A934208D1FB6823F454
:10E9E8007003FB603B685B68FA681343FB60FB6875
:10E9F80023F07003FB603B681B68FA681343FB60F5
:10EA08007B681B68FA685A607B681B68204A9342D7
:10EA180022D07B681B68B3F1804F1DD07B681B68D0
:10EA28001D4A934218D07B681B681C4A934213D036
:10EA38007B681B681A4A93420ED07B681B68154A8C
:10EA4800934209D07B681B68164A934204D07B68BE
:10EA58001B68154A93420CD1BB6823F08003BB6046
:10EA68003B689B68BA681343BB607B681B68BA68DD
:10EA78009A607B68012283F83D207B68002283F836
:10EA88003C20002318461437BD465DF8047B7047C8
:10EA9800000001400004014000040040000800405C
:10EAA800000C0040001800400040014080B485B0D0
:10EAB80000AF786039600023FB607B6893F83C30D6
:10EAC800012B01D1022365E07B68012283F83C20F9
:10EAD800FB6823F0FF023B68DB681343FB60FB68BD
:10EAE80023F440723B689B681343FB60FB6823F484
:10EAF80080623B685B681343FB60FB6823F4006239
:10EB08003B681B681343FB60FB6823F480523B6837
:10EB18001B691343FB60FB6823F400523B685B6985
:10EB28001343FB60FB6823F480423B689B6A1343F2
:10EB3800FB60FB6823F470223B689B691B0413434A
:10EB4800FB607B681B68164A934204D07B681B688D
:10EB5800144A934215D1FB6823F470023B685B6A40
:10EB68001B051343FB60FB6823F080723B68DB697D
:10EB78001343FB60FB6823F000723B681B6A134376
:10EB8800FB607B681B68FA685A647B68002283F81C
:10EB98003C20002318461437BD465DF8047B7047B7
:10EBA800000001400004014080B483B000AF7860E9
:10EBB80000BF0C37BD465DF8047B704780B483B056
:10EBC80000AF786000BF0C37BD465DF8047B704726
:10EBD80080B483B000AF786000BF0C37BD465DF8E5
:10EBE800047B704780B582B000AF78607B68002BEB
:10EBF80001D1012342E07B68D3F88830002B06D18D
:10EC08007B68002283F884207868F5F7BBFA7B6874
:10EC18002422C3F888207B681B681A687B681B68F5
:10EC280022F001021A607B689B6A002B02D0786888
:10EC380001F0ACFB786800F041FE0346012B01D1DE
:10EC480001231BE07B681B685A687B681B6822F4F9
:10EC580090425A607B681B689A687B681B6822F040
:10EC68002A029A607B681B681A687B681B6842F0F6
:10EC780001021A60786801F02BFC03461846083731
:10EC8800BD4680BD80B58AB002AFF860B9603B6010
:10EC98001346FB80FB68D3F88830202B7BD1BB68F8
:10ECA800002B02D0FB88002B01D1012374E0FB6804
:10ECB8000022C3F89020FB682122C3F88820FEF7C1
:10ECC80095F87861FB68FA88A3F85420FB68FA88FD
:10ECD800A3F85620FB689B68B3F5805F08D1FB68F2
:10ECE8001B69002B04D10023FB61BB68BB6103E0F7
:10ECF800BB68FB610023BB6130E03B6800937B6924
:10ED080000228021F86801F08DFC0346002B05D015
:10ED1800FB682022C3F8882003233DE0FB69002B11
:10ED28000BD1BB691B881A46FB681B68C2F3080233
:10ED38009A62BB690233BB6107E0FB691A78FB681A
:10ED48001B689A62FB690133FB61FB68B3F85630B4
:10ED58009BB2013B9AB2FB68A3F85620FB68B3F854
:10ED680056309BB2002BC8D13B6800937B690022C8
:10ED78004021F86801F056FC0346002B05D0FB68DB
:10ED88002022C3F88820032306E0FB682022C3F86A
:10ED98008820002300E0022318462037BD4680BDA6
:10EDA80080B58AB002AFF860B9603B601346FB805B
:10EDB800FB68D3F88C30202B40F0B580BB68002B63
:10EDC80002D0FB88002B01D10123ADE0FB680022B3
:10EDD800C3F89020FB682222C3F88C20FB6800222D
:10EDE800DA66FEF703F87861FB68FA88A3F85C2016
:10EDF800FB68FA88A3F85E20FB689B68B3F5805F20
:10EE08000ED1FB681B69002B05D1FB6840F2FF128D
:10EE1800A3F860202DE0FB68FF22A3F8602028E01B
:10EE2800FB689B68002B0DD1FB681B69002B04D184
:10EE3800FB68FF22A3F860201BE0FB687F22A3F891
:10EE4800602016E0FB689B68B3F1805F0DD1FB681A
:10EE58001B69002B04D1FB687F22A3F8602008E01F
:10EE6800FB683F22A3F8602003E0FB680022A3F8B8
:10EE78006020FB68B3F860307B82FB689B68B3F561
:10EE8800805F08D1FB681B69002B04D10023FB615C
:10EE9800BB68BB6103E0BB68FB610023BB6136E074
:10EEA8003B6800937B6900222021F86801F0BAFBD7
:10EEB8000346002B05D0FB682022C3F88C200323CF
:10EEC80032E0FB69002B0CD1FB681B685B6A9AB2C5
:10EED8007B8A13409AB2BB691A80BB690233BB6153
:10EEE8000CE0FB681B685B6ADAB27B8ADBB2134012
:10EEF800DAB2FB691A70FB690133FB61FB68B3F88E
:10EF08005E309BB2013B9AB2FB68A3F85E20FB68B7
:10EF1800B3F85E309BB2002BC2D1FB682022C3F845
:10EF28008C20002300E0022318462037BD4680BD10
:10EF380080B58AB000AFF860B9601346FB80FB6803
:10EF4800D3F88C30202B37D1BB68002B02D0FB883C
:10EF5800002B01D1012330E0FB680022DA66FB6850
:10EF68001B68184A93421FD0FB681B685B6803F450
:10EF78000003002B18D0FB681B687B617B6953E892
:10EF8800003F3B613B6943F080637B62FB681B6821
:10EF98001A467B6A3B62FA61F9693A6A41E80023DA
:10EFA800BB61BB69002BE6D1FB881A46B968F868D3
:10EFB80001F0A6FB034600E0022318462837BD46A9
:10EFC80080BD00BF000C005880B590B000AF7860DD
:10EFD8007B68D3F88830FB637B68D3F88C30BB63DD
:10EFE8007B681B689B6803F08003802B39D1FB6B1F
:10EFF800212B36D17B681B6808333B623B6A53E898
:10F00800003FFB61FB6923F080037B637B681B681F
:10F0180008337A6BFA62BB62B96AFA6A41E800237C
:10F028007B627B6A002BE5D17B68DB6F002B15D0F8
:10F038007B68DB6F1846FBF70FFC0346002B0DD0EF
:10F048007B68DB6F1846FDF795F80346202B05D142
:10F058007B681022C3F89020032347E0786801F00A
:10F06800F5FB7B681B689B6803F04003402B3CD191
:10F07800BB6B222B39D17B681B680833FB60FB68AC
:10F0880053E8003FBB60BB6823F040033B637B68E9
:10F098001B6808333A6BBA617B617969BA6941E8E0
:10F0A80000233B613B69002BE5D17B68D3F88030B6
:10F0B800002B17D07B68D3F880301846FBF7CCFBC1
:10F0C8000346002B0ED07B68D3F880301846FDF736
:10F0D80051F80346202B05D17B681022C3F89020F5
:10F0E800032303E0786801F0F3FB00231846403758
:10F0F800BD4680BD80B5BAB000AF78607B681B683C
:10F10800DB69C7F8E4307B681B681B68C7F8E03028
:10F118007B681B689B68C7F8DC30D7F8E42040F6AA
:10F128000F031340C7F8D830D7F8D830002B1BD1BD
:10F13800D7F8E43003F02003002B15D0D7F8E030DF
:10F1480003F02003002B05D1D7F8DC3003F08053FF
:10F15800002B09D07B685B6F002B00F077837B68FE
:10F168005B6F7868984771E3D7F8D830002B00F0C8
:10F178002381D7F8DC208D4B1340002B06D1D7F81C
:10F18800E0208B4B1340002B00F01681D7F8E430B9
:10F1980003F00103002B11D0D7F8E03003F480739B
:10F1A800002B0BD07B681B6801221A627B68D3F89E
:10F1B800903043F001027B68C3F89020D7F8E43020
:10F1C80003F00203002B11D0D7F8DC3003F0010361
:10F1D800002B0BD07B681B6802221A627B68D3F86D
:10F1E800903043F004027B68C3F89020D7F8E430ED
:10F1F80003F00403002B11D0D7F8DC3003F001032F
:10F20800002B0BD07B681B6804221A627B68D3F83A
:10F21800903043F002027B68C3F89020D7F8E430BE
:10F2280003F00803002B17D0D7F8E03003F02003D1
:10F23800002B05D1D7F8DC205C4B1340002B0BD0FA
:10F248007B681B6808221A627B68D3F8903043F009
:10F2580008027B68C3F89020D7F8E43003F4006311
:10F26800002B12D0D7F8E03003F08063002B0CD0CD
:10F278007B681B684FF400621A627B68D3F8903091
:10F2880043F020027B68C3F890207B68D3F8903065
:10F29800002B00F0DD82D7F8E43003F02003002BC8
:10F2A80013D0D7F8E03003F02003002B05D1D7F8AE
:10F2B800DC3003F08053002B07D07B685B6F002B9A
:10F2C80003D07B685B6F786898477B68D3F8903089
:10F2D800C7F8D4307B681B689B6803F04003402B59
:10F2E80005D0D7F8D43003F02803002B54D0786821
:10F2F80001F0EEFA7B681B689B6803F04003402B23
:10F3080046D17B681B680833C7F89C30D7F89C3017
:10F3180053E8003FC7F89830D7F8983023F04003F7
:10F32800C7F8D0307B681B680833D7F8D020C7F8F7
:10F33800A820C7F8A430D7F8A410D7F8A82041E827
:10F348000023C7F8A030D7F8A030002BD9D17B68AC
:10F35800D3F88030002B17D07B68D3F88030154A5B
:10F368001A657B68D3F880301846FBF793FD03468F
:10F37800002B19D07B68D3F880301B6D7A68D2F8DF
:10F388008020104698470FE0786800F081FA0BE07B
:10F39800786800F07DFA07E0786800F079FA7B6811
:10F3A8000022C3F8902053E200BF51E20100001090
:10F3B800200100048B0B01087B68DB6E012B40F0F9
:10F3C800E781D7F8E43003F01003002B00F0E08168
:10F3D800D7F8E03003F01003002B00F0D9817B68E8
:10F3E8001B6810221A627B681B689B6803F0400345
:10F3F800402B40F051817B68D3F880301B68964AD7
:10F40800934268D07B68D3F880301B68934A934254
:10F4180061D07B68D3F880301B68914A93425AD0F8
:10F428007B68D3F880301B688E4A934253D07B6840
:10F43800D3F880301B688C4A93424CD07B68D3F851
:10F4480080301B68894A934245D07B68D3F8803066
:10F458001B68874A93423ED07B68D3F880301B688C
:10F46800844A934237D07B68D3F880301B68824A3D
:10F47800934230D07B68D3F880301B687F4A934230
:10F4880029D07B68D3F880301B687D4A934222D00C
:10F498007B68D3F880301B687A4A93421BD07B681C
:10F4A800D3F880301B68784A934214D07B68D3F82D
:10F4B80080301B68754A93420DD07B68D3F8803042
:10F4C8001B68734A934206D07B68D3F880301B6868
:10F4D800704A934206D17B68D3F880301B685B681A
:10F4E8009BB205E07B68D3F880301B685B689BB2F1
:10F4F800A7F8BE30B7F8BE30002B00F0AB817B68B0
:10F50800B3F85C30B7F8BE209A4280F0A3817B68DC
:10F51800B7F8BE20A3F85E207B68D3F88030DB699B
:10F52800B3F5807F00F087807B681B68C7F8883058
:10F53800D7F8883053E8003FC7F88430D7F88430CC
:10F5480023F48073C7F8B8307B681B681A46D7F86D
:10F55800B830C7F89430C7F89020D7F89010D7F88B
:10F56800942041E80023C7F88C30D7F88C30002B62
:10F57800DAD17B681B6808337B677B6F53E8003FF1
:10F588003B673B6F23F00103C7F8B4307B681B6807
:10F598000833D7F8B420C7F88020FB67F96FD7F88D
:10F5A800802041E80023BB67BB6F002BE1D17B685B
:10F5B8001B6808333B663B6E53E8003FFB65FB6DF9
:10F5C80023F04003C7F8B0307B681B680833D7F8CE
:10F5D800B020FA66BB66B96EFA6E41E800237B6616
:10F5E8007B6E002BE3D17B682022C3F88C207B68DC
:10F5F8000022DA667B681B68FB64FB6C53E8003FFB
:10F60800BB64BB6C23F01003C7F8AC307B681B6885
:10F618001A46D7F8AC30BB657A65796DBA6D41E8A2
:10F6280000233B653B6D002BE4D17B68D3F8803029
:10F638001846FBF711F97B6802221A677B68B3F852
:10F648005C207B68B3F85E309BB2D31A9BB2194634
:10F65800786800F027F9FDE0100002402800024019
:10F6680040000240580002407000024088000240FA
:10F67800A0000240B80002401004024028040240E2
:10F6880040040240580402407004024088040240CA
:10F69800A0040240B80402407B68B3F85C207B6891
:10F6A800B3F85E309BB2D31AA7F8CE307B68B3F8B4
:10F6B8005E309BB2002B00F0CF80B7F8CE30002B25
:10F6C80000F0CA807B681B68BB63BB6B53E8003FD4
:10F6D8007B637B6B23F49073C7F8C8307B681B6827
:10F6E8001A46D7F8C8307B643A64396C7A6C41E8BA
:10F6F8000023FB63FB6B002BE4D17B681B6808339A
:10F708007B627B6A53E8003F3B623A6A554B134081
:10F71800C7F8C4307B681B680833D7F8C4203A633D
:10F72800FB62F96A3A6B41E80023BB62BB6A002BB3
:10F73800E3D17B682022C3F88C207B680022DA663C
:10F748007B6800225A677B681B683B613B6953E80A
:10F75800003FFB60FB6823F01003C7F8C0307B68EC
:10F768001B681A46D7F8C030FB61BA61B969FA69F3
:10F7780041E800237B617B69002BE4D17B6802228E
:10F788001A67B7F8CE301946786800F08BF863E04E
:10F79800D7F8E43003F48013002B0ED0D7F8DC3010
:10F7A80003F48003002B08D07B681B684FF4801299
:10F7B8001A62786801F026FA51E0D7F8E43003F0CD
:10F7C8008003002B14D0D7F8E03003F08003002B1F
:10F7D80005D1D7F8DC3003F40003002B08D07B6890
:10F7E8009B6F002B3AD07B689B6F7868984735E011
:10F7F800D7F8E43003F04003002B09D0D7F8E03005
:10F8080003F04003002B03D0786801F0D0F926E01C
:10F81800D7F8E43003F40003002B09D0D7F8E03020
:10F8280003F08043002B03D0786801F0FFF916E05D
:10F83800D7F8E43003F08073002B10D0D7F8E0300D
:10F84800002B0CDA786801F0E7F908E000BF06E061
:10F8580000BF04E000BF02E000BF00E000BFE837DF
:10F86800BD4680BDFEFFFFEF80B483B000AF786077
:10F8780000BF0C37BD465DF8047B704780B483B089
:10F8880000AF786000BF0C37BD465DF8047B704759
:10F8980080B483B000AF786000BF0C37BD465DF818
:10F8A800047B704780B483B000AF78600B467B80E0
:10F8B80000BF0C37BD465DF8047B70472DE9B04F9B
:10F8C80092B000AF7861002387F842307B699A686C
:10F8D8007B691B691A437B695B691A437B69DB692E
:10F8E80013437B647B691B681A68BE4B13407A69B3
:10F8F8001268796C0B4313607B691B685B6823F49F
:10F9080040517B69DA687B691B680A435A607B69E6
:10F918009B697B647B691B68B34A934204D07B690B
:10F928001B6A7A6C13437B647B691B689A68AF4BCC
:10F9380013407A691268796C0B4393607B691B6882
:10F94800DB6A23F00F017B695A6A7B691B680A43EB
:10F95800DA627B691B68A64A934277D1A54B5B6D37
:10F9680003F03803282B6DD801A252F823F000BF0A
:10F978001DFA00084DFA00084DFA00084DFA000873
:10F988004DFA00084DFA00084DFA00084DFA000833
:10F9980025FA00084DFA00084DFA00084DFA00084B
:10F9A8004DFA00084DFA00084DFA00084DFA000813
:10F9B8002DFA00084DFA00084DFA00084DFA000823
:10F9C8004DFA00084DFA00084DFA00084DFA0008F3
:10F9D80035FA00084DFA00084DFA00084DFA0008FB
:10F9E8004DFA00084DFA00084DFA00084DFA0008D3
:10F9F8003DFA00084DFA00084DFA00084DFA0008D3
:10FA08004DFA00084DFA00084DFA00084DFA0008B2
:10FA180045FA0008012387F8433022E2042387F8D7
:10FA280043301EE2082387F843301AE2102387F890
:10FA3800433016E2202387F8433012E2402387F848
:10FA480043300EE2802387F843300AE27B691B6863
:10FA5800694A934230D1674B5B6D03F00703052B6E
:10FA680026D801A252F823F089FA000891FA000872
:10FA780099FA0008A1FA0008A9FA0008B1FA0008E2
:10FA8800002387F84330ECE1042387F84330E8E1AA
:10FA9800082387F84330E4E1102387F84330E0E196
:10FAA800202387F84330DCE1402387F84330D8E14E
:10FAB800802387F84330D4E17B691B684F4A93421F
:10FAC80030D14C4B5B6D03F00703052B26D801A200
:10FAD80052F823F0F5FA0008FDFA000805FB0008C3
:10FAE8000DFB000815FB00081DFB0008002387F824
:10FAF8004330B6E1042387F84330B2E1082387F89E
:10FB08004330AEE1102387F84330AAE1202387F879
:10FB18004330A6E1402387F84330A2E1802387F8E9
:10FB280043309EE17B691B68354A934230D1314BA3
:10FB38005B6D03F00703052B26D801A252F823F0CA
:10FB480061FB000869FB000871FB000879FB0008ED
:10FB580081FB000889FB0008002387F8433080E117
:10FB6800042387F843307CE1082387F8433078E1A1
:10FB7800102387F8433074E1202387F8433070E17D
:10FB8800402387F843306CE1802387F8433068E1ED
:10FB98007B691B681B4A934242D1164B5B6D03F08D
:10FBA8000703052B38D801A252F823F0CDFB000833
:10FBB800D5FB0008DDFB0008E5FB000811FC000888
:10FBC80019FC0008002387F843304AE1042387F82A
:10FBD800433046E1082387F8433042E1102387F891
:10FBE80043303EE1F369FFCF000C0058FFF4FF11EA
:10FBF8000010014000440258004400400048004002
:10FC0800004C004000500040202387F8433028E192
:10FC1800402387F8433024E1802387F8433020E1EC
:10FC28007B691B68CB4A934276D1CB4B5B6D03F063
:10FC38003803282B6CD801A252F823F0E9FC0008FD
:10FC480019FD000819FD000819FD000819FD000834
:10FC580019FD000819FD000819FD0008F1FC00084D
:10FC680019FD000819FD000819FD000819FD000814
:10FC780019FD000819FD000819FD0008F9FC000825
:10FC880019FD000819FD000819FD000819FD0008F4
:10FC980019FD000819FD000819FD000801FD0008FC
:10FCA80019FD000819FD000819FD000819FD0008D4
:10FCB80019FD000819FD000819FD000809FD0008D4
:10FCC80019FD000819FD000819FD000819FD0008B4
:10FCD80019FD000819FD000819FD000811FD0008AC
:10FCE800012387F84330BCE0042387F84330B8E0A9
:10FCF800082387F84330B4E0102387F84330B0E096
:10FD0800202387F84330ACE0402387F84330A8E04D
:10FD1800802387F84330A4E07B691B688F4A9342AD
:10FD280030D18D4B5B6D03F00703052B26D801A25C
:10FD380052F823F055FD00085DFD000865FD000838
:10FD48006DFD000875FD00087DFD0008002387F89B
:10FD5800433086E0042387F8433082E0082387F89D
:10FD680043307EE0102387F843307AE0202387F879
:10FD7800433076E0402387F8433072E0802387F8E9
:10FD880043306EE07B691B68754A934230D1724BF1
:10FD98005B6D03F00703052B26D801A252F823F068
:10FDA800C1FD0008C9FD0008D1FD0008D9FD000803
:10FDB800E1FD0008E9FD0008002387F8433050E022
:10FDC800042387F843304CE0082387F8433048E0A1
:10FDD800102387F8433044E0202387F8433040E07D
:10FDE800402387F843303CE0802387F8433038E0ED
:10FDF8007B691B685B4A934230D1574B9B6D03F07C
:10FE08000703052B26D801A252F823F02DFE00087F
:10FE180035FE00083DFE000845FE00084DFE0008BE
:10FE280055FE0008022387F843301AE0042387F8B8
:10FE3800433016E0082387F8433012E0102387F890
:10FE480043300EE0202387F843300AE0402387F848
:10FE5800433006E0802387F8433002E0802387F8A8
:10FE680043307B691B683F4A934240F0F88097F81B
:10FE78004330202B46DC022BC0F28280023B1E2B33
:10FE88007ED801A252F823F013FF000889FF00086A
:10FE98001BFF000889FF000889FF000889FF000888
:10FEA8002BFF000889FF000889FF000889FF000868
:10FEB80089FF000889FF000889FF000889FF0008FA
:10FEC8003BFF000889FF000889FF000889FF000838
:10FED80089FF000889FF000889FF000889FF0008DA
:10FEE80089FF000889FF000889FF000889FF0008CA
:10FEF80089FF000889FF000889FF000889FF0008BA
:10FF08007BFF0008402B37D03AE0F8F789FFF86309
:10FF18003CE007F124031846F8F798FFBB6AFB6337
:10FF280034E007F118031846F9F7E4F8FB69FB63B6
:10FF38002CE0094B1B6803F02003002B16D0064B5E
:10FF48001B68DB0803F00303074A22FA03F3FB6389
:10FF58001CE000BF00140140004402580078004033
:10FF6800007C0040000C00580090D0039D4BFB63C0
:10FF78000CE09D4BFB6309E04FF40043FB6305E095
:10FF88000023FB63012387F8423000BFFB6B002B83
:10FF980000F0DE817B695B6A944A32F813301A46B6
:10FFA800FB6BB3FBF2F33B637B695A6813465B0058
:10FFB80013443A6B9A4205D37B695B681B033A6B1F
:10FFC8009A4203D9012387F84230C1E1FB6B002232
:10FFD800BB60FA607B695B6A844A32F813309BB273
:10FFE80000223B607A60D7E90023D7E90201F0F7E5
:08FFF8006FF902460B461046AA
:020000040801F1
:1000000019464FF000024FF000030B0243EA106361
:10001000020279694968490800200C46054612EB3E
:10002000040843EB05097B695B6800229A46934606
:1000300052465B4640464946F0F74EF902460B46AB
:100040001346BB63BB6BB3F5407F08D3BB6BB3F503
:10005000801F04D27B691B68BA6BDA607CE10123E4
:1000600087F8423078E17B69DB69B3F5004F40F0F7
:10007000C58097F84330202B48DC002B7BDB202BFE
:1000800079D801A252F823F0130101081B010108DD
:1000900077010108770101082301010877010108B0
:1000A0007701010877010108330101087701010890
:1000B000770101087701010877010108770101083C
:1000C0007701010877010108430101087701010860
:1000D000770101087701010877010108770101081C
:1000E000770101087701010877010108770101080C
:1000F00077010108770101087701010877010108FC
:10010000770101087701010869010108402B2ED011
:1001100031E0F6F7D3FEF86333E0F6F7E5FEF86377
:100120002FE007F124031846F8F794FEBB6AFB633F
:1001300027E007F118031846F8F7E0FFFB69FB63B7
:100140001FE02D4B1B6803F02003002B09D02A4B26
:100150001B68DB0803F00303244A22FA03F3FB6362
:100160000FE0224BFB630CE0214BFB6309E04FF4F3
:100170000043FB6305E00023FB63012387F8423063
:1001800000BFFB6B002B00F0E7807B695B6A194ABC
:1001900032F813301A46FB6BB3FBF2F35A007B695B
:1001A0005B685B081A447B695B68B2FBF3F3BB6373
:1001B000BB6B0F2B16D9BB6BB3F5803F12D2BB6B59
:1001C0009BB223F00F03FB86BB6B5B089BB203F073
:1001D00007039AB2FB8E1343FB867B691B68FA8E7A
:1001E000DA60B9E0012387F84230B5E00090D0032F
:1001F00000093D00D01401080044025897F843302C
:10020000202B49DC002B7CDB202B7AD801A252F872
:1002100023F000BF9F020108A702010803030108A1
:1002200003030108AF0201080303010803030108E7
:1002300003030108BF0201080303010803030108C7
:100240000303010803030108030301080303010872
:1002500003030108CF020108030301080303010897
:100260000303010803030108030301080303010852
:100270000303010803030108030301080303010842
:100280000303010803030108030301080303010832
:1002900003030108F5020108402B2ED031E0F6F7E8
:1002A0000DFEF86333E0F6F71FFEF8632FE007F169
:1002B00024031846F8F7CEFDBB6AFB6327E007F17D
:1002C00018031846F8F71AFFFB69FB631FE02D4B74
:1002D0001B6803F02003002B09D02A4B1B68DB08A6
:1002E00003F00303284A22FA03F3FB630FE0264BD3
:1002F000FB630CE0254BFB6309E04FF40043FB6319
:1003000005E00023FB63012387F8423000BFFB6B4D
:10031000002B21D07B695B6A1D4A32F813301A46E4
:10032000FB6BB3FBF2F27B695B685B081A447B6989
:100330005B68B2FBF3F3BB63BB6B0F2B09D9BB6BE1
:10034000B3F5803F05D2BB6B9AB27B691B68DA605C
:1003500002E0012387F842307B690122A3F86A207A
:100360007B690122A3F868207B6900225A677B69B8
:1003700000229A6797F8423018464837BD46BDE8D4
:10038000B08F00BF004402580090D00300093D0028
:10039000D014010880B483B000AF78607B689B6A9A
:1003A00003F00803002B0AD07B681B685B6823F40A
:1003B00000417B689A6B7B681B680A435A607B68C4
:1003C0009B6A03F00103002B0AD07B681B685B6803
:1003D00023F400317B68DA6A7B681B680A435A6041
:1003E0007B689B6A03F00203002B0AD07B681B68C2
:1003F0005B6823F480317B681A6B7B681B680A4357
:100400005A607B689B6A03F00403002B0AD07B6868
:100410001B685B6823F480217B685A6B7B681B68D0
:100420000A435A607B689B6A03F01003002B0AD0D2
:100430007B681B689B6823F480517B68DA6B7B6860
:100440001B680A439A607B689B6A03F02003002BB9
:100450000AD07B681B689B6823F400517B681A6C88
:100460007B681B680A439A607B689B6A03F04003C1
:10047000002B1AD07B681B685B6823F480117B68B3
:100480005A6C7B681B680A435A607B685B6CB3F5E7
:10049000801F0AD17B681B685B6823F4C0017B68FE
:1004A0009A6C7B681B680A435A607B689B6A03F0FE
:1004B0008003002B0AD07B681B685B6823F4002153
:1004C0007B68DA6C7B681B680A435A6000BF0C3794
:1004D000BD465DF8047B704780B598B002AF786088
:1004E0007B680022C3F89020FCF784FC78657B6869
:1004F0001B681B6803F00803082B2FD16FF07E43A5
:1005000000937B6D00224FF40011786800F08EF8A4
:100510000346002B22D07B681B68BB63BB6B53E890
:10052000003F7B637B6B23F080033B657B681B682C
:100530001A463B6D7B643A64396C7A6C41E800235F
:10054000FB63FB6B002BE6D17B682022C3F888207D
:100550007B68002283F88420032363E07B681B68A8
:100560001B6803F00403042B49D16FF07E43009312
:100570007B6D00224FF48001786800F057F8034645
:10058000002B3CD07B681B687B627B6A53E8003F92
:100590003B623B6A23F49073FB647B681B681A46DA
:1005A000FB6C3B63FA62F96A3A6B41E80023BB6279
:1005B000BB6A002BE6D17B681B6808333B613B6953
:1005C00053E8003FFB60FB6823F00103BB647B68DA
:1005D0001B680833BA6CFA61BB61B969FA6941E812
:1005E00000237B617B69002BE5D17B682022C3F867
:1005F0008C207B68002283F88420032312E07B6830
:100600002022C3F888207B682022C3F88C207B68D6
:100610000022DA667B6800221A677B68002283F872
:100620008420002318465837BD4680BD80B584B06D
:1006300000AFF860B9603B601346FB714FE0BB69E7
:10064000B3F1FF3F4BD0FCF7D5FB02463B68D31A12
:10065000BA699A4202D3BB69002B01D103234EE051
:10066000FB681B681B6803F00403002B37D0BB68D2
:10067000802B34D0BB68402B31D0FB681B68DB6912
:1006800003F00803082B10D1FB681B6808221A62CC
:10069000F86800F021F9FB680822C3F89020FB6895
:1006A000002283F88420012329E0FB681B68DB69B2
:1006B00003F40063B3F5006F11D1FB681B684FF4BE
:1006C00000621A62F86800F007F9FB682022C3F89C
:1006D0009020FB68002283F8842003230FE0FB684E
:1006E0001B68DA69BB681340BA689A420CBF0123E1
:1006F0000023DBB21A46FB799A42A0D000231846A9
:100700001037BD4680BD000080B596B000AFF860E0
:10071000B9601346FB80FB68BA689A65FB68FA8883
:10072000A3F85C20FB680022C3F89020FB6822221B
:10073000C3F88C20FB68D3F88030002B2DD0FB68E9
:10074000D3F88030404ADA63FB68D3F880303F4A00
:100750001A64FB68D3F880303D4ADA64FB68D3F84A
:10076000803000221A65FB68D3F88000FB681B68A4
:1007700024331946FB689B6D1A46FB88F9F706FE81
:100780000346002B09D0FB681022C3F89020FB68B9
:100790002022C3F88C20012351E0FB681B69002B49
:1007A00018D0FB681B68FB63FB6B53E8003FBB631F
:1007B000BB6B43F480737B65FB681B681A467B6DDB
:1007C000BB647A64796CBA6C41E800233B643B6C8F
:1007D000002BE6D1FB681B680833BB62BB6A53E899
:1007E000003F7B627B6A43F001033B65FB681B684B
:1007F00008333A6D7A633B63396B7A6B41E80023C7
:10080000FB62FB6A002BE5D1FB681B6808337B6148
:100810007B6953E8003F3B613B6943F04003FB6465
:10082000FB681B680833FA6C3A62FB61F9693A6A43
:1008300041E80023BB61BB69002BE5D100231846CA
:100840005837BD4680BD00BFA5090108CD0A010883
:100850000B0B010880B48FB000AF78607B681B6819
:100860003B623B6A53E8003FFB61FB6923F0C00336
:100870007B637B681B681A467B6BFB62BA62B96A52
:10088000FA6A41E800237B627B6A002BE6D17B6831
:100890001B680833FB60FB6853E8003FBB60BB6824
:1008A00023F400033B637B681B6808333A6BBA612F
:1008B0007B617969BA6941E800233B613B69002BA0
:1008C000E5D17B682022C3F8882000BF3C37BD46B5
:1008D0005DF8047B7047000080B495B000AF78608D
:1008E0007B681B687B637B6B53E8003F3B633B6B20
:1008F00023F49073FB647B681B681A46FB6C3B64B3
:10090000FA63F96B3A6C41E80023BB63BB6B002BC5
:10091000E6D17B681B6808333B623B6A53E8003FC3
:10092000FB61FA691E4B1340BB647B681B6808338C
:10093000BA6CFA62BB62B96AFA6A41E800237B6268
:100940007B6A002BE5D17B68DB6E012B18D17B68BD
:100950001B68FB60FB6853E8003FBB60BB6823F08B
:1009600010037B647B681B681A467B6CBB617A61F1
:100970007969BA6941E800233B613B69002BE6D104
:100980007B682022C3F88C207B680022DA667B68B3
:1009900000225A6700BF5437BD465DF8047B70479C
:1009A000FEFFFFEF80B59CB000AF78607B689B6B6B
:1009B000FB667B68DB69B3F5807F71D0FB6E00223C
:1009C000A3F85E20FB6E1B68FB64FB6C53E8003FE2
:1009D000BB64BB6C23F48073BB66FB6E1B681A465A
:1009E000BB6EBB657A65796DBA6D41E800233B65E6
:1009F0003B6D002BE6D1FB6E1B680833BB63BB6B02
:100A000053E8003F7B637B6B23F001037B66FB6E47
:100A10001B6808337A6E7A643B64396C7A6C41E8FF
:100A20000023FB63FB6B002BE5D1FB6E1B680833D7
:100A30007B627B6A53E8003F3B623B6A23F04003E2
:100A40003B66FB6E1B6808333A6E3A63FB62F96AD9
:100A50003A6B41E80023BB62BB6A002BE5D1FB6E19
:100A60002022C3F88C20FB6EDB6E012B18D1FB6EAD
:100A70001B683B613B6953E8003FFB60FB6823F068
:100A80001003FB65FB6E1B681A46FB6DFB61BA61C8
:100A9000B969FA6941E800237B617B69002BE6D1E3
:100AA000FB6E00221A67FB6EDB6E012B07D1FB6E1B
:100AB000B3F85C301946F86EFEF7F8FE02E0F86E07
:100AC000EFF746FF00BF7037BD4680BD80B584B0EC
:100AD00000AF78607B689B6BFB60FB6801221A6744
:100AE000FB68DB6E012B09D1FB68B3F85C305B0857
:100AF0009BB21946F868FEF7D9FE02E0F868FEF7E7
:100B0000C1FE00BF1037BD4680BD80B586B000AFC6
:100B100078607B689B6B7B617B69D3F888303B6135
:100B20007B69D3F88C30FB607B691B689B6803F0A2
:100B30008003802B09D13B69212B06D17B690022E0
:100B4000A3F856207869FFF785FE7B691B689B68D0
:100B500003F04003402B09D1FB68222B06D17B69AF
:100B60000022A3F85E207869FFF7B6FE7B69D3F810
:100B7000903043F010027B69C3F890207869FEF74B
:100B80008BFE00BF1837BD4680BD80B584B000AF76
:100B900078607B689B6BFB60FB680022A3F85E209B
:100BA000FB680022A3F85620F868FEF775FE00BF28
:100BB0001037BD4680BD80B588B000AF78607B68D7
:100BC0001B68FB60FB6853E8003FBB60BB6823F019
:100BD0004003FB617B681B681A46FB69BB617A6155
:100BE0007969BA6941E800233B613B69002BE6D192
:100BF0007B682022C3F888207B6800229A67786887
:100C0000FEF736FE00BF2037BD4680BD80B483B0FE
:100C100000AF786000BF0C37BD465DF8047B7047BD
:100C200080B483B000AF786000BF0C37BD465DF87C
:100C3000047B704780B483B000AF786000BF0C378E
:100C4000BD465DF8047B704780B485B000AF786026
:100C50007B6893F88430012B01D1022327E07B6865
:100C6000012283F884207B682422C3F888207B68D3
:100C70001B681B68FB607B681B681A687B681B68C5
:100C800022F001021A60FB6823F00053FB607B68CE
:100C900000225A667B681B68FA681A607B6820220B
:100CA000C3F888207B68002283F88420002318463C
:100CB0001437BD465DF8047B704780B584B000AF43
:100CC000786039607B6893F88430012B01D102236E
:100CD0002DE07B68012283F884207B682422C3F8FE
:100CE00088207B681B681B68FB607B681B681A6830
:100CF0007B681B6822F001021A607B681B689B6896
:100D000023F060417B681B683A680A439A60786800
:100D100000F050F87B681B68FA681A607B68202234
:100D2000C3F888207B68002283F8842000231846BB
:100D30001037BD4680BD80B584B000AF78603960A3
:100D40007B6893F88430012B01D102232DE07B686E
:100D5000012283F884207B682422C3F888207B68E2
:100D60001B681B68FB607B681B681A687B681B68D4
:100D700022F001021A607B681B689B6823F06061A7
:100D80007B681B683A680A439A60786800F012F83A
:100D90007B681B68FA681A607B682022C3F8882089
:100DA0007B68002283F88420002318461037BD4654
:100DB00080BD000080B485B000AF78607B685B6E5A
:100DC000002B08D17B680122A3F86A207B680122EE
:100DD000A3F8682031E01023FB731023BB737B68FA
:100DE0001B689B685B0EDBB203F007037B737B68B9
:100DF0001B689B685B0FDBB203F007033B73BB7B95
:100E00003A7B11498A5C02FB03F33A7B0F498A5C07
:100E100093FBF2F39AB27B68A3F86A20FB7B7A7BA0
:100E200009498A5C02FB03F37A7B08498A5C93FBDD
:100E3000F2F39AB27B68A3F8682000BF1437BD466E
:100E40005DF8047B704700BFE8140108F014010846
:100E5000DFF834D0F3F796FA0C480D490D4A002319
:100E600002E0D458C4500433C4188C42F9D30A4A5F
:100E70000A4C002301E013600432A242FBD3EFF7D7
:100E8000ABFBF0F71FFD70470000022000000020C0
:100E900020070020C02D010820070020182700206F
:100EA000FEE70000014B1868704700BF00000020FB
:100EB000C1F30A5240F2FE339A4270B52ADD40F285
:100EC00033439A4224DC9B1AA3F120064FF0FF32F1
:100ED00002FA03F402FA06F6C3F1200522FA05F538
:100EE00034432C439A4020EA020221EA04042243BC
:100EF000A3F12004C3F120020CD1D84001FA02F37F
:100F00001843E140084300F00100D0F1020070BD39
:100F10000220FCE70020FAE72DE9F04F10EE904A9E
:100F20002DED0A8B4FEA145811EE90AA08F1FF320A
:100F300040F2FD739A4210EE105A11EE100A87B07B
:100F4000C4464FEA1A5606D8C6F30A03A3F2BE33C4
:100F50007F2B40F2578102184AEB0A016FF0010B18
:100F6000571E41F1FF336FF4001EBB457EEB0303B8
:100F700042D252EA01034FF000030CD16D1984F400
:100F800000246441AB42A3F58013A341C0F08F80DD
:100F9000B7EE000B2BE0D44EB44208BF9D4209D1FE
:100FA00000188AF4002A4AEB0A0A8342CF4B73EBFB
:100FB0000A03EBE76D19CE486441AB4270EB0406BF
:100FC00075D3814208BF9A4271D1CA4A944208BF80
:100FD0009D42DDD094426FEA0A0A34BF0024012406
:100FE0004FEADA7A544540F0DC8121EE010B07B07C
:100FF000BDEC0A8BBDE8F08F6F1944EB04097A1E33
:1010000069F1000393457EEB030325D220EE000B2C
:10101000002C13DA5146FFF74BFF01280ED1B1EE39
:10102000400B57EA09090BD1BAF1000FDFDA07B01C
:10103000BDEC0A8BBDE8F04F00F0EEB90020F0E700
:10104000BAF1000FD3DAB7EE006B86EE007B8DEDC0
:10105000007B9DED000BCAE7002C2BDA5146FFF711
:1010600027FF30B907B0BDEC0A8BBDE8F04F00F0A8
:10107000EBB9411E48424841800424F00044C8F3C3
:101080000A0CC6F30A02A2F2BE337F2B2DD9964B6F
:1010900000209C4208BF85423FF47AAF40F2BD3148
:1010A0008A420CD8B7EE000BA842A34104D231EE1D
:1010B000000B9CE70020E4E730EE410B97E7012DA1
:1010C00074EB030340F2FF7234BF01230023964206
:1010D0008CBF00260126B34200F09C8007B0BDEC17
:1010E0000A8BBDE8F04F00F08FB9BCF1000F0AD1B8
:1010F0009FED797B20EE077B53EC172B23F0004408
:101100001546A4F150747C4ABFEE006B22441315BF
:10111000C2F3463103EE103A120D784B120503EB81
:101120004116A71A03EB411292ED125B96ED187B64
:101130002E1E47EC146B92ED162BA4EE056B93ED6F
:10114000005BB8EEC33BA3EE052B93ED025B36EEDE
:10115000024B32EE442BA3EE057B93ED045B32EEA3
:10116000062B37EE027B26EE055B26EE050B34EEF2
:10117000008BB0EE409B34EE484B96EE059B34EE70
:1011800000AB93ED065B26EE00BB37EE097B93EDDB
:10119000084B37EE0A7B93ED0C3BA6EE045B93ED18
:1011A0000A4B93ED10CBA6EE034B93ED0E3BA6EE50
:1011B0000C3BA0EE034BA0EE045BABEE057B38EEE0
:1011C000074B21EE046B16EE903AB0EE465BC3F38C
:1011D0000A566FF47272B2183E2A91EE045B38EE32
:1011E000448B38EE078BA1EE085B1BD9002A0BDA83
:1011F000B7EE000B36EE000B00283FF4F8AEB1EE70
:10120000400BF4E600207EE7B6F5816F09D9002B8C
:10121000BFF664AF07B0BDEC0A8BBDE8F04F00F03D
:10122000EBB80026364991ED024B91ED003BB0EE54
:10123000447BA6EE037B17EE105A37EE447B91ED0C
:10124000044B05F07F03A7EE046B91ED064BDC1811
:1012500004F10F0301EBC404A7EE046B91ED0A3B0C
:1012600035EE065B25EE056B94ED1C7B91ED084B8E
:1012700035EE077B01EBC302A5EE034B91ED0E3B70
:10128000A6EE047B26EE066B91ED0C4B51F833C0B5
:10129000D2F804E0A5EE034B4019002717EB0C022F
:1012A0000EEB4033A6EE047B002E75D1BD4229DB48
:1012B00003F1404101F57001104641EC100BA7EE1F
:1012C000000B9FED077B20EE070B07B0BDEC0A8BF0
:1012D000BDE8F04F00F0D0B800000000000030433F
:1012E000000000000000007F0000F03F0000F0FF61
:1012F0000000E0FF0000E07FAB6A19C0F8140108AD
:101300004025010803F17F5101F50011104641EC21
:10131000150BB7EE003B27EE056B35EE067BB0EE06
:10132000C74BB4EEC34BF1EE10FA9FED1F0B2AD55D
:10133000B5EEC07B35EE475BF1EE10FA35EE065B9D
:10134000BFEE004B58BFB0EE434B37EE043B34EEDC
:10135000436B36EE076B36EE056B36EE036B36EEFF
:10136000447BB5EE407BF1EE10FA04D1324601F039
:10137000004343EC172B8DED020B9DED026B26EE27
:10138000006B8DED046B27EE000B07B0BDEC0A8BF4
:10139000BDE8F04F00F067B843EC102BA7EE000B50
:1013A00025E69FED030B22E6000000000000100080
:1013B000000000000000000010B52DED028BB0EE23
:1013C000408B0446FFF76EFDB0EE480BBDEC028B80
:1013D000046010BD82B058B1B1EE407B8DED007B52
:1013E0009DED007B222020EE070B02B0FFF7E4BF4B
:1013F000B0EE407BF2E700009FED010BFFF7EABF84
:1014000000000000000000109FED010BFFF7E2BF9D
:10141000000000000000007082B00028BFEE006BEA
:10142000B7EE007B07FE067B8DED007B9DED000B8C
:101430009FED037B222080EE070B02B0FFF7BCBFBD
:101440000000000000000000B0EE407BB4EE477BDF
:10145000F1EE10FA30EE406B86EE060B02D621203C
:10146000FFF7AABF7047B5EE400BF1EE10FA02D1BC
:101470002220FFF7A1BF70479FED076BB0EEC07B46
:10148000B4EE467BF1EE10FA02DD2220FFF794BFA6
:10149000704700BFAFF30080FFFFFFFFFFFFEF7F4C
:1014A000F8B500BFF8BC08BC9E467047F8B500BF51
:0814B000F8BC08BC9E46704721
:1014B80000000000010203040102030406070809F2
:1014C80000061016000610160100020004000600AF
:1014D80008000A000C0010002000400080000001F5
:1014E80001010103070100000804020408010101C9
:1014F8000038FAFE422EE63F3067C79357F32E3D79
:10150800000000000000E0BF605555555555E5BF87
:10151800060000000000E03F4E5559999999E93FAF
:101528007AA429555555E5BFE945489B5B49F2BF63
:10153800C33F268B2B00F03F0000000000A0F63FC1
:10154800000000000000000000C8B9F2822CD6BFDD
:101558008056372824B4FA3C000000000080F63F8B
:101568000000000000000000000858BFBDD1D5BF32
:1015780020F7E0D808A51CBD000000000060F63F79
:101588000000000000000000005845177776D5BF1E
:101598006D50B6D5A46223BD000000000040F63FA0
:1015A800000000000000000000F82D87AD1AD5BF2C
:1015B800D567B09EE484E6BC000000000020F63F3A
:1015C8000000000000000000007877955FBED4BFDF
:1015D800E03E2993691B04BD000000000000F63FAF
:1015E800000000000000000000601CC28B61D4BF36
:1015F800CC844C482FD8133D0000000000E0F53F94
:10160800000000000000000000A886863004D4BF57
:101618003A0B82EDF342DC3C0000000000C0F53FCD
:101628000000000000000000004869554CA6D3BF28
:1016380060945186C6B1203D0000000000A0F53F2F
:1016480000000000000000000080989ADD47D3BF2A
:101658009280C5D44D59253D000000000080F53F1B
:1016680000000000000000000020E1BAE2E8D2BF5C
:10167800D82BB7991E7B263D000000000060F53F7F
:1016880000000000000000000088DE135A89D2BF65
:101698003FB0CFB614CA153D000000000060F53F0A
:1016A80000000000000000000088DE135A89D2BF45
:1016B8003FB0CFB614CA153D000000000040F53F0A
:1016C80000000000000000000078CFFB4129D2BFD5
:1016D80076DA5328245A16BD000000000020F53F92
:1016E8000000000000000000009869C198C8D1BF40
:1016F8000454E768BCAF1FBD000000000000F53FC0
:10170800000000000000000000A8ABAB5C67D1BF80
:10171800F0A88233C61F1F3D0000000000E0F43F20
:1017280000000000000000000048AEF98B05D1BFA2
:10173800665A05FDC4A826BD0000000000C0F43F9D
:101748000000000000000000009073E224A3D0BF56
:101758000E03F47EEE6B0CBD0000000000A0F43F09
:10176800000000000000000000D0B4942540D0BF65
:101778007F2DF49EB836F0BC0000000000A0F43FB6
:10178800000000000000000000D0B4942540D0BF45
:101798007F2DF49EB836F0BC000000000080F43FB6
:1017A800000000000000000000405E6D18B9CFBFC7
:1017B800873C99AB2A570D3D000000000060F43FBC
:1017C80000000000000000000060DCCBADF0CEBFE0
:1017D80024AF869CB7262B3D000000000040F43F54
:1017E800000000000000000000F02A6E0727CEBFAE
:1017F80010FF3F544F2F17BD000000000020F43F9A
:10180800000000000000000000C04F6B215CCDBF4D
:101818001B68CABB91BA213D000000000000F43FDC
:10182800000000000000000000A09AC7F78FCCBF9E
:1018380034849F684F79273D000000000000F43F82
:10184800000000000000000000A09AC7F78FCCBF7E
:1018580034849F684F79273D0000000000E0F33F83
:10186800000000000000000000902D7486C2CBBF6D
:101878008FB78B31B04E193D0000000000C0F33F18
:10188800000000000000000000C0804EC9F3CABF7D
:101898006690CD3F634EBA3C0000000000A0F33FC5
:1018A800000000000000000000B0E21FBC23CABF17
:1018B800EAC146DC648C25BD0000000000A0F33FAF
:1018C800000000000000000000B0E21FBC23CABFF7
:1018D800EAC146DC648C25BD000000000080F33FAF
:1018E80000000000000000000050F49C5A52C9BFDC
:1018F800E3D4C104D9D12ABD000000000060F33F41
:10190800000000000000000000D02065A07FC8BFD4
:1019180009FADB7FBFBD2B3D000000000040F33F0C
:10192800000000000000000000E0100289ABC7BF03
:10193800584A537290DB2B3D000000000040F33FF3
:10194800000000000000000000E0100289ABC7BFE3
:10195800584A537290DB2B3D000000000020F33FF3
:10196800000000000000000000D019E70FD6C6BF35
:1019780066E2B2A36AE410BD000000000000F33F75
:1019880000000000000000000090A77030FFC5BFF5
:101998003950109F439E1EBD000000000000F33F19
:1019A80000000000000000000090A77030FFC5BFD5
:1019B8003950109F439E1EBD0000000000E0F23F1A
:1019C800000000000000000000B0A1E3E526C5BF4C
:1019D8008F5B07908BDE20BD0000000000C0F23F47
:1019E80000000000000000000080CB6C2B4DC4BF3D
:1019F8003C783561C10C173D0000000000C0F23F83
:101A080000000000000000000080CB6C2B4DC4BF1C
:101A18003C783561C10C173D0000000000A0F23F82
:101A2800000000000000000000901E20FC71C3BFF1
:101A38003A54274D8678F13C000000000080F23FC0
:101A4800000000000000000000F01FF85295C2BF1F
:101A580008C47117308D24BD000000000060F23FFB
:101A6800000000000000000000602FD52AB7C1BFA9
:101A780096A31118A4802EBD000000000060F23F5C
:101A8800000000000000000000602FD52AB7C1BF89
:101A980096A31118A4802EBD000000000040F23F5C
:101AA80000000000000000000090D07C7ED7C0BF7E
:101AB800F45BE88896690A3D000000000040F23FA8
:101AC80000000000000000000090D07C7ED7C0BF5E
:101AD800F45BE88896690A3D000000000020F23FA8
:101AE800000000000000000000E0DB3191ECBFBF07
:101AF800F233A35C547525BD000000000000F23FDE
:101B0800000000000000000000002B6E0727BEBF89
:101B18003C00F02A2C342A3D000000000000F23F6F
:101B2800000000000000000000002B6E0727BEBF69
:101B38003C00F02A2C342A3D0000000000E0F13F70
:101B4800000000000000000000C05B8F545EBCBFB6
:101B580006BE5F58570C1DBD0000000000C0F13FD5
:101B6800000000000000000000E04A3A6D92BABF91
:101B7800C8AA5BE83539253D0000000000C0F13FE8
:101B8800000000000000000000E04A3A6D92BABF71
:101B9800C8AA5BE83539253D0000000000A0F13FE8
:101BA800000000000000000000A031D645C3B8BF07
:101BB80068562F4D297C133D0000000000A0F13F1E
:101BC800000000000000000000A031D645C3B8BFE7
:101BD80068562F4D297C133D000000000080F13F1E
:101BE80000000000000000000060E58AD2F0B6BFE7
:101BF800DA7333C9379726BD000000000060F13F53
:101C080000000000000000000020063F071BB5BFD1
:101C1800575EC6615B021F3D000000000060F13F97
:101C280000000000000000000020063F071BB5BFB1
:101C3800575EC6615B021F3D000000000040F13F97
:101C4800000000000000000000E01B96D741B3BF71
:101C5800DF13F9CCDA5E2C3D000000000040F13FB4
:101C6800000000000000000000E01B96D741B3BF51
:101C7800DF13F9CCDA5E2C3D000000000020F13FB4
:101C880000000000000000000080A3EE3665B1BF30
:101C980009A38F765E7C143D000000000000F13F30
:101CA8000000000000000000008011C0300AAFBF33
:101CB800918E36839E592D3D000000000000F13FB3
:101CC8000000000000000000008011C0300AAFBF13
:101CD800918E36839E592D3D0000000000E0F03FB4
:101CE800000000000000000000801971DD42ABBF59
:101CF8004C70D6E57A821C3D0000000000E0F03F01
:101D0800000000000000000000801971DD42ABBF38
:101D18004C70D6E57A821C3D0000000000C0F03F00
:101D2800000000000000000000C032F65874A7BF91
:101D3800EEA1F23446FC2CBD0000000000C0F03FCC
:101D4800000000000000000000C032F65874A7BF71
:101D5800EEA1F23446FC2CBD0000000000A0F03FCC
:101D6800000000000000000000C0FEB9879EA3BF6D
:101D7800AAFE26F5B702F53C0000000000A0F03FDF
:101D8800000000000000000000C0FEB9879EA3BF4D
:101D9800AAFE26F5B702F53C000000000080F03FDF
:101DA80000000000000000000000780E9B829FBF2A
:101DB800E4097E7C268029BD000000000080F03FF9
:101DC80000000000000000000000780E9B829FBF0A
:101DD800E4097E7C268029BD000000000060F03FF9
:101DE80000000000000000000080D5071BB997BF65
:101DF80039A6FA93548D28BD000000000040F03F3A
:101E080000000000000000000000FCB0A8C08FBF68
:101E18009CA6D3F67C1EDFBC000000000040F03F0B
:101E280000000000000000000000FCB0A8C08FBF48
:101E38009CA6D3F67C1EDFBC000000000020F03F0B
:101E480000000000000000000000106B2AE07FBFC7
:101E5800E440DA0D3FE219BD000000000020F03F29
:101E680000000000000000000000106B2AE07FBFA7
:101E7800E440DA0D3FE219BD000000000000F03F29
:101E8800000000000000000000000000000000004A
:101E98000000000000000000000000000000F03F0B
:101EA800000000000000000000000000000000002A
:101EB80000000000000000000000000000C0EF3F2C
:101EC8000000000000000000000089751510803F28
:101ED800E82B9D996BC710BD000000000080EF3F04
:101EE8000000000000000000008093585620903F3A
:101EF800D2F7E2065BDC23BD000000000040EF3FA4
:101F080000000000000000000000C9282549983F93
:101F1800340C5A32BAA02ABD000000000000EF3F7E
:101F280000000000000000000040E7895D41A03F7C
:101F380053D7F15CC011013D0000000000C0EE3F26
:101F4800000000000000000000002ED4AE66A43F90
:101F580028FDBD7573162CBD000000000080EE3F03
:101F6800000000000000000000C09F14AA94A83FD1
:101F78007D265AD0957919BD000000000040EE3F3B
:101F8800000000000000000000C0DDCD73CBAC3FB6
:101F98000728D847F2681ABD000000000020EE3F6D
:101FA800000000000000000000C006C031EAAE3F9B
:101FB8007B3BC94F3E110EBD0000000000E0ED3F25
:101FC8000000000000000000006046D13B97B13FD0
:101FD8009B9E0D565D3225BD0000000000A0ED3F20
:101FE800000000000000000000E0D1A7F5BDB33FED
:101FF800D74EDBA55EC82C3D000000000060ED3F19
:10200800000000000000000000A0974D5AE9B53F0D
:102018001E1D5D3C06692CBD000000000040ED3F20
:10202800000000000000000000C0EA0AD300B73F2B
:1020380032ED9DA98D1EEC3C000000000000ED3F34
:1020480000000000000000000040595D5E33B93F09
:10205800DA47BD3A5C11233D0000000000C0EC3FA8
:1020680000000000000000000060AD8DC86ABB3FA2
:10207800E568F72B809013BD0000000000A0EC3F3E
:1020880000000000000000000040BC015888BC3F70
:10209800D3AC5AC6D146263D000000000060EC3F94
:1020A800000000000000000000200A8339C7BE3F7E
:1020B800E045E6AF68C02DBD000000000040EC3FE1
:1020C800000000000000000000E0DB3991E8BF3F9D
:1020D800FD0AA14FD63425BD000000000000EC3FEA
:1020E800000000000000000000E027828E17C13FBA
:1020F800F2072DCE78EF213D0000000000E0EB3F15
:10210800000000000000000000F0237E2BAAC13F61
:10211800349938448EA72C3D0000000000A0EB3F06
:1021280000000000000000000080860C61D1C23F62
:10213800A1B481CB6C9D033D000000000080EB3F03
:102148000000000000000000009015B0FC65C33FCF
:1021580089724B23A82FC63C000000000040EB3FCB
:10216800000000000000000000B033833D91C43F30
:1021780078B6FD547983253D000000000020EB3F30
:10218800000000000000000000B0A1E4E527C53F02
:10219800C77D69E5E833263D0000000000E0EA3F1E
:1021A800000000000000000000108CBE4E57C63F23
:1021B800782E3C2C8BCF193D0000000000C0EA3F70
:1021C80000000000000000000070758B12F0C63F90
:1021D800E1219CE58D1125BD0000000000A0EA3F2B
:1021E8000000000000000000005044858D89C73FB2
:1021F8000543917010661CBD000000000060EA3FB6
:102208000000000000000000000039EBAFBEC83F2E
:10221800D12CE9AA543D07BD000000000040EA3F68
:1022280000000000000000000000F7DC5A5AC93F17
:102238006FFFA05828F2073D000000000000EA3FA9
:10224800000000000000000000E08A3CED93CA3F57
:1022580069215650437228BD0000000000E0E93FA4
:10226800000000000000000000D05B57D831CB3FD1
:10227800AAE1AC4E8D350CBD0000000000C0E93F5E
:10228800000000000000000000E03B3887D0CB3F92
:10229800B6125459C44B2DBD0000000000A0E93F00
:1022A80000000000000000000010F0C6FB6FCC3FEB
:1022B800D22B96C572ECF1BC000000000060E93F2B
:1022C80000000000000000000090D4B03DB1CD3FF8
:1022D80035B015F72AFF2ABD000000000040E93F8D
:1022E80000000000000000000010E7FF0E53CE3F82
:1022F80030F441602712C23C000000000020E93F92
:1023080000000000000000000000DDE4ADF5CE3F55
:10231800118EBB651521CABC000000000000E93F12
:10232800000000000000000000B0B36C1C99CF3F13
:1023380030DF0CCAECCB1B3D0000000000C0E83FBA
:10234800000000000000000000584D603871D03FC8
:10235800914EED16DB9CF83C0000000000A0E83F21
:102368000000000000000000006061672DC4D03F3D
:10237800E9EA3C168B18273D000000000080E83F82
:10238800000000000000000000E827828E17D13FFF
:102398001CF0A5630E212CBD000000000060E83F82
:1023A800000000000000000000F8ACCB5C6BD13FDF
:1023B8008116A5F7CD9A2B3D000000000040E83FAC
:1023C800000000000000000000685A6399BFD13F78
:1023D800B7BD4751EDA62C3D000000000020E83FA6
:1023E800000000000000000000B80E6D4514D23F48
:1023F800EABA46BADE870A3D0000000000E0E73F7F
:1024080000000000000000000090DC7CF0BED23F1D
:10241800F404504AFA9C2A3D0000000000C0E73F3F
:1024280000000000000000000060D3E1F114D33F79
:10243800B83C21D37AE228BD0000000000A0E73FA5
:1024480000000000000000000010BE76676BD33F5C
:10245800C877F1B0CD6E113D000000000080E73F65
:1024680000000000000000000030337752C2D33F64
:102478005CBD06B6543B183D000000000060E73F15
:10248800000000000000000000E8D523B419D43F84
:102498009DE090EC36E4083D000000000040E73F76
:1024A800000000000000000000C871C28D71D43F18
:1024B80075D66709CE272FBD000000000020E73F32
:1024C80000000000000000000030179EE0C9D43F63
:1024D800A4D80A1B89202EBD000000000000E73F99
:1024E800000000000000000000A03807AE22D53F21
:1024F80059C7648170BE2E3D0000000000E0E63F31
:10250800000000000000000000D0C853F77BD53F52
:10251800EF405DEEEDAD1F3D0000000000C0E63F5E
:102528000000000000000000006059DFBDD5D53F65
:10253800DC65A4082A0B0ABDFE822B654715674097
:1025480000000000000038430000FAFE422E76BF6B
:102558003A3B9EBC9AF70CBDBDFDFFFFFFFFDF3F76
:102568003C5455555555C53F912B17CF5555A53F4B
:1025780017D0A4671111813F000000000000C84275
:10258800EF39FAFE422EE63F24C482FFBDBFCE3F9C
:10259800B5F40CD7086BAC3FCC5046D2ABB2833FF6
:1025A800843A4E9BE0D7553F000000000000000031
:1025B800000000000000F03F6EBF881A4F3B9B3CB4
:1025C8003533FBA93DF6EF3F5DDCD89C136071BC49
:1025D8006180773E9AECEF3FD16687107A5E90BCB7
:1025E800857F6EE815E3EF3F13F6673552D28C3CD2
:1025F800748515D3B0D9EF3FFA8EF92380CE8BBC02
:10260800DEF6DD296BD0EF3F61C8E6614EF7603C2E
:10261800C89B751845C7EF3F99D3335BE4A3903C3B
:1026280083F3C6CA3EBEEF3F6D7B835DA69A973C97
:102638000F89F96C58B5EF3FFCEFFD921AB58E3C47
:10264800F747722B92ACEF3FD19C2F703DBE3E3CBA
:10265800A2D1D332ECA3EF3F0B6E908934036ABC4E
:102668001BD3FEAF669BEF3F0EBD2F2A525695BC7B
:10267800515B12D00193EF3F55EA4E8CEF8050BC6E
:10268800CC316CC0BD8AEF3F16F4D5B923C991BCD3
:10269800E02DA9AE9A82EF3FAF555CE9E3D3803CC9
:1026A800518EA5C8987AEF3F4893A5EA151B80BCC0
:1026B8007B517D3CB872EF3F3D32DE55F01F8FBC39
:1026C800EA8D8C38F96AEF3FBF53133F8C898B3CF6
:1026D80075CB6FEB5B63EF3F26EB11769CD996BC0D
:1026E800D45C0484E05BEF3F602F3A3EF7EC9A3C01
:1026F800AAB968318754EF3F9D3886CB82E78FBCF3
:102708001DD9FC22504DEF3F8DC3A644416F8A3C32
:10271800D68C62883B46EF3F7D04E4B0057A803C66
:1027280096DC7D91493FEF3F94A8A8E3FD8E963C47
:102738003862756E7A38EF3F7D4874F2185E873CD0
:102748003FA6B24FCE31EF3FF2E71F982B47803CB0
:10275800DD7CE265452BEF3F5E08713F7BB896BC98
:102768008163F5E1DF24EF3F31AB096DE1F7823C8E
:10277800E1DE1FF59D1EEF3FFABF6F1A9B213DBC9E
:1027880090D9DAD07F18EF3FB40A0C7282378B3CAD
:102798000B03E4A68512EF3F8FCBCE8992146E3CD3
:1027A800562F3EA9AF0CEF3FB6ABB04D754D833CED
:1027B80015B7310AFE06EF3F4C74ACE20142863C85
:1027C80031D84CFC7001EF3F4AF8D35D39DD8F3CBE
:1027D800FF1664B208FCEE3F045B8E3B80A386BC08
:1027E800F19F925FC5F6EE3F68504BCCED4A92BC24
:1027F800CBA93A37A7F1EE3F8E2D511BF80799BCAC
:1028080066D8056DAEECEE3FD236943EE8D171BC89
:10281800F79FE534DBE7EE3F151BCEB3191999BCDA
:10282800E5A813C32DE3EE3F6D4C2AA7489F853CCE
:102838002234124CA6DEEE3F8A69287A601293BCD5
:102848001C80AC0445DAEE3F5B8917488FA758BC5B
:102858002A2EF7210AD6EE3F1B9A49679B2C7CBC8F
:1028680097A850D9F5D1EE3F11ACC260ED63433C57
:102878002D89616008CEEE3FEF64063B0966963C01
:1028880057001DED41CAEE3F7903A1DAE1CC6E3C59
:10289800D03CC1B5A2C6EE3F30120F3F8EFF933C2D
:1028A800DED3D7F02AC3EE3FB0AF7ABBCE90763CEA
:1028B800272A36D5DABFEE3F77E054EBBD1D933CAF
:1028C8000DDDFD99B2BCEE3F8EA3710034948FBC30
:1028D800A72C9D76B2B9EE3F49A393DCCCDE87BC2A
:1028E8004266CFA2DAB6EE3F5F380FBDC6DE78BCCF
:1028F800824F9D562BB4EE3FF65C7BEC461286BCAD
:102908000F925DCAA4B1EE3F8ED7FD180535933CF2
:10291800DA27B53647AFEE3F059B8A2FB7987B3C41
:10292800FDC797D412ADEE3F09541CE2E163903C19
:10293800295448DD07ABEE3FEAC6195085C7343C39
:10294800B746598A26A9EE3F35C0642BE632943C37
:102958004821AD156FA7EE3F9F7699614AE48CBC7C
:1029680009DC76B9E1A5EE3FA84DEF3BC5338CBC39
:1029780085553AB07EA4EE3FAEE92B89785384BCE6
:1029880020C3CC3446A3EE3F58585678DDCE93BCCE
:102998002522558238A2EE3F64197E80AA10573C42
:1029A80073A94CD455A1EE3F28225EBFEFB393BC68
:1029B800CD3B7F669EA0EE3F82B93487AD126ABCDC
:1029C800BFDA0B7512A0EE3FEEA96DB8EF6763BCD6
:1029D8002F1A653CB29FEE3F5188E0543DDC80BC25
:1029E800849451F97D9FEE3FCF3E5A7E641F78BC98
:1029F800745FECE8759FEE3FB07D8BC04AEE86BCF5
:102A08007481A5489A9FEE3F8AE6551E321986BC06
:102A1800C9674256EB9FEE3FD3D4095ECB9C903CEE
:102A28003F5DDE4F69A0EE3F1DA54DB9DC327BBC92
:102A38008701EB7314A1EE3F6BC06754FDEC943C27
:102A480032C13001EDA1EE3F556CD6ABE1EB653CF0
:102A5800624ECF36F3A2EE3F42CFB32FC5A188BC5A
:102A6800121A3E5427A4EE3F34373BF1B66993BCA3
:102A780013CE4C9989A5EE3F1EFF193A845E80BC9F
:102A8800ADC723461AA7EE3F6E5772D850D494BCF0
:102A9800ED92449BD9A8EE3F008A0E5B67AD903C4F
:102AA80099668AD9C7AAEE3FB4EAF0C12FB78D3C20
:102AB800DBA02A42E5ACEE3FFFE7C59C60B665BCEB
:102AC8008C44B51632AFEE3F445FF35983F67B3C36
:102AD80036771599AEB1EE3F833D1EA71F0993BC0B
:102AE800C6FF910B5BB4EE3F291E6C8BB8A95DBC89
:102AF800E5C5CDB037B7EE3F59B9907CF9236CBC2A
:102B08000F52C8CB44BAEE3FAAF9F422434392BC11
:102B1800504EDE9F82BDEE3F4B8E66D76CCA85BC99
:102B2800BA07CA70F1C0EE3F27CE912BFCAF713CBB
:102B380090F0A38291C4EE3FBB730AE135D26D3C9D
:102B48002323E31963C8EE3F6322622204C587BCCE
:102B580065E55D7B66CCEE3FD531E2E3861C8B3CB8
:102B6800332D4AEC9BD0EE3F15BBBCD3D1BB91BCF7
:102B78005D253EB203D5EE3FD231EE9C31CC903C80
:102B880058B330139ED9EE3FB35A736E8469843CB0
:102B9800BFFD79556BDEEE3FB49D8E97CDDF82BCCD
:102BA8007AF3D3BF6BE3EE3F8733CB92771A8C3C33
:102BB800ADD35A999FE8EE3FFAD9D14A8F7B90BCA2
:102BC80066B68D2907EEEE3FBAAEDC56D9C355BCC2
:102BD800FB154FB8A2F3EE3F40F6A63D0EA490BCFD
:102BE8003A59E58D72F9EE3F3493AD38F4D668BCA6
:102BF800475EFBF276FFEE3F358A586BE2EE91BCFA
:102C08004A06A130B005EF3FCDDD5F0AD7FF743C1F
:102C1800D2C14B901E0CEF3FAC9892FAFBBD91BC11
:102C2800091ED75BC212EF3FB30CAF30AE6E733CD8
:102C38009C5285DD9B19EF3F94FD9F5C32E38E3CEF
:102C48007AD0FF5FAB20EF3FAC5909D18FE0843CCD
:102C58004BD1572EF127EF3F671A4E38AFCD633C63
:102C6800B5E706946D2FEF3F6819926C2C6B673CA3
:102C78006990EFDC2037EF3FD2B5CC83188A80BC4F
:102C8800FAC35D550B3FEF3F6FFAFF3F5DAD8FBC59
:102C98007C89074A2D47EF3F49A97538AE0D90BC8E
:102CA800F2890D08874FEF3FA7073DA685A3743C1F
:102CB80087A4FBDC1858EF3F0F2240209E9182BC6E
:102CC8009883C916E360EF3FAC92C1D5505A8E3C49
:102CD8008532DB03E669EF3F4B6B01AC593A843C24
:102CE80060B401F32173EF3F1F3EB40721D582BCC6
:102CF8005F9B7B33977CEF3FC90D473BB92A89BC63
:102D080029A1F5144686EF3FD3883A6004B6743C8F
:102D1800F63F8BE72E90EF3F71729D51ECC5833CD7
:102D2800834CC7FB519AEF3FF091D38F12F78FBCBA
:102D3800DA90A4A2AFA4EF3F7D7423E298AE8DBCD5
:102D4800F1678E2D48AFEF3F0820AA41BCC38E3CE7
:102D5800275A61EE1BBAEF3F32EBA9C3942B843C90
:102D680097BA6B372BC5EF3FEE85D131A9648A3C02
:102D780040456E5B76D0EF3FEDE33BE4BA378EBC5F
:102D880014BE9CADFDDBEF3F9DCD914D3B89773C5B
:102D9800D8909E81C1E7EF3F89CC6041C105533C83
:082DA800F1718F2BC2F3EF3F24
:082DB00058D5FE7F0100000070
:042DB800BD02000850
:042DBC009902000870
:102DC00004000020000000003C070020A4070020B1
:102DD0000C080020000000000000000000000000BF
:102DE00000000000000000000000000000000000E3
:102DF00000000000000000000000000000000000D3
:102E000000000000000000000000000000000000C2
:102E100060EA000000804000800000010002000025
:102E2000FFAA527700040258000C0258000000006C
:102E30000000000000C0774000000000000000001B
:102E40000000000000000000000000000000000082
:102E50000000000000000440000000000000E03F0F
:102E6000000000000000E03F000000000000000043
:102E700000000000000054C00000000000005440AA
:102E800000000000000034C00000000000003440DA
:102E9000140000000000000000000000000000001E
:102EA0000000000000000000000000000000000022
:102EB0000000000000000000000000000000000012
:102EC0000000000000000000000000000000000002
:102ED0000000000000000440000000000000E03F8F
:102EE000000000000000E03F0000000000000000C3
:102EF00000000000000054C000000000000054402A
:102F000000000000000034C0000000000000344059
:102F1000140000000000000000000000000000009D
:102F200000000000000000000000000000000000A1
:102F30000000000000000000000000000000000091
:102F40000000000000000000000000000000000081
:102F50000000000000000440000000000000E03F0E
:102F60009A9999999999B93F0000000000000000D2
:102F700000000000000044C00000000000004440C9
:102F80000000000000002EC00000000000002E40E5
:102F9000140000000000000000000000000000001D
:102FA0000000000000000000000000000000000021
:102FB0000000000000000000000000000000000011
:102FC0000000000000000000000000000000000001
:102FD000666666666666E63F333333333333C33F34
:102FE0009A9999999999C93F000000000000000042
:102FF00000000000000044C0000000000000444049
:103000000000000000002EC00000000000002E4064
:10301000140000000000000000000000000000009C
:1030200000000000000000000000000000000000A0
:103030000000000000000000000000000000000090
:103040000000000000000000000000000000000080
:10305000000000000000F03F9A9999999999C93FA2
:103060007B14AE47E17A943F0000000000000000AE
:1030700000000000000044C00000000000004440C8
:103080000000000000002EC00000000000002E40E4
:10309000140000000000000000000000000000001C
:1030A0000000000000000000000000000000000020
:1030B000000000000000000000100258040008009A
:1030C000100020004000000000000258040008002A
:1030D000FFFFFFFF000000000000000000000000F4
:1030E00000000000000000000000000000000000E0
:1030F00000000000000000000000000000000000D0
:1031000000000000000000000000000000000000BF
:1031100000000000000000000000000000000000AF
:10312000000000000000000000000000000000009F
:10313000000000000000000000000000000000008F
:10314000000000000000000000000000000000007F
:10315000000000000000000000000000000000006F
:10316000000000000000000000000000000000005F
:10317000000000000000000000000000000000004F
:10318000000000000000000000000000000000003F
:10319000000000000000000000000000000000002F
:1031A000000000000000000000000000000000001F
:1031B000000000000000000000000000000000000F
:1031C00000000000000000000000000000000000FF
:1031D00000000000000000000000000000000000EF
:1031E00000000000000000000000000000000000DF
:1031F00000000000000000000000000000000000CF
:1032000000000000000000000000000000000000BE
:1032100000000000000000000000000000000000AE
:10322000000000000000000000000000000000009E
:10323000000000000000000000000000000000008E
:10324000000000000000000000000000000000007E
:10325000000000000000000000000000000000006E
:10326000000000000000000000000000000000005E
:10327000000000000000000000000000000000004E
:10328000000000000000000000000000000000003E
:10329000000000000000000000000000000000002E
:1032A000000000000000000000000000000000001E
:1032B000000000000000000000000000000000000E
:1032C00000000000000000000000000000000000FE
:1032D00000000000000000000000000000000000EE
:1032E00000000000000000000000000000000000DE
:1032F00000000000000000000000000000000000CE
:1033000000000000000000000000000000000000BD
:1033100000000000000000000000000000000000AD
:10332000000000000000000000000000000000009D
:10333000000000000000000000000000000000008D
:10334000000000000000000000000000000000007D
:10335000000000000000000000000000000000006D
:10336000000000000000000000000000000000005D
:10337000000000000000000000000000000000004D
:10338000000000000000000000000000000000003D
:10339000000000000000000000000000000000002D
:1033A000000000000000000000000000000000001D
:1033B000000000000000000000000000000000000D
:1033C00000000000000000000000000000000000FD
:1033D00000000000000000000000000000000000ED
:1033E00000000000000000000000000000000000DD
:1033F00000000000000000000000000000000000CD
:1034000000000000000000000000000000000000BC
:1034100000000000000000000000000000000000AC
:10342000000000000000000000000000000000009C
:10343000000000000000000000000000000000008C
:10344000000000000000000000000000000000007C
:10345000000000000000000000000000000000006C
:10346000000000000000000000000000000000005C
:10347000000000000000000000000000000000004C
:10348000000000000000000000000000000000003C
:10349000000000000000000000000000000000002C
:1034A000000000000000000000000000000000001C
:1034B000000000000000000000000000000000000C
:1034C00000000000000000000000000000000000FC
:1034D0000090D0030090D003100000000100000015
:0400000508010E518F
:00000001FF
