:020000040800F2
:10000000802E002479030008DB740008F96D0008D5
:10001000D97400081113000835860008000000009C
:10002000000000000000000000000000A9770008A8
:100030005917000800000000DD740008AB770008C5
:100040009303000893030008930300089303000838
:100050009303000893030008930300089303000828
:100060009303000893030008930300081513000886
:100070009303000893030008930300089303000808
:1000800093030008930300083D070008930300084A
:1000900093030008930300089303000893030008E8
:1000A00093030008930300089303000893030008D8
:1000B00093030008930300089303000893030008C8
:1000C00093030008930300089303000893030008B8
:1000D000930300089303000893030008298600088F
:1000E0009303000893030008000000009303000836
:1000F0009303000893030008930300089303000888
:100100009303000893030008930300089303000877
:10011000930300089303000893030008697900081B
:100120009303000893030008930300089303000857
:100130009303000893030008930300089303000847
:1001400000000000000000000000000000000000AF
:100150009303000893030008930300089303000827
:100160009303000893030008930300089303000817
:1001700093030008930300089303000800000000A5
:1001800093030008930300089303000893030008F7
:1001900093030008930300089303000893030008E7
:1001A00093030008930300089303000893030008D7
:1001B00093030008930300089303000893030008C7
:1001C00093030008930300089303000893030008B7
:1001D00093030008930300089303000893030008A7
:1001E0009303000893030008930300089303000897
:1001F0009303000893030008930300089303000887
:100200009303000893030008930300089303000876
:100210009303000893030008930300089303000866
:1002200093030008930300089303000800000000F4
:1002300093030008930300080000000093030008E4
:100240009303000893030008930300089303000836
:100250009303000893030008930300089303000826
:100260009303000893030008930300089303000816
:1002700093030008930300089303000800000000A4
:100280009303000893030008930300080000000094
:10029000000000009303000800F002F800F05CF892
:1002A0000AA090E8000C82448344AAF10107DA45D1
:1002B00001D100F051F8AFF2090EBAE80F0013F0C7
:1002C000010F18BFFB1A43F001031847D49D00002B
:1002D000F49D00000A444FF0000C10F8013B13F0AD
:1002E000070408BF10F8014B1D1108BF10F8015B8F
:1002F000641E05D010F8016B641E01F8016BF9D182
:1003000013F0080F1EBF10F8014BAD1C0C1B09D1D8
:100310006D1E58BF01F801CBFAD505E014F8016B4A
:1003200001F8016B6D1EF9D59142D6D370470000DC
:100330000023002400250026103A28BF78C1FBD8EE
:10034000520728BF30C148BF0B6070471FB509F086
:1003500055FD1FBD10B510BD00F0E2F81146FFF7C6
:10036000F5FF09F04DF900F000F903B4FFF7F2FFD3
:1003700003BC00F003F90000094880470948004722
:10038000FEE7FEE7FEE7FEE7FEE7FEE7FEE7FEE745
:10039000FEE7FEE704480549054A064B70470000A2
:1003A0008D7800089902000880280024802E0024FF
:1003B000802A0024802A002453EA020C00F069807D
:1003C0002DE9F04B4FF00006002B1FBFB3FA83F569
:1003D00003FA05F424FA05F65E4012BF1643B2FA9A
:1003E00082F502FA05F4C5F120051EBF22FA05FCCC
:1003F00044EA0C04203556EA044C4FEA144418BF72
:10040000641C4FF000084FF00009904271EB030CA0
:1004100039D3002919BFB1FA81F701FA07F6B0FA0A
:1004200080F700FA07F6C7F120071EBF20FA07FC85
:1004300046EA0C062037B6FBF4FCA7EB0507103F95
:1004400007F01F0BCBF120060CFA0BFB2CFA06F67B
:1004500044BFB3460026202FA4BF5E464FF0000BDA
:100460005BEA060C08BF4FF0010B19EB0B09ABFB65
:10047000027C48EB0608C01B06FB02CC0BFB03CC3E
:1004800071EB0C01C1E70B46024641464846BDE808
:10049000F08B13B54FF000004FF00001AFF3008078
:1004A000BDE81C4070474FF0000200B5134694466B
:1004B0009646203922BFA0E80C50A0E80C50B1F1BC
:1004C0002001BFF4F7AF090728BFA0E80C5048BFD0
:1004D0000CC05DF804EB890028BF40F8042B08BF6E
:1004E000704748BF20F8022B11F0804F18BF00F86A
:1004F000012B704770477047704710B500F008F83F
:10050000006810BD10B5044600F002F8046010BD8C
:10051000004870471C280024004870471C2800240D
:100520007546FFF7F9FFAE4605006946534620F0D1
:100530000700854618B020B5FFF72CFFBDE8204026
:100540004FF000064FF000074FF000084FF0000B8F
:1005500021F00701AC46ACE8C009ACE8C009ACE842
:10056000C009ACE8C0098D46704710B50446AFF32A
:1005700000802046BDE81040FFF7F7BE0149182073
:10058000ABBEFEE7260002007047000070B53A4996
:1005900005460068884202D0384A904202D1D1F81C
:1005A000080302E03648D0F8080310F4403F11D0A9
:1005B00004F026FE04466868B0F5803F06D0B0F52A
:1005C000003F03D0B0F5403F27D101E0000C18E018
:1005D000A40822E000214FF4002003F0A9FE044605
:1005E00068688103890B18D181140C2915D2DFE8C2
:1005F00001F0140606060606060B0D0F1113800CFB
:100600004000B4FBF0F408E0240906E0640904E0CB
:10061000A40902E0E40900E0240A03F049FA41F2E7
:100620000301884208D8174884422868816813D893
:1006300021F48071816070BD13496008884204D83C
:100640002868816821F44071F4E71049884206D88F
:100650002868816821F4407141F48071EAE70C490F
:1006600088422868816804D821F4407141F40071FF
:10067000E0E741F44071DDE7002002400021024044
:1006800000600258002D3101105E5F0020BCBE00EA
:1006900040787D0170B504460068816811F0010F53
:1006A00040D18168204A11422DD18168D54329402B
:1006B000491C816003F002FA1C49064620681C4B65
:1006C000884201D0984201D11A4A00E01A4A926841
:1006D000984202F01F0200D0014681421DD0E2B1D3
:1006E00020E0816811F0010F03D181682940491C85
:1006F000816003F0E3F9801B02280ED920680068AE
:10070000C043C00709D0606D40F010006065A06D67
:1007100040F00100A065012070BD20680168C94358
:10072000C907DED1002070BD3F00008000200240DC
:10073000002102400023024000630258014801F0FA
:1007400055BB0000800A002464209FED020A00F0DF
:1007500003B8000000803B4510B50446164910EE72
:10076000100A884202DD9FED150A06E010EE100A1D
:100770001349884201DAB3EE0E0A1248124A008881
:1007800000EE900A1068F8EE600A80EE801ABCEE67
:10079000C10A10EE101A491EC162D16048081168E2
:1007A000C8630821104605F0C7FD204603F04EF847
:1007B000BDE8104000F05EB800401C4600401C46FA
:1007C0000000F04100000024900C002410B5044605
:1007D000164910EE100A884202DD9FED150A06E068
:1007E00010EE100A1349884201DAB3EE0E0A1248DD
:1007F000124A008800EE900A1068F8EE600A80EE57
:10080000801ABCEEC10A10EE101A491EC162D160F6
:1008100048081168C8630821104605F08DFD204680
:1008200003F014F8BDE8104000F024B800401C4666
:1008300000401C460000F04100000024900C002401
:1008400070B500F01DF80A4D5FF00004A5F18C06AC
:1008500006EB840090ED000A35F81400FFF7B6FFB0
:10086000641CA4B2232CF3D300F004F8002070BD64
:10087000849F00080148082105F0E6BD900C002483
:100880000148082105F058BD900C0024014800687B
:10089000406A7047440C002401480068406A704771
:1008A000DC0C002405483C2110B505F04FFBBDE8E9
:1008B000104003483C2105F049BB0000440C0024D3
:1008C000DC0C0024024901EBC00090ED000B7047E6
:1008D000080A002406489FED071B90ED000BB4EEBC
:1008E000C10BF1EE10FA01D20120704700207047D1
:1008F000300A0024000000000020624006489FEDFE
:10090000071B90ED080BB4EEC10BF1EE10FA01D20B
:100910000120704700207047300A002400000000CA
:100920000080564006489FED071B90ED060BB4EE85
:10093000C10BF1EE10FA01D2012070470020704780
:10094000300A002400000000008056400C48282196
:1009500010B5FFF7A8FD0A4828212830FFF7A3FDAE
:10096000074828215030FFF79EFD054828217830A0
:10097000FFF799FDBDE81040024801F00BBD0000F3
:10098000E0090024800A002470B50F4C05460F4E84
:1009900002463046218903F086F8E1882A4630462F
:1009A00003F081F8A1882A46304603F07CF861887C
:1009B0002A46304603F077F821882A46BDE8704081
:1009C000034803F070B800005000002400080258EB
:1009D000000C025870B5084D04460848002235F84E
:1009E000141003F060F835F814100022BDE87040D0
:1009F000034803F058B800005000002400080258D3
:100A0000000C025870B5084D04460848012235F81C
:100A1000141003F048F835F814100122BDE87040B6
:100A2000034803F040B800005000002400080258BA
:100A3000000C0258054890ED080B90ED042B90ED4A
:100A4000061B30EE420B30EE410B704708000024CD
:100A500070B519482DED028B05F0C9FD4FF47A757C
:100A60001649154803222B4606F06DF9134C052054
:100A70009FED138B641E84ED048B84ED028B84ED5B
:100A8000088B02F0E3FE0C480322611C2B4606F0A3
:100A90005AF984ED048B84ED028B052084ED088BDC
:100AA00002F0D4FEBDEC028B212207490248BDE8CA
:100AB000704006F0BBB80000740D0024090000244B
:100AC0000000000000000000BC090024044890ED74
:100AD000080B90ED041B30EE410B80ED060B7047C8
:100AE0000800002410B5FFF7B3FFBDE8104002492D
:100AF0002122024806F09AB8BC090024740D002493
:100B00002DE9F0412DED028BB0EE408B02F0D6FFC7
:100B1000194C6FF03B064FF47A77054613E000BF9F
:100B2000FFF788FF84ED000B134884ED048B00F081
:100B30004BFB94ED020BBDEEC01B11EE101A701AA8
:100B40003C3900F021F902F0B9FF401BB842E7D36D
:100B500002F0B4FF4FEA000402F0B0FF001B64286B
:100B6000FAD3FFF7B3FF07489FED040B80ED060BA8
:100B7000BDEC028BBDE8F081000500240000000000
:100B8000000000006000002410B52DED028BB0EED7
:100B9000408BFFF74FFF0C4C204684ED000B84ED9B
:100BA000048B00F011FB94ED020BBDEEC00BBDEC0D
:100BB000028BBDE8104010EE101A10EE100A2D3115
:100BC000C0F12D0000F0E0B88002002410B5042030
:100BD0002DED028BFFF776FEB3EE0E8BB4EEC80B55
:100BE000F1EE10FA03D800F0ABF8042024E0032063
:100BF000FFF768FEB4EEC80BF1EE10FA03D800F070
:100C00006BF9002018E00220FFF75CFE9FED138BCC
:100C1000B4EEC80BF1EE10FA03D800F06DF8032023
:100C20000AE00120FFF74EFEB4EEC80BF1EE10FA19
:100C300008D800F02FF90120BDEC028BBDE8104070
:100C4000FFF7E0BE0120FFF79FFE064890ED060B80
:100C5000BDEC028BBDE81040FFF796BF000000001E
:100C600000005940600000242DE9F041204D642827
:100C7000204E04464FF6FF77686801DD642407E0E4
:100C80006FF063018C4201DA0C4610E0002C0DDDA0
:100C90004FF000024FF0800102F005FF686801226A
:100CA000402102F000FF04EB84000EE013DA4FF065
:100CB00001024FF0800102F0F6FE68680022402138
:100CC00002F0F1FE604200EB8000316807EA40006C
:100CD0008863BDE8F0810022802102F0E4FE6868AC
:100CE0000022402102F0DFFE31680020F0E7000022
:100CF00060000024F80B0024022010B5FFF7E2FD8D
:100D00000C4C9FED0D1B204684ED000B84ED041B65
:100D100000F05AFA94ED020BBDE81040BDEEC00B96
:100D200010EE100A10EE101A2D30C1F12D0100F056
:100D30002BB80000000300240000000000405540D4
:100D4000042010B5FFF7BEFD0C4C9FED0D1B204697
:100D500084ED000B84ED041B00F036FA94ED020BD9
:100D6000BDE81040BDEEC00B10EE100A10EE101AD8
:100D70002D30C1F12D0100F007B80000000400245F
:100D80000000000000804B4010B50C46FFF76CFFE0
:100D90002046BDE8104000F035B8000070B5FFF700
:100DA00075FD0646124804F033FF124C124D05E063
:100DB000FFF76CFDE860FFF76FFD2861FFF766FD48
:100DC000801B00EE100A94ED041BB8EEC00BB4EECD
:100DD000C10BF1EE10FAEBD300F050F900F0AEF8D1
:100DE000FFF7B2FC9FED050B84ED040B70BD000016
:100DF000280D002460000024800E00240000000064
:100E000000A074402DE9F041204D6428204E044696
:100E10004FF6FF77286801DD642407E06FF0630177
:100E20008C4201DA0C4610E0002C0DDD4FF001027F
:100E30004FF0200102F037FE28680022402102F026
:100E400032FE04EB84000EE013DA4FF000024FF0A4
:100E5000200102F028FE28680122402102F023FE32
:100E6000604200EB8000316807EA40004863BDE85B
:100E7000F0810022202102F016FE28680022402185
:100E800002F011FE31680020F0E70000600000244D
:100E9000F80B0024012010B5FFF714FD0B4C9FED5B
:100EA0000C1B204684ED000B84ED041B00F08CF934
:100EB00094ED020BBDE81040BDEEC00B10EE101A11
:100EC000C1F12D002D31FFF75FBF0000800300242A
:100ED0000000000000405540032010B5FFF7F2FC71
:100EE0000B4C9FED0C1B204684ED000B84ED041B86
:100EF00000F06AF994ED020BBDE81040BDEEC00BA6
:100F000010EE101AC1F12D002D31FFF73DBF00008A
:100F1000800400240000000000804B40064810B50B
:100F200004F036FE0448002105F006FABDE8104042
:100F30000148042105F000BAF80B00246FF01800F6
:100F4000014610B5FFF720FF322002F07FFC0021A0
:100F5000BDE810400846FFF717BF00002DE9F04735
:100F600000262DED028BFFF7DDFC3C4D20B19FEDFF
:100F70003C0B012685ED040B9FED3B8B95ED060B9D
:100F8000DFF8EC9040F2145730EE080B89ED040BBB
:100F900002F094FD824602F091FD04464FF4AF78D2
:100FA00032E000BFFFF746FD314889ED000B00F04D
:100FB0000BF999ED020BBDEEC00B10EE100A40428A
:100FC000FFF752FE99ED020BBDEEC00B10EE100ABA
:100FD000FFF718FF99ED002B99ED040B32EE401B43
:100FE000B5EEC01BF1EE10FA01DC30EE421BB0EEA4
:100FF000080BB4EEC01BF1EE10FA02D202F05EFD57
:1010000002E002F05BFD0446001B404505D202F001
:1010100055FDA0EB0A00B842C4D3B0EE480B00F077
:10102000C9F84FF0000108466EB1FFF7ADFE95ED2F
:10103000060BFFF765FDBDEC028B00210846BDE8FD
:10104000F047FFF7A1BEFFF79FFE9FED0A0B85ED6E
:10105000040BBDEC028BBDE8F087000060000024AB
:101060000000000000207740000000000080564093
:10107000800100240000000000A07440074810B563
:1010800004F00CFE0020FFF77FFC0420FFF7A2FC19
:10109000BDE810400020FFF79DBC0000280D002493
:1010A0002DE9F0470026FFF729FC384D20B19FEDD0
:1010B000380B012685ED040B9FED370B95ED061BD4
:1010C000DFF8DC9040F2145731EE400B89ED040B51
:1010D00002F0F4FC824602F0F1FC04464FF4AF78D3
:1010E00032E000BFFFF7A6FC2D4889ED000B00F0B1
:1010F0006BF899ED020BBDEEC00B10EE100A4042EA
:10110000FFF7B2FD99ED020BBDEEC00B10EE100A19
:10111000FFF778FE99ED002B99ED041B32EE410BA1
:10112000B5EEC00BF1EE10FA01DC31EE420BB0EE81
:10113000081BB4EEC10BF1EE10FA02D202F0BEFCB5
:1011400002E002F0BBFC0446001B404505D202F061
:10115000B5FCA0EB0A00B842C4D39FED120B00F01F
:1011600029F846B100210846FFF70EFE95ED060B63
:10117000FFF7C6FC03E09FED0D0B85ED040BBDE80A
:10118000F04700210846FFF7FFBD00006000002483
:101190000000000000207740000000000080564062
:1011A0000002002400000000008056C00000000083
:1011B00000A07440034890ED061B31EE000B80ED5B
:1011C000060B70476000002410B504462DED0C8B13
:1011D00002F074FC0146D4E91620081A824277D83E
:1011E00000EE100A94ED049B94ED002BB8EE407BCA
:1011F000B8EE406B39EE420B94ED181B94ED08CB22
:10120000B6EE008B94ED1A5B2CEE088B94ED064B3A
:1012100094ED143B00EE061B35EE005B28EE077BD9
:1012200024EE006B07EE051B84ED181BB4EEC31B08
:10123000F1EE10FA06DC94ED123BB4EEC31BF1EEB6
:1012400010FA01D284ED183B01EE100AB0EE003B1B
:1012500094ED0C4BB8EE418B94ED0A7B94ED1EBBE4
:1012600094ED1CAB04EE438BB8EE411B94ED189B40
:1012700094ED105B27EE03DB32EE4BBB28EE0A8BBE
:1012800004EE031B0DEE4B8B2CEE093B36EE034BAD
:1012900088EE013B84ED1C3B27EE031B34EE011B63
:1012A00084ED021BB4EEC51BF1EE10FA02DD84EDF5
:1012B000025B08E094ED0E3BB4EEC31BF1EE10FAB6
:1012C00001D284ED023B84ED1E2B84ED1A0BE16507
:1012D00094ED020BBDEC0C8B10BD0000034931F8FE
:1012E000101002481638406802F0D8BB46000024AF
:1012F000064910B531F8101004480C38806802F027
:10130000CDFB08B1002010BD012010BD3C00002421
:10131000FEE70000014801F0F5BB0000080E0024C4
:10132000294A016891423AD0274A1832914236D070
:10133000254A3032914232D0234A483291422ED04F
:10134000214A603291422AD01F4A7832914226D0F7
:101350001D4A9032914222D01B4AA83291421ED09F
:101360001A4A91421BD0194A1832914217D0174A93
:101370003032914213D0154A483291420FD0134A6D
:10138000603291420BD0114A7832914207D00F4A15
:101390009032914203D00D4AA832914211D1CAB283
:1013A0001823103AB2FBF3F26FF30901032A02F09B
:1013B0000703074AD25CC26500D9091D816508464A
:1013C000704721F0FF01F9E71000024010040240CD
:1013D000CA9F000830B5224A012301689142CAB26F
:1013E0001BD01F4C1434A14217D01D4C2834A142ED
:1013F00013D01B4C3C34A1420FD0194C5034A142A5
:101400000BD0174C6434A14207D0154C7834A1425C
:1014100003D0134C8C34A1420CD11421114C083A46
:10142000B2FBF1F10F4A803201F01F0504EB81019C
:10143000AB4010E00C4D1824103A0D44B2FBF4F10F
:10144000A82D00D80831094A01F01F0402EB8101E0
:10145000064AA3408032603080E80E0030BD0000B4
:101460000854025800580258F0FBFDBF0008024023
:1014700010B50279531E072B2DD8174C0168A142D5
:101480001BD0154C1434A14217D0134C2834A14260
:1014900013D0114C3C34A1420FD00F4C5034A14218
:1014A0000BD00D4C6434A14207D00B4C7834A142D0
:1014B00003D0094C8C34A14203D10849074C443174
:1014C00002E00749064C443104EB8202C0E91B21CB
:1014D00001219940416710BD08540258FC58025838
:1014E000FC08024010B583694FF0C074826A01465F
:1014F000002053B1B3F5005F15D072B1012A0CD0B2
:10150000022A0AD0032A09D104E01AB1012A06D01E
:10151000022A03D1C96AC90100D5012010BDC96AD8
:10152000A142FAD010BD002AF7D0012AF2D0022A37
:10153000F3D0032AF3D010BD2DE9F04F804E804F39
:10154000DFF8FC911836DFF8F8A148370468856D9C
:101550000AF1300ADFF8ECB14C45DFF8ECC1DFF8F6
:10156000ECE16DD0B4426BD0544569D0BC4267D039
:10157000DFF8D081A8F11808444561D05C455FD000
:1015800064455DD074455BD0DFF8C481444557D0D5
:10159000DFF8BC8108F11808444551D0DFF8B0816C
:1015A00008F1300844454BD0DFF8A48108F1480821
:1015B000444545D0DFF8988108F1600844453FD0A4
:1015C000DFF88C8108F17808444539D0DFF8808154
:1015D00008F19008444533D0DFF8748108F1A80879
:1015E00044452DD0DFF86C81444529D0DFF8648173
:1015F00008F11408444523D0DFF8588108F1280881
:1016000044451DD0DFF84C8108F13C08444517D013
:10161000DFF8408108F15008444511D0DFF83481EB
:1016200008F1640844450BD0DFF8288108F17808F8
:10163000444505D0DFF81C8108F18C08444509D1E8
:10164000D0E91948C4F80480C46E1CB1D0E91C4824
:10165000C4F8048004684C452ED0B4422CD05445C4
:101660002AD0BC4228D0374E183EB44224D05C4524
:1016700022D0644520D074451ED0354EB4421BD0D4
:10168000334E1836B44217D0314E3036B44213D0F0
:101690002F4E4836B4420FD02D4E6036B4420BD098
:1016A0002B4E7836B44207D0294E9036B44203D040
:1016B000274EA836B44215D190F85C603F2406F05E
:1016C0001F06B440AC600468256825F480252560B9
:1016D0002EE09A600068C160BDE8F08F99600068F4
:1016E000C260F9E71B4EB4421BD01A4E1436B44206
:1016F00017D0184E2836B44213D0164E3C36B4429A
:101700000FD0144E5036B4420BD0124E6436B44251
:1017100007D0104E7836B44203D00E4E8C36B44209
:10172000DAD190F85C60012406F01F06B4406C60CA
:10173000046863608368402B0368CFD1C9E7000069
:101740001000024088000240A0000240B8000240A1
:101750001004024008540258704772B6FEE7704702
:1017600070477047704770472DE9F0470F4690F873
:1017700050109AB0044601294FF0000915D00026F8
:10178000DFF8F880012084F850001596169621683D
:1017900041450ED13A4D0095284605F036FB82466C
:1017A000206805F032FB60B10EE002201AB0BDE8FF
:1017B000F087606D84F8506040F020006065012083
:1017C000F4E7BAF1000F09D0616D4FF0010941F063
:1017D00020006065484684F85060E7E7206841468D
:1017E000884201D0A84201D1264800E0264840F6B0
:1017F0001F72D7F800C0254BBCF1000F23D0D0F8E2
:1018000008C0D7F804802CF4404C4CEA080CC0F80F
:1018100008C0D4F800C08C4501D0AC4507D1896818
:10182000AB6801F0010103F00103194302E099687C
:1018300001F001010029CDD1BD68396883682943D1
:101840009343194317E0876827F440478760276868
:101850008F4201D0AF4207D18968AB6801F0010126
:1018600003F00103194302E0996801F00101002926
:10187000B0D1816891438160ACE700000020024054
:101880000021024000230240006302580060025819
:101890002DE9F84F4FF0000B0D46E54F0446CDF80B
:1018A00000B0D94690F85010DFF888A3012907D07E
:1018B000012684F85060206805F0A3FA18B168E1A9
:1018C0000220BDE8F88F286800280DDB216803039B
:1018D000CA6927D090FAA0F0B0FA80F000F01F009B
:1018E00006FA00F00243CA61D5E900124FF00C0C71
:1018F00020681F23C1F384610CEA921C02F01F02CE
:10190000604493409140026B9A430A43026320680B
:1019100005F077FA8046206805F06FFA58EA000073
:1019200003D07FE0C0F38460D8E72068AA68296804
:1019300005F077FAC0480068B6EB107F06D1216841
:101940006869C968C1F38201490008E02068C1687C
:10195000C906C1686869F5D501F0100149088840D9
:10196000296904292ED023682A6803EB810102F03B
:10197000F8420B6E024303F0004010430866697E94
:1019800022682869012917D05FF0000102EB80006E
:10199000026E22F000420A430266297E20682A690C
:1019A00001290CD00021036902F01F02914023F4A9
:1019B000F0420A43026135E04FF00041E6E74FF4A0
:1019C0000061F0E720682978026E02F0F842B2EB7D
:1019D000816F03D1016E21F00041016620682978F2
:1019E000426E02F0F842B2EB816F03D1416E21F0FA
:1019F0000041416620682978826E02F0F842B2EB1D
:101A0000816F03D1816E21F00041816620682978C1
:101A1000C26E02F0F842B2EB816F03D1C16E21F0C9
:101A20000041C1662068816811F0010F76D150F83D
:101A3000C02F95F80CC0814B29680CF0180823FAC8
:101A400008F3C1F3130C0B4022EA0C021A430260A4
:101A50007B48E968814277D1286801031BD090FA5E
:101A6000A0F1B1FA81F1491C01F01F0109294FEAE7
:101A7000003131D8002911D090FAA0F1B1FA81F1EA
:101A800001F1010101F01F0106FA01F609D100BFC1
:101A9000C0F3846109E0C0F38461E4E7C0F38461CA
:101AA000EEE790FAA0F1B1FA81F101F1010101F044
:101AB0001F0146EA816102D1C0F3846003E090FA1D
:101AC000A0F0B0FA80F000F1010000F01F0000EB80
:101AD000400041EA005133E000290ED090FAA0F115
:101AE000B1FA81F101F1010101F01F0106FA01F6DD
:101AF00006D100BFC0F3846106E0C0F38461F1E762
:101B000090FAA0F1B1FA81F101F1010101F01F0198
:101B100046EA816103D1C0F3846004E03FE090FABB
:101B2000A0F0B0FA80F0474A00F1010000F01F0079
:101B300000EB400002EB005041EA000141F000716F
:101B4000AA68206805F06DF92E68002E27DA3E4A53
:101B500020683E49DFF8F8C0904201D0B84201D178
:101B60000B4600E063469B68904203F0E07301D0AF
:101B7000B84209D19568D7F8088005F0010508F04A
:101B8000010845EA080503E0DAF8085005F0010508
:101B90004DB1616D4FF0010941F02000606548468C
:101BA00084F850B08DE62B4DAE421CD11D021AD4E4
:101BB0005045F4D1904202D0B84200D061468A68C4
:101BC00043F4000022F0E07202438A602349224875
:101BD0000968B1FBF0F04000801C00E0401E00905E
:101BE0000028FBD1DBE71E4DAE420CD1DD010AD44B
:101BF0005045D4D1904202D0B84200D061468A68A4
:101C000043F080700EE0174DAE42C8D15D02C6D4DD
:101C10005045C4D1904202D0B84200D061468A6893
:101C200043F4800022F0E07202438A60B7E70000CC
:101C300000210240006002580010005CFFFF0F000E
:101C40000000FF47000020FE002002400023024069
:101C500000630258000084CB400D0300B409002447
:101C6000000052C70000B8CF70B5454A2DED088B73
:101C7000016891427ED100F0B6F8424C424D00EE30
:101C8000100A9FED428B9FED439B94F90000B8EE44
:101C9000400B002805EBC001B2EE04BB81ED000B48
:101CA00020EE080B20EE090B36DDB0EE001B06F02F
:101CB000EBFC94F900009FED393B9FED3AAB05EB4F
:101CC000C0009FED3A2B90ED001B21EE081B21EE8A
:101CD000091B01EE03AB00EE02ABB0EE410BB0EE20
:101CE000081B06F0D1FC9FED331B94F9000000EEB9
:101CF00001AB05EBC000B1EE001B90ED000B20EE38
:101D0000080B20EE090B06F0BFFC9FED2C1B00EE2C
:101D100001AB2AEE0B0B09E09FED2A1B06F0B4FC89
:101D20009FED2A1B20EE010B20EE0B0B9FED291BD4
:101D3000154B94F90000283303F15001A1F128025A
:101D400003EBC00320EE011B01EBC00183ED000B90
:101D50009FED222B91ED000B02EBC002431C58B209
:101D600000EE021B052882ED001B81ED001B207098
:101D700003D100E001E000202070BDEC088B70BDB5
:101D8000002002405A000024E009002466666666CE
:101D900066660A40000000000000F03E00000000FF
:101DA000006051C03333333333F3404066666666B8
:101DB00066264F4066666666666639C0A4703D0A50
:101DC000D7A30E4021B0726891EDF0BF295C8FC29D
:101DD000F52828409A9999999999993F3333333343
:101DE0003333EF3F70470068006C70472DE9F05FB8
:101DF0000446006806684568DFF87082DFF870B254
:101E0000DFF87092404501D0484501D1584600E0C6
:101E10009948806800F01F07B0070ED5A8070CD5B9
:101E2000606DC00603D4606D40F4006060652046BC
:101E3000FFF795FC216802200860700701D568074C
:101E400003D4300737D5280735D5606DC00603D4D5
:101E5000606D40F400706065206804F0DAFF20B324
:101E60002068484501D1424600E00246824208D03F
:101E70003FB1052F05D0092F03D0484503D1414676
:101E800002E0C16801E00146C96889040DD4016817
:101E900009070AD504F0B5FF58B3606D40F0100093
:101EA0006065A06D40F00100A0652046FFF7DCFEF4
:101EB00021680C200860B00601D5A80603D470067E
:101EC00058D5680656D5606DC00603D4606D40F4E1
:101ED000005060652068C16C11F4C07F1AD00021E9
:101EE0008A4604F096FF02462068484514D14346CE
:101EF00013E02068416821F00C014160606D20F41E
:101F000080706065606DC004CFD4606D40F00100EA
:101F10006065CAE70121E3E70346834208D03FB189
:101F2000062F05D0072F03D0484503D1414602E0D4
:101F3000C16801E00146C968BAF1000F14D08B01F5
:101F400002D58AB18A040FD4026852060CD58902E0
:101F50000AD404F052FFE8B3606D40F010006065F1
:101F6000A06D40F00100A0652046FFF7F9FB216855
:101F70006020086030060BD5280609D5606D40F456
:101F800080306065204600F08DF92168802008606F
:101F9000F0050CD5E8050AD5606D40F400306065A9
:101FA0002046FFF7DFFB21684FF480700860B00522
:101FB0000CD5A8050AD5606D40F4802060652046E8
:101FC000FFF7D1FB21684FF400700860F00631D5AF
:101FD000E80600E00AE02DD5206BE8B12068EFB3F9
:101FE000404501D0484512D1584611E0206841686B
:101FF00021F060014160606D20F480506065606D8B
:10200000C005B1D4606D40F001006065ACE71A48CE
:10201000806800F4404050B1606D40F480606065BD
:10202000A06D40F00200A0652046FFF7DBFE2168AE
:1020300010200860700517D5680515D5616D4FF43F
:10204000806041F480416165A16D41F00801A165A6
:10205000216808602046BDE8F05F00E001E0FFF77E
:1020600080BBC0688007D6E7BDE8F09F0020024033
:10207000002302400021024000630258F8B54FF0EF
:10208000000604003546009602D0606D10B107E0EE
:102090000120F8BD204600F007F9A66584F85060DD
:1020A00020688168C1F3407119B18168704A11409C
:1020B000816020688168C1F3007181B981686D4ACF
:1020C000114041F0805181606C496B480968B1FB57
:1020D000F0F0401C00E0401E00900028FBD120687A
:1020E0008168C1F3007141B9616D012541F01001B2
:1020F0006165A16D41F00101A16504F082FE616D91
:10210000C90600D420B1606D012540F0100093E0B5
:10211000606D20F4807040F0020060652068816886
:1021200011F0010F1FD1564A564B904201D09842F0
:1021300007D191689E6801F0010106F00106314364
:1021400003E05149896801F0010161B9904201D071
:10215000984201D14D4800E04D488268616822F400
:102160007C120A43826001F0A3FC41F20301884221
:1021700002D9A06810280CD0617D227FA368206B53
:10218000490341EA024118430843217F01290CD049
:1021900010E0607D227F216B400340EA024241F063
:1021A0001000104340F00C00EFE7218C394A02EB9D
:1021B00041410843616A29B1A26A01F4787101437F
:1021C00042EA01002168344BCA681A400243CA60DF
:1021D000206804F016FE0646206804F00EFE304328
:1021E0001DD1216844F20303267DE26AC86842EAF1
:1021F000863298431043C86094F8380001281ED0F6
:102200002068016921F0010101612068626B0169A8
:1022100021F07041114301612046FEF7B7F9E068F3
:10222000012820681CD0016B21F00F010163606D53
:1022300020F0020040F0010060652846F8BD2068EB
:10224000A28F164FD4E9101C154E07EB0247A36C62
:10225000026941EA0C013B43324019431143D3E781
:10226000A269016B521E21F00F011143DEE700004D
:10227000C0FFFF5FC0FFFF7F400D0300B4090024D3
:10228000002002400021024000600258002302406A
:10229000006302580000FEFF03C0F0FF0100FFFFD3
:1022A0001EF800FC70470000F0B5B7B004461421DA
:1022B00030A8FEF7F8F8C0216846FEF7F4F8304978
:1022C0002068884259D1002102250C464FF4002095
:1022D0008DE823000C226846CDE90325C02629910C
:1022E00020230595CDE90831CDE9065602F084F9A1
:1022F00008B1FFF732FA2348016841F0200101607C
:10230000006800F0200035901E480830016841F058
:1023100001010160016801F001013591016841F09E
:1023200004010160016801F004013591016841F088
:102330000201016000680327309630A900F0020016
:1023400035901148CDE9317401F092FA3020329481
:10235000CDE930070D4830A901F08AFA309530A94F
:102360000B48CDE9317401F083FA002212201146A6
:1023700001F064FD122001F053FD37B0F0BD000004
:1023800000200240D84402580000025800080258B9
:10239000000402582DE9F0415B4D044600685B4F94
:1023A000A84201D0B84201D1594900E05949896891
:1023B00001F01F0604F025FD18B102221046BDE809
:1023C000F08194F8500001280CD0012084F85000CE
:1023D0002046FEF75FF902004FF0000104D084F8B8
:1023E0005010EBE70220EAE7636D40F6016C2068CD
:1023F00023EA0C03B84243F48073636501D12B4692
:1024000000E00346834200D01EB9636D23F48013BD
:102410006365636DDB0404D5A36D23F00603A36538
:1024200000E0A1651C23036084F850102068416817
:1024300021F01C014160206908282068416802D011
:1024400041F0040101E041F008014160206B20B936
:102450002068416841F0100141602068B84201D114
:10246000294600E00146814220D0FEB1052E1DD054
:10247000092E1BD0616DB84241F48011616500D016
:102480000546E968890199D5616D236921F40051F8
:10249000082B41F48051616541682BD021F0400147
:1024A00041602068416841F020012AE0C16889014B
:1024B00019D5636D216923F40053082943F480532F
:1024C0006365416807D021F04001416020684168A0
:1024D00041F0200106E021F02001416020684168C0
:1024E00041F04001416020680B4B81681940091D93
:1024F000816063E721F0200141602068416841F07C
:10250000400141605AE700000020024000210240E3
:102510000023024000630258C0FFFF7F2DE9F84FFF
:10252000044601F0CBFA00903CB194F83500022843
:1025300006D0802161650020E4E00120BDE8F88F2D
:10254000C74DC74EC649183520683036DFF81483AA
:10255000DFF814938842DFF814A3DFF814B32ED009
:10256000A8422CD0B0422AD0404528D0484526D099
:10257000504524D0584522D0BD4A183290421ED032
:10258000BC4A90421BD0BB4A1832904217D0B94A7D
:102590003032904213D0B74A483290420FD0B54AF9
:1025A000603290420BD0B34A7832904207D0B14AA1
:1025B0009032904203D0AF4AA832904209D10268CB
:1025C00022F01E0202602068426922F0800242610D
:1025D00003E0026822F00E02026027688F4238464C
:1025E0004DD0A8424BD0B04249D0404547D0484595
:1025F00045D0504543D0584541D09D4A183290426D
:102600003DD09C4A90423AD09A4A1832904236D0F5
:10261000984A3032904232D0964A483290422ED078
:10262000944A603290422AD0924A7832904226D020
:10263000904A9032904222D08E4AA83290421ED0C8
:102640008D4A90421BD08C4A1432904217D08A4A4D
:102650002832904213D0884A3C3290420FD0864AAA
:10266000503290420BD0844A6432904207D0824A62
:102670007832904203D0804A8C32974204D1206E47
:10268000026822F48072026075492068884228D06E
:10269000A84226D0B04224D0404522D0484520D080
:1026A00050451ED058451CD071491831884218D069
:1026B0007049884215D06F491831884211D06D4950
:1026C000303188420DD06B494831884209D0694980
:1026D0006031884205D067497831884201D0654928
:1026E0009031016821F0010101600EE001F0E6F98E
:1026F0000099401A052808D920226265032100208C
:1027000084F8351084F8340017E73868C007EDD135
:10271000534A0121206890422ED0A8422CD0B042CA
:102720002AD0404528D0484526D0504524D0584589
:1027300022D04F4B183398421ED04E4B98421BD09C
:102740004C4B1833984217D04A4B3033984213D031
:10275000484B483398420FD0464B603398420BD0D9
:10276000444B7833984207D0424B9033984203D081
:10277000404BA833984208D194F85C703F23A06D79
:1027800007F01F07BB40836007E094F85C30A06D42
:1027900003F01F0301FA03F34360206890424DD019
:1027A000A8424BD0B04249D0404547D0484545D0DB
:1027B000504543D0584541D02D4A183290423DD023
:1027C0002C4A90423AD02B4A1832904236D0294AAD
:1027D0003032904232D0274A483290422ED0254A99
:1027E000603290422AD0234A7832904226D0214A41
:1027F0009032904222D01F4AA83290421ED01E4AE8
:1028000090421BD01C4A1432904217D01A4A2832E8
:10281000904213D0184A3C3290420FD0164A5032A0
:1028200090420BD0144A6432904207D0124A783258
:10283000904203D0104A8C3290420BD1D4E9190255
:102840004260E06E30B1026822F480720260D4E926
:102850001C024260002084F8351084F834006DE6D4
:102860001000024058000240700002408800024000
:10287000A000024010040240085402582DE9F05F05
:1028800028B190F83510022904D08021416501203B
:10289000BDE8F09F904C904B0168183C18338E4A6D
:1028A000DFF83C92A1428D4CDFF838E28E4FDFF822
:1028B0003CB2DFF83CA28F4D8F4E31D091422FD0E9
:1028C00099422DD0A1422BD0494529D0714527D01E
:1028D000B94225D0DFF810C20CF1180C61451FD0A9
:1028E000DFF808C2ACF1600C614519D0DFF8FCC11B
:1028F000ACF1480C614513D0DFF8F0C1ACF1300CFD
:1029000061450DD0DFF8E4C1ACF1180C614507D08A
:10291000594505D0514503D0A94201D0B1422CD12F
:10292000DFF8B4C14FF0040880F83580ACF1180C22
:1029300061451DD091421BD0994219D0A14217D0B8
:10294000494515D0714513D0B94211D066481830A9
:1029500081420DD065486038814209D063484838CB
:10296000814205D061483038814201D05F48183833
:10297000086820F001000860ABE0D1F800C02CF03E
:102980000E08DFF854C1C1F80080ACF1180C0168E2
:10299000614527D0914225D0994223D0A14221D030
:1029A00049451FD071451DD0B9421BD0DFF838C151
:1029B0000CF1180C614515D0DFF830C1ACF1600C9A
:1029C00061450FD0DFF824C1ACF1480C614509D056
:1029D000DFF818C1ACF1300C614503D0DFF80CC151
:1029E000ACF1180CD1F800C02CF0010CC1F800C0FB
:1029F000DFF8E4804FF0010C0168A8F118084145A8
:102A000046D0914244D0994242D0A14240D049455B
:102A10003ED071453CD0B9423AD0334A1832914247
:102A200036D0324A603A914232D0304A483A9142E6
:102A30002ED02E4A303A91422AD02C4A183A91424E
:102A400026D0594524D0514522D0A94220D0B142A8
:102A50001ED02A4A91421BD0284A1432914217D0E4
:102A6000264A2832914213D0244A3C3291420FD058
:102A7000224A503291420BD0204A6432914207D010
:102A80001E4A7832914203D01C4A8C32914218D1AE
:102A9000016E0A6822F480720A6090F85C20816DF1
:102AA00002F01F020CFA02F24A60D0E919124A60E1
:102AB000C16E31B10A6822F480720A60D0E91C123A
:102AC0004A600022016D80F835C080F8342001B1E1
:102AD00088470020DCE60000280002405800024041
:102AE0007000024088000240A000024070040240D2
:102AF00088040240A0040240B8040240085402586E
:102B0000406D70472DE9FC5F0446F74E0020DFF86A
:102B1000D88300904FF41652F44808F11808A56DB8
:102B2000DFF8C493DFF8C0A3016809F13009206819
:102B30000AF1480AB1FBF2F1B04201912F68D5F8D1
:102B400000C0DFF8ACB335D04146884232D04845AA
:102B500030D050452ED058452CD0E5491831884208
:102B600028D0E3493031884224D0E14948318842B5
:102B700020D0E04988421DD0DE491831884219D062
:102B8000DC493031884215D0DA494831884211D0C9
:102B9000DFF860E30EF1600E70450BD0D54A783255
:102BA000904207D0D34B9033984203D0D149A831FB
:102BB00088427DD194F85C20082102F01F0201FABE
:102BC00002F23A424AD0B04232D0404530D0484575
:102BD0002ED050452CD058452AD0C54A18329042A4
:102BE00026D0C34A3032904222D0C14A4832904265
:102BF0001ED0C04A90421BD0BE4A1832904217D015
:102C0000BC4A3032904213D0BA4A483290420FD078
:102C1000B84A603290420BD0B64A7832904207D020
:102C2000B44A9032904203D0B24AA832904203D1C3
:102C3000026802F0040202E0026802F008026AB1CF
:102C4000026822F00402026094F85C0000F01F00A9
:102C50008140A960606D40F00100606594F85C00FF
:102C6000012100F01F008140394240D02068B0426D
:102C700034D0404532D0484530D050452ED058450C
:102C80002CD09B4A1832904228D0994A3032904238
:102C900024D0974A4832904220D0964A90421DD084
:102CA000944A1832904219D0924A3032904200E051
:102CB000AFE113D08F4A483290420FD08D4A603234
:102CC00090420BD08B4A7832904207D0894A90329A
:102CD000904203D0874AA83290427DD1406910F0DB
:102CE000800F04D0A960606D40F00200606594F828
:102CF0005C00042100F01F00814039423ED0206872
:102D0000B04232D0404530D048452ED050452CD02E
:102D100058452AD0764A1832904226D0744A30322A
:102D2000904222D0724A483290421ED0714A90425C
:102D30001BD0704A1832904217D06E4A30329042FF
:102D400013D06C4A483290420FD06A4A60329042A7
:102D50000BD0684A7832904207D0664A903290424F
:102D600003D0644AA83290424ED1006810F0020F9E
:102D700004D0A960606D40F00400606594F85C00C8
:102D8000102100F01F008140394258D02068B04225
:102D900034D0404532D0484530D050452ED05845EB
:102DA0002CD0534A1832904228D0514A30329042A7
:102DB00024D04F4A4832904220D04E4A90421DD0F3
:102DC0004C4A1832904219D04A4A3032904215D0BB
:102DD000484A4832904200E014E00FD0454A603241
:102DE00090420BD0434A7832904207D0414A903209
:102DF000904203D03F4AA832904207D1006800F0C9
:102E0000080006E0006872E70068B7E7006800F0B5
:102E10000400A0B1A96020680168490304D50068D6
:102E2000000308D5A16C07E00168C90503D4016857
:102E300021F008010160216C09B12046884794F80F
:102E40005C00202100F01F008140394279D02068C9
:102E5000B04232D0404530D048452ED050452CD0DD
:102E600058452AD0224A1832904226D0204A303281
:102E7000904222D01E4A483290421ED01D4A9042B3
:102E80001BD01C4A1832904217D01A4A3032904256
:102E900013D0184A483290420FD0164A60329042FE
:102EA0000BD0144A7832904207D0124A90329042A6
:102EB00003D0104AA832904203D1006800F01000FD
:102EC00002E0006800F00200B0B3A96094F8350099
:102ED0000428206801680FD049037ED500680003EC
:102EE0002BD4616C2AE0000010000240B4090024D9
:102EF000700002401004024021F0160101602068B9
:102F0000416921F080014161206C08B9A06C20B1B9
:102F10002068016821F00801016094F85C303F21CD
:102F2000012003F01F0300229940A96084F83500B6
:102F300084F83420216D65E003E0E16B09B120469F
:102F40008847606D00287DD0606DC00759D020682B
:102F5000042184F83510B0422BD0404529D0484593
:102F600027D0504525D0584523D09D49884220D0B0
:102F70009B49183188421CD099493031884218D079
:102F80009849884215D097491831884211D09549FF
:102F9000303188420DD093494831884209D0914957
:102FA0006031884205D08F497831884201D08D49FF
:102FB0009031016821F00101016020680099019AB7
:102FC000491C0091914202D80168C907F6D10068F6
:102FD000C00710D003200FE0FFE70168C905ACD49B
:102FE00003680121002223F01003036084F83510E8
:102FF00084F83420A1E7012084F83500002084F80B
:103000003400E16C00291DD002B02046BDE8F05F1D
:103010000847754988421DD073491431884219D038
:1030200071492831884215D06F493C31884211D00E
:103030006D49503188420DD06B496431884209D0C6
:10304000694900E084E07831884203D066498C31D8
:1030500088427DD194F85C800427016808F01F083D
:1030600007FA08F717EA0C0F009746D04F0744D528
:1030700000980F04686003D5C8033CD4A16CC1E775
:10308000880638D42068B0422DD05549603988422E
:1030900029D0484527D0504525D0584523D0504900
:1030A000884220D04E49183188421CD04C493031DA
:1030B000884218D04B49884215D04A491831884275
:1030C00011D04849303188420DD0464948318842B4
:1030D00009D0704507D0904205D0984203D04149AD
:1030E000A831884203D1016821F0080102E001689B
:1030F00021F004010160216C84E7022707FA08F738
:1031000017EA0C0F00974ED08F074CD500980F048C
:10311000686003D5C80344D4616C73E7880640D463
:103120002068B0422FD02E49603988422BD04845C4
:1031300029D0504527D0584525D02949884222D04A
:103140002749183188421ED025493031884200E095
:1031500044E018D02349884215D0224918318842CA
:1031600011D02049303188420DD01E494831884263
:1031700009D0704507D0904205D0984203D0194934
:10318000A831884203D1016821F0140102E00168EE
:1031900021F00A010160012184F83510002084F833
:1031A0003400E16B2EE7082202FA08F212EA0C0F53
:1031B00014D0090712D5016821F00E01016094F8BE
:1031C0005C100120002201F01F0100FA01F169608A
:1031D000606584F8350084F8342012E7BDE8FC9F70
:1031E0008800024010040240085402582DE9F05FA4
:1031F000044600F063FC002C07467DD0E34E02211C
:1032000020684FF00308DFF888934FF00005DFF8DF
:1032100084A3B042DFF880B334D0DC4A1832904245
:1032200030D048452ED050452CD058452AD0DA4AC7
:103230001832904226D0D84A3032904222D0D64A14
:10324000483290421ED0D54A90421BD0D34A183201
:10325000904217D0D14A3032904213D0CF4A4832F0
:1032600090420FD0CD4A603290420BD0CB4A783298
:10327000904207D0C94A9032904203D0C74AA83240
:1032800090427DD184F83510B04284F834502ED06D
:10329000BE49183188422AD0484528D0504526D00A
:1032A000584524D0BC491831884220D0BA49303121
:1032B00088421CD0B8494831884218D0B749884262
:1032C00015D0B6491831884211D0B44930318842FE
:1032D0000DD0B2494831884209D0B04960318842A6
:1032E00005D0AE497831884201D0AC4990310168AF
:1032F00021F00101016008E027E100BF00F0DEFBE2
:10330000C01B052801D920211CE120680068C007E6
:10331000F4D104F108002168D4E9053C8E4685C843
:1033200009681043D4E907281F43636A38439C4F58
:1033300040EA0C001043394040EA0800042B40EA00
:10334000010003D1D4E90B121143084395490968E0
:103350006FF30F01B1F1005F0FD36168A1F1290292
:10336000052A08D9163A032A05D9083A012A02D9AA
:103370004F39032901D840F48010CEF8000000E056
:1033800023E02068676A4069042F20F0070047EABD
:1033900000070DD1D4E90A01074349B12046FEF7E1
:1033A000A1F828B140206065012184F83510CCE0F7
:1033B000206847612046FDF7B3FF94F85C203F2169
:1033C00002F01F029140816054E0774A90421BD086
:1033D000754B1433984217D0734B2833984213D04F
:1033E000714B3C3398420FD06F4B503398420BD007
:1033F0006D4B6433984207D06B4B7833984203D0BF
:10340000694B8C3398427DD184F8351084F8345060
:10341000664B0168A26801EA030E402A73D0802A35
:1034200072D00022D4E90378D4E9053142EAD70208
:1034300042EAD8085C4AD4E9077C48EAD30848EA5B
:10344000D10141EAD701524241EA1C11142341EA59
:103450000E01016020681044B0FBF3F08000E065CD
:103460002046FDF75DFF94F85C20012102F01F0269
:10347000914041602068B04257D044491831884299
:1034800053D0484551D050454FD058454DD0424972
:103490001831884249D040493031884245D03E49B0
:1034A0004831884241D03D4988423ED03B4918319D
:1034B00088423AD039493031884236D0374948318C
:1034C000884232D03549603188422ED03349783134
:1034D00088422AD031499031884226D02F49A831DC
:1034E000884222D0304988421FD02F491431884267
:1034F0001BD02D492831884217D02B493C318842B6
:1035000013D002E01DE017E018E02749503188424F
:103510000BD025496431884207D02349783188424D
:1035200003D021498C31884229D12046FDF752FF32
:10353000A06880280CD00CE0102273E74FF4804282
:1035400070E74021616584F835800120BDE8F09F77
:103550006560216E20790860D4E9190141606068D6
:10356000401E072808D82046FDF782FFE06E056060
:10357000D4E91C01416002E0E5662567656701202A
:10358000656584F835000020E0E700001000024087
:103590004000024058000240700002401004024007
:1035A0003F8010FE0010005C085402580F00FEFF20
:1035B0002DE9F84F04008C464FF00000009014D025
:1035C00094F83400012812D094F8355001200021DD
:1035D00084F83400012D0CD0C002606501200090F9
:1035E00084F834100098BDE8F88F0120FBE7022032
:1035F000F9E78C4D0226206884F83560A8428A4D90
:1036000061658A4E8A4FDFF82C82DFF82C92DFF852
:103610002CA2DFF82CB226D0A84224D0B04222D06F
:10362000B84220D040451ED048451CD050451AD045
:10363000584518D08349884215D0824918318842AC
:1036400011D08049303188420DD07E4948318842BE
:1036500009D07C496031884205D07A497831884266
:1036600001D078499031016821F001010160614683
:103670002046FDF761FF6B49206888422CD0A842A4
:103680002AD0B04228D0B84226D0404524D0484560
:1036900022D0504520D058451ED06A4A90421BD0B7
:1036A000684A1832904217D0664A3032904213D09E
:1036B000644A483290420FD0624A603290420BD046
:1036C000604A7832904207D05E4A9032904203D0EE
:1036D0005C4AA83290420CD1026822F01E0242F0ED
:1036E00016020260206C88B12068026842F008026D
:1036F0000BE0026822F00E0242F00A020260206C27
:1037000020B12068026842F004020260206888420A
:103710004BD0A84249D0B04247D0B84245D04045EE
:1037200043D0484541D050453FD058453DD0454A0B
:1037300090423AD0434A1832904236D0414A303211
:10374000904232D03F4A483290422ED03D4A6032B9
:1037500090422AD03B4A7832904226D0394A903261
:10376000904222D0374AA83290421ED0364A904228
:103770001BD0354A1432904217D0334A2832904237
:1037800013D0314A3C3290420FD02F4A50329042EF
:103790000BD02D4A6432904207D02B4A78329042A7
:1037A00003D0294A8C3290420DD1206E0268D20398
:1037B00003D5026842F480720260E06E18B10268BC
:1037C00042F4807202602068884226D0A84224D049
:1037D000B04222D0B84220D040451ED048451CD02F
:1037E00050451AD0584518D01649884215D0154969
:1037F0001831884211D01349303188420DD0114917
:103800004831884209D00F496031884205D00D49BE
:103810007831884201D00B499031016841F00101B3
:103820000160DFE610000240280002404000024034
:10383000580002407000024088000240A000024090
:10384000B8000240100402400854025870B5044603
:1038500000F034F90546601C02D0044800780444A6
:1038600000F02CF9401BA042FAD370BDA809002437
:103870002DE9F84F03247D4D00234FF001094FF04F
:10388000B04B4FF00F0AE9E009FA03F73A4076D05F
:103890000E7906F00306012E01D0022E18D1D0F8C1
:1038A00008C04FEA430ECE6804FA0EF82CEA080C62
:1038B00006FA0EF646EA0C068660D0F804C00E79C9
:1038C0002CEA070CC6F300169E4046EA0C0646603A
:1038D0000E79F643B6070BD0C6684FEA43088F68E7
:1038E00004FA08FC26EA0C0607FA08F73743C76013
:1038F0000E7906F00306022E12D1DE080F694FEA98
:10390000437C00EB8606B646366A4FEADC6C0AFA60
:103910000CF807FA0CF726EA08063743CEF82070B1
:103920000F7906684FEA430807F0030704FA08FC1A
:1039300007FA08F726EA0C06374307604E6816F4C4
:10394000403F1CD04A4E376847F002073760366860
:103950009F0706F00206009623F0030606F1B04624
:10396000B6463F0FD6F80864DFF808810AFA07FC6C
:10397000404526EA0C0603D14FF0000C41E06CE014
:10398000DFF8F4C0604502D14FF0010C39E0DFF8F8
:10399000ECC0604502D14FF0020C32E0DFF8E0C02D
:1039A000604502D14FF0030C2BE0DFF8D8C0604532
:1039B00002D14FF0040C24E0DFF8CCC0604502D106
:1039C0004FF0050C1DE0DFF8C4C0604502D14FF098
:1039D000060C16E0DFF8B8C0604502D14FF0070CC6
:1039E0000FE0DFF8B0C0604502D14FF0080C08E0EE
:1039F000DFF8A4C0604502D14FF0090C01E04FF0A0
:103A00000A0C0CFA07FC4CEA060CCEF808C44F6806
:103A1000DBF80060FF0226EA020600D516435F4687
:103A2000CBF80060D1F804C0DBF804605FEA8C2CAE
:103A300026EA020600D516437E606E684F6826EAC5
:103A40000206BF0300D516436E602E684F6826EA53
:103A50000206FF0300D516432E605B1C0A6832FA8B
:103A600003F67FF411AFBDE8F88F00008000005826
:103A7000F44402580000025800040258000802589A
:103A8000000C025800100258001402580018025886
:103A9000001C025800200258002402580069084007
:103AA00000D0012070470AB1816170470904FBE72B
:103AB00001480068000C70470010005C01488068F5
:103AC00070470000A809002430B590F84120202A52
:103AD00024D190F84020012A20D0012380F84030E2
:103AE000242280F84120202300240268156825F054
:103AF000010515600268156825F480551560026897
:103B000015680D43156001680A6842F001020A60F9
:103B100080F8413080F84040002030BD022030BDA8
:103B200030B590F84120202A22D190F84020012A77
:103B30001ED0012380F84030242280F84120202428
:103B400000250268136823F00103136002681368FC
:103B500023F4706343EA0121116001680A6842F0AE
:103B600001020A6080F8414080F84050002030BDDA
:103B7000022030BD70B5040004D094F84100002547
:103B800010B106E0012070BD204684F8405000F0DE
:103B900051F8242084F841002068016821F00101D7
:103BA0000160D4E9001020F070600861206881682D
:103BB00021F400418160E06821680128A06830D0CC
:103BC00040F404408860E0680228206841682BD0F7
:103BD00021F40061416020682021154A43681343A5
:103BE00043602068C26822F40042C26054F8106B3F
:103BF0000DCC104340EA0320F06054F81C3CD4E99B
:103C000000021043186054F81C0D026842F00102D3
:103C10000260656484F84110256384F842500020F6
:103C200070BD40F40040CDE741F40061D2E70000F0
:103C30000080000210B5B6B00446142130A8FCF78D
:103C400032FCC0216846FCF72EFC194920688842E6
:103C50002BD10020219008210446CDE900106846B0
:103C600000F0CAFC08B1FDF778FD1248016841F088
:103C700002010160006830AB122100F002003590B3
:103C80004FF44060042283E813000B4830A9CDE9CB
:103C90003342FFF7EDFD07480830016841F4800129
:103CA0000160006800F48000359036B010BD00005F
:103CB00000580040E044025800040258024881685D
:103CC0000278114481607047A8090024032010B5D0
:103CD00000F0D4F801F0DAFA0F4A104914681368BA
:103CE000C4F3032203F00F038A5CC95C02F01F02D5
:103CF00001F01F01D0400A4A20FA01F11160094980
:103D000008600F2000F010F808B1012010BD00F08D
:103D100079F8002010BD000018440258FA9F0008EE
:103D2000B8090024B409002470B50D4D0446287864
:103D3000A0B14FF47A71B1FBF0F00A490968B1FB08
:103D4000F0F001F000FE48B9102C07D20022214605
:103D5000501E00F073F800206C6070BD012070BD33
:103D6000A8090024B4090024154BF0B5083B42789B
:103D700013491A600B680A1F23F001030B604368A4
:103D80001360057BC67A827A437B2D07847B45EAE4
:103D90000665C77B90F809C0067A90F800E045EA0E
:103DA000C24040EA834040EA444040EA074040EADB
:103DB0000C2040EA460040EA0E000860F0BD00001A
:103DC000A0ED00E0BFF35F8F044800210368034AC1
:103DD00023F48033036070321160704724ED00E0FB
:103DE000074A40F00100064970321060086840F44C
:103DF00080300860BFF34F8FBFF36F8F70470000B4
:103E000024ED00E0054808B5016841F002010160B9
:103E1000006800F00200009008BD0000F444025861
:103E2000002809DB410900F01F028900012001F18F
:103E3000E0219040C1F80001704700000E4BF0B443
:103E40001B680D46C3F30223C3F10706042E00D9F5
:103E50000426191D072901D2002300E0DB1E0124DE
:103E600004FA06F19C40491E2940641E9940144002
:103E70002143F0BC04F0F7BB0CED00E0064900F074
:103E8000070210B54FF6FF040868044B204040EAD3
:103E900002201843086010BD0CED00E00000FA0598
:103EA000134970B50A68D243520705D5096801F075
:103EB0000701814213D118E00A6822F00702024389
:103EC0000A60FFF7FBFD0A4D4FF47A760446083D81
:103ED00007E000BFFFF7F2FD001BB04201D901204F
:103EE00070BD2868C0438004F4D4002070BD000079
:103EF0000C48025810B5F0B102210171002201688E
:103F000001230C6824F020040C60016821F0FF01FB
:103F10000C6824F00F040C6001680C6824F01C0489
:103F20000C6001684C6824F007044C608260C26039
:103F30000371002010BD012010BD000010B501F07C
:103F40005FF905490968054AC1F30211515C01F0A6
:103F50001F01C84010BD000020440258FA9F00080D
:103F60004A4930B5494C0B1D0A680C3409681D6874
:103F7000246802F0030305F00102C1F30511C4F344
:103F8000CC04002914FB02F200EE102AF8EE400ADD
:103F900076D0414A9FED3E1ADFED3E1AB7EE000A99
:103FA00023B1012B5AD0022B18D15CE0374C283CAE
:103FB00023689B0612D5394B246801EE901A1168CC
:103FC000C4F3C104F8EE612AE34001EE903AC1F374
:103FD0000801F8EE611A81EEA22A07E002EE101A3B
:103FE0001168F8EE422A81EEA22A45E001EE901A0D
:103FF0001168F8EE611A40EE811A71EE800A62EEE5
:10400000200AC1F3462101EE101AB8EE411A31EE32
:10401000001AC0EE811ABCEEE11A80ED001A116898
:10402000C1F3064101EE101AB8EE411A31EE001A42
:10403000C0EE811ABCEEE11A80ED011A1168C1F3DD
:10404000066101EE101AB8EE411A31EE000A80EE58
:10405000801ABCEEC10A80ED020A30BD01EE901A52
:10406000DFED0F2A03E001EE901ADFED0E2A116852
:10407000F8EE611A82EEA12AC1F30801B6E7FFE764
:10408000002101604160816030BD00002844025879
:10409000000000390024744C304402580090D003D2
:1040A0000024744A20BCBE4B494930B5484C0B1D16
:1040B0000A68143409681D68246802F00303C5F314
:1040C0000012C1F30531C4F3CC04002914FB02F241
:1040D00000EE102AF8EE400A75D03F4A9FED3D1AD7
:1040E000B7EE000A6BB1DFED3D1A012B01D0022BB8
:1040F00064D002EE101A1168F8EE422A81EEA22A6C
:1041000021E0334C283C23689B0612D5344B2468AD
:1041100001EE901A1168C4F3C104F8EE612AE3407D
:1041200001EE903AC1F30801F8EE611A81EEA22A7D
:104130000BE001EE901ADFED2B2A00BFF8EE611ABA
:10414000116882EEA12AC1F3080101EE901A1168EC
:10415000F8EE611A40EE811A71EE800A62EE200AD2
:10416000C1F3462101EE101AB8EE411A31EE001AE1
:10417000C0EE811ABCEEE11A80ED001A1168C1F39D
:10418000064101EE101AB8EE411A31EE001AC0EEE7
:10419000811ABCEEE11A80ED011A1168C1F30661C3
:1041A00001EE101AB8EE411A31EE000A80EE801AC4
:1041B000BCEEC10A80ED020A30BD04E001EE901AA7
:1041C000DFED092ABAE70021016041608160F3E771
:1041D0002844025800000039384402580024744A28
:1041E0000090D0030024744C20BCBE4B494930B52C
:1041F000484C0B1D0A681C3409681D68246802F0CD
:104200000303C5F30022C1F30551C4F3CC04002914
:1042100014FB02F200EE102AF8EE400A75D03F4A75
:104220009FED3D1AB7EE000A6BB1DFED3D1A012B91
:1042300001D0022B64D002EE101A1168F8EE422A67
:1042400081EEA22A21E0334C283C23689B0612D53C
:10425000344B246801EE901A1168C4F3C104F8EEDF
:10426000612AE34001EE903AC1F30801F8EE611AC9
:1042700081EEA22A0BE001EE901ADFED2B2A00BF9F
:10428000F8EE611A116882EEA12AC1F3080101EE6D
:10429000901A1168F8EE611A40EE811A71EE800AE8
:1042A00062EE200AC1F3462101EE101AB8EE411A5F
:1042B00031EE001AC0EE811ABCEEE11A80ED001A50
:1042C0001168C1F3064101EE101AB8EE411A31EE41
:1042D000001AC0EE811ABCEEE11A80ED011A1168D5
:1042E000C1F3066101EE101AB8EE411A31EE000A70
:1042F00080EE801ABCEEC10A80ED020A30BD04E0F7
:1043000001EE901ADFED092ABAE700210160416051
:104310008160F3E728440258000000394044025805
:104320000024744A0090D0030024744C20BCBE4B7F
:104330002DE9F04FAC4A0546DFF8A8A280F4807062
:10434000DFF8AC9289B01311AA4C0843A748AAF130
:1043500004064FF0805C4FF000582CD085F40077B5
:104360000F4357D0DFF87CB285F480670F430BF121
:10437000080B61D085F400670F4374D085F4805733
:104380000F436ED085F400570F434FF480394FF43C
:10439000003E67D085F400270F4371D085F4803745
:1043A0000F436ED085F480460E436BD085F40042F7
:1043B0000A4368D02AE0DAF8001001F00701052965
:1043C00024D2DFE801F075BC7D25B10006A8FFF717
:1043D000C7FD079809B0BDE8F08F6846FFF764FE97
:1043E0000098F7E703A8FFF701FF0398F2E72068BA
:1043F000C0F3C10022FA00F0ECE72268D20571D5C3
:1044000061456FD11846E5E74145E3D00020E1E77B
:104410004846DFE7DAF8001001F4E07180294FD058
:1044200004DC002944D04029F0D188E0C029EFD035
:10443000B1F5807FEAD177E0DBF8001001F460018C
:10444000B1F5800F3CD004DC91B3B1F5001FDDD194
:1044500075E0B1F5C00FDBD0B1F5000FD6D163E048
:1044600001E018E030E0DBF8001001F0E061B1F1AC
:10447000007F25D008DCD9B1B1F1807FC6D15EE0E4
:1044800049E06CE079E09CE0B1F1407FC0D0B1F14F
:10449000806FBBD148E0DAF8001001F4E041B1F5DB
:1044A000005F0DD005DC19B1B1F5805FAED146E0FB
:1044B00094E0B1F5405FABD0B1F5804FA6D133E0C9
:1044C00020688000A2D58DE7DAF8001001F4E02121
:1044D000B1F5403F6CD006DC61B149457AD07145F9
:1044E00094D157E037E0B1F5802F65D0B1F5A02F1A
:1044F0008CD10CE000F0A6FE6CE76846FFF7D4FD17
:10450000019867E703A8FFF771FE049862E7216846
:104510008903F1D47AE7DBF8001011F440310ED0B2
:10452000494510D07145F5D13168256801F04051F9
:104530006D077FF562AF00297FF45FAF57E7206812
:104540000001E7D549E720688000E3D503A8FFF71D
:104550004DFE05983EE722689203DBD554E73068AC
:1045600010F480303AD04845D4D120680001D1D52C
:104570006846FFF799FD02982CE7DBF8001001F080
:10458000E041B1F1405F13D008DC71B1614521D049
:104590004145BFD120688000B4D437E7B1F1804FE6
:1045A0000AD0B1F1A04FB2D030E7FFF7C7FC11E756
:1045B00020684007AED51AE72068C005AAD521E7D4
:1045C00008E0DAF8001011F04051A0D0614505D0A4
:1045D00041459FD1206800018FD417E720688001F2
:1045E00098D5F3E6504402580090D00340787D01FE
:1045F0000080BB00004402582DE9FE4F0546DFF85D
:10460000E48350F8081B0024F64FC943019005F1DC
:104610002800264608F12408009008011DD4A86E41
:1046200050B1B0F5801F0CD0B0F5001F0ED0B0F522
:10463000401F1ED001240FE0386840F4003038607D
:1046400017E00198022102F04BFF03E000980221DD
:1046500002F0D6FF04000CD026462888C043C005CF
:1046600023D4A86D05281ED2DFE800F00C11161B1C
:104670001B00AA6ED8F8001021F440111143C8F8AD
:104680000010EAE7386840F40030386009E001982B
:10469000002102F025FF03E00098002102F0B0FFA6
:1046A000044674B100E0012426462888C0438005F2
:1046B00028D4E86D80281ED00CDC90B140280ED1A3
:1046C00014E0AA6DD8F8001021F007011143C8F8D2
:1046D0000010EAE7C02813D0B0F5807F10D0012485
:1046E0000FE0386840F40030386009E0019800219C
:1046F00002F0F6FE03E00098002102F081FF04467C
:104700009CB126462888DFF8DC92C04309F12C09C9
:1047100040052CD4D5F8A800B0F5800F20D00DDCD2
:10472000A0B1B0F5001F0FD115E0EA6DD8F8001068
:1047300021F4E0711143C8F80010E3E7B0F5C00FB1
:1047400013D0B0F5000F10D001240FE0386840F40A
:104750000030386009E00198002102F0C1FE03E05A
:104760000098002102F04CFF04467CB126462888C0
:10477000C04300052DD4D5F8AC00B0F1007F21D0A6
:104780000EDCA8B1B0F1807F10D116E0D5F8A820DA
:10479000D9F8001021F460011143C9F80010E6E7D0
:1047A000B0F1407F13D0B0F1806F10D001240FE042
:1047B000386840F40030386009E00198002102F0C8
:1047C0008FFE03E00098002102F01AFF044674B146
:1047D00026462868C04380011FD4E86CD8B1102851
:1047E0000FD0202812D0302815D0012414E0D5F89D
:1047F000AC20D9F8001021F0E0611143C9F8001095
:10480000E7E7386840F40030386004E0019802219E
:1048100002F066FE044674B126462888C043C004F0
:104820002BD4286EB0F5005F20D00DDCA0B1B0F520
:10483000805F0FD115E06B48EA6C2030016821F0F1
:10484000300111430160E8E7B0F5405F13D0B0F5E7
:10485000804F10D001240FE0386840F400303860F9
:1048600009E00198002102F03BFE03E000980021DE
:1048700002F0C6FE04468CB126462888C043800458
:1048800029D4686EB0F5403F23D010DC08B3B0F5F2
:10489000803F14D0B0F5003F0FD115E02A6ED8F854
:1048A000001021F4E0411143C8F80010E5E7B0F52D
:1048B000802F0ED0B0F5A02F0BD001240AE0019874
:1048C000012102F00DFE03E00098012102F098FEA4
:1048D000044694B126462888C04340042AD4D5F81B
:1048E000B000B0F1405F23D010DC08B3B0F1805FBE
:1048F00014D0B0F1005F0FD115E06A6ED8F8001047
:1049000021F4E0211143C8F80010E4E7B0F1804F32
:104910000ED0B0F1A04F0BD001240AE00198012184
:1049200002F0DEFD03E00098012102F069FE04467A
:1049300074B126462888C04300041FD4286FD8B11C
:10494000B0F1805F0ED0B0F1005F10D0012414E010
:10495000D5F8B020D9F8001021F0E0411143C9F892
:104960000010E7E7386840F40030386004E0019850
:10497000012102F0B5FD044674B126462868C04303
:10498000C0011ED4A86CD0B101280ED0022811D0CD
:10499000032814D0012413E02A6FD8F8001021F066
:1049A00040511143C8F80010E8E7386840F400307F
:1049B000386004E00198022102F092FD0446ACB197
:1049C00026462868DFF81CB0C043ABF11C0B400240
:1049D00052D40548016841F480710160FFF76EF818
:1049E000824611E02C44025800480258FA48AA6C4A
:1049F000016821F0030111430160E2E7FFF75EF86F
:104A0000A0EB0A00642835D8F4480068C005F5D545
:104A10008CBBDFF8C4A3B5F8B4100AF1240ADAF8A5
:104A2000000001F4407100F44070884211D0DAF8BF
:104A30000010DAF8002021F4407142F48032CAF804
:104A40000020DAF8002022F48032CAF80020CAF8E8
:104A50000010D5F8B400B0F5807F1AD1FFF72EF81A
:104A6000029012E0FFF72AF80299411A41F28830C9
:104A700081420AD9032426462878DFF85CA3C04384
:104A80000AF1080AC00721D03CE0DAF800008007EC
:104A9000E8D5D5F8B410C1F30120032858460DD04D
:104AA000016821F47C510160B5F8B420DAF80010F7
:104AB000C2F30B021143CAF80010DDE7C84A0368CD
:104AC00002EA111223F47C511143ECE7E86F182835
:104AD00016D005DCA0B1082808D0102804D10AE0BF
:104AE00020280DD028280BD001240AE001980121AC
:104AF00002F0F6FC03E00098012102F081FD04467B
:104B000064B126462878C04380071ED4A86F0628C3
:104B100019D2DFE800F0160C11161616EA6FDAF853
:104B2000001021F038011143CAF80010EAE701989B
:104B3000012102F0D5FC03E00098012102F060FDA4
:104B400004467CB100E0012426462878C043400793
:104B50001FD4D5F89400062819D2DFE800F0160C0F
:104B600011161616AA6FDAF8001021F0070111438A
:104B7000CAF80010E9E70198012102F0B1FC03E056
:104B80000098012102F03CFD0446A4B100E001249C
:104B900026462878C04380062BD4D5F89000B0F183
:104BA000405F24D011DC10B3B0F1805F15D0B0F1BC
:104BB000005F10D116E0D5F89420D9F8001021F04C
:104BC00007011143C9F80010E3E7B0F1804F0ED0A0
:104BD000B0F1A04F0BD001240AE00198002102F0AF
:104BE0007FFC03E00098022102F00AFD044694B124
:104BF00026462878C04340062BD4D5F89C00B0F553
:104C0000406F24D011DC10B3B0F5806F15D0B0F533
:104C1000006F10D116E0D5F89020DAF8001021F0DE
:104C2000E0411143CAF80010E3E7B0F5805F0ED011
:104C3000B0F5A05F0BD001240AE00198002102F03A
:104C40004FFC03E00098022102F0DAFC044694B124
:104C500026462878C04300062BD4D5F8A000B0F52E
:104C6000C04F24D011DC10B3B0F5005F15D0B0F503
:104C7000804F10D116E0D5F89C20D9F8001021F40F
:104C8000E0511143C9F80010E3E7B0F5004F0ED032
:104C9000B0F5204F0BD001240AE00198002102F06A
:104CA0001FFC03E00098022102F0AAFC044654B164
:104CB00026462878C04300071ED4D5F88400B0F5F6
:104CC000805F0AD00FE0D5F8A020D9F8001021F4B9
:104CD00060411143C9F80010EBE70098022102F08F
:104CE0008FFC00B10126D5F88420DAF8001021F4F9
:104CF00040511143CAF800102878C043C00613D4AD
:104D0000D5F89800B0F5807F05D10098022102F017
:104D100077FC00B10126D5F89820D9F8001021F4CD
:104D200040711143C9F800102868C043000316D42D
:104D3000D5F8A40038B1B0F5803F09D0B0F5003FF8
:104D40000BD001240AE00198002102F0C9FB03E026
:104D50000098022102F054FC04468CB126462868D3
:104D6000C043400322D4D5F88800B0F5801F11D08D
:104D7000B0F5001F13D0B0F5401F15D0012414E08A
:104D8000D5F8A420D9F8001021F440311143C9F816
:104D90000010E4E7386840F40030386004E0009820
:104DA000012102F02DFC04465CB126462868C04370
:104DB000C00323D4286DA8B1B0F5803F17D00124DB
:104DC0001BE0D5F88820DAF8001021F440111143D7
:104DD000CAF80010EAE700004C44025800480258A4
:104DE000CFFFFF00386840F40030386004E00198DD
:104DF000022102F075FB0446E4B126462868C04350
:104E0000800005D40098022102F0FAFB00B10126CF
:104E10002868C04380031BD4D5F88000B0B1B0F53A
:104E2000807F0FD0B0F5007F10D0B0F5407F0DD05F
:104E300001240CE05A482A6D016821F480311143A5
:104E40000160DBE7386840F400303860ECB3264698
:104E50002868C043C00207D46A6FD8F8001021F058
:104E600000411143C8F800102868C043C00008D4AE
:104E7000D5F8B820DBF8001021F480411143CBF8BD
:104E800000102868C043800207D4EA6ED8F80010EA
:104E900021F080711143C8F800102868C043400019
:104EA0000CD4DBF8001021F40041CBF80010DBF843
:104EB0000010D5F8BC201143CBF800102868C0437F
:104EC00008D437486A6D016800E018E021F04051CD
:104ED000114301602868C043000208D4D5F88C2033
:104EE000DAF8001021F440011143CAF800102879C3
:104EF0000024C04300F0010020430AD00FE0D5F8A1
:104F00008020DAF8001021F440711143CAF8001033
:104F10009EE70198002102F0E3FA00B106462879E5
:104F2000C04300F00200204305D10198012102F0A6
:104F3000D7FA00B106462879C04300F004002043A8
:104F400005D10198022102F0CBFA00B1064628797A
:104F5000C04300F00800204305D10098002102F072
:104F60004FFB00B106462879C04300F010002043F3
:104F700005D10098012102F043FB00B106462879D3
:104F8000C04300F02000044304D10098022102F045
:104F900037FB00B916B10120BDE8FE8F0020FBE70A
:104FA0004C4402582DE9F05F04000F467ED0DFF834
:104FB0003882D8F8000000F00F00B8420CD2D8F8C0
:104FC000001021F00F013943C8F80010D8F8000094
:104FD00000F00F00B84269D12078844D40070AD50F
:104FE0002069296801F07001884204D9296821F0FC
:104FF00070010143296020787C4E361D00070AD5D8
:105000006069316801F07001884204D9316821F08B
:105010007001014331602078C0060AD5A06931686B
:1050200001F4E061884204D9316821F4E061014370
:1050300031602078DFF8B4B180060BF1080B0CD595
:10504000E1695846DBF8002002F07002914204D971
:10505000026822F070020A430260207880070AD5B5
:10506000E068296801F00F01884204D9296821F01D
:105070000F01014329602078C0073ED05B49A26838
:105080002868183920F4706010432860606802288E
:1050900018D0032819D00968012819D04907002918
:1050A0004ADADFF848A1AAF1080A00E044E0DAF899
:1050B000002022F007020243CAF80020FEF7FEFC9F
:1050C000814612E009688903E9E709688901E6E792
:1050D000C905E4E7FEF7F2FCA0EB090141F28830D4
:1050E000814202D90320BDE8F09F6168DAF8000030
:1050F00000F03800B0EBC10FECD1207880070AD562
:10510000E068296801F00F01884204D2296821F083
:105110000F0101432960D8F80010404601F00F014B
:10512000B9420BD9016821F00F01394301600068D1
:1051300000F00F00B84201D00120D4E720784007EA
:105140000AD52069296801F07001884204D22968D3
:1051500021F0700101432960207800070AD56069B9
:10516000316801F07001884204D2316821F0700189
:10517000014331602078C0060AD5A069316801F486
:10518000E061884204D2316821F4E061014331607A
:10519000207880060CD5E1695846DBF8002002F043
:1051A0007002914204D2026822F070020A43026047
:1051B00000F06CF80E492A682B68C2F3032203F052
:1051C0000F038A5CC95C02F01F0201F01F01D0408E
:1051D000084A20FA01F11160074908600748006891
:1051E000BDE8F05FFEF7A0BD002000521844025851
:1051F000FA9F0008B8090024B4090024AC0900246F
:1052000030B500F043F80B4A0B490C4B1568146895
:10521000C5F3032204F00F048A5C095D02F01F024B
:1052200001F01F01D040064A20FA01F11960106018
:10523000084630BD18440258FA9F0008B8090024F7
:10524000B409002400B5FFF7DBFF05490968054AEA
:10525000C1F30211515C01F01F01C84000BD000004
:105260001C440258FA9F000800B5FFF7C9FF054922
:105270000968054AC1F30221515C01F01F01C840D1
:1052800000BD00001C440258FA9F0008454970B553
:1052900045480968434B103B11F0380208D0011112
:1052A000082A03D0102A0BD0182A0BD0084670BD4C
:1052B00019688906FBD51968C1F3C101C84070BDE2
:1052C0003A4870BD3749374D18310C1D24350A68EE
:1052D000096826682D6802F0030406F00102C1F394
:1052E0000511C5F3CC0515FB02F200EE102AB8EE4D
:1052F000400AE9B32F4ADFED2E0AB7EE001A6CB16F
:10530000DFED2D1A012C01D0022C43D002EE101A31
:105310001068F8EE422A81EEA22A1EE01C68A4065C
:1053200011D51B6801EE901A1168C3F3C103F8EEA2
:10533000612AD84001EE900AC1F30800F8EE611A24
:1053400081EEA22A0BE001EE901ADFED1C2A00BFCD
:10535000F8EE611A106882EEA12AC0F3080001EE8F
:10536000900AF8EE611A40EE201A31EE810A00E050
:1053700015E022EE000A1068C0F34620401C00EE43
:10538000900AF8EE600A80EE201ABCEEC10A10EE18
:10539000100A70BD01EE901ADFED092AD8E700204F
:1053A00070BD0000104402580090D00340787D0189
:1053B00000000039304402580024744A0024744C20
:1053C00020BCBE4B2DE9F05F04007DD0FF4F20785C
:1053D000FE4D1837DFF8F493103DC00748D0D9F8D8
:1053E0000000396800F03800102815D0182803D1C3
:1053F00001F0030002280FD06068B0F5803F12D0A2
:1054000010B1B0F5A02F18D0286820F480302860A3
:10541000286820F4802009E02868800328D5606887
:105420000028D2D024E0286840F4803028606068EA
:1054300088B1FEF743FB064609E0286840F4802067
:105440002860F0E7FEF73AFB801B64286FD82868D5
:105450008003F7D50CE0FEF731FB064605E000BF00
:10546000FEF72CFB801B6428F0D828688003F7D453
:10547000207841F20308D54E0C3E800769D5D9F853
:105480000000396810F038000ED0182801D18807C4
:105490000AD0E06890B3296821F01901014329601E
:1054A000FEF70CFB824631E02868400702D5E06831
:1054B00000288AD0E168286820F019000843286095
:1054C000FEF7FCFA824607E0DFE000BFFEF7F6FADF
:1054D000A0EB0A000228B9D828684007F6D500BF1B
:1054E000FEF7E6FA40451BD82069402812D0316803
:1054F00021F47C3141EA003030602AE018E000BF3E
:10550000FEF7DCFAA0EB0A0002289FD828684007C3
:10551000F6D5E5E7306820F47C3040F40030EBE766
:10552000207C316821F0FE4141EA0060E4E70DE1B2
:10553000286820F001002860FEF7C0FA824605E0E6
:10554000FEF7BCFAA0EB0A0002288DD828684007B5
:10555000F6D42078C0065DD5D9F80000DFF86CB22B
:10556000396800F03800ABF1040B082810D0182877
:1055700003D101F0030001280AD0E069002828685F
:1055800038D040F080002860FEF798FA824623E089
:105590002868C00523D5E069802876D11FE0206AFD
:1055A000202821D0316821F0F84141EA8060306044
:1055B00030E000BF94F82010DBF8002022F07C528D
:1055C00042EA0161CBF8001024E000BFFEF776FA52
:1055D000A0EB0A00022898D82868C005F6D5FEF787
:1055E00067FA4045E6D8DAE7306820F0F84040F046
:1055F0008040DCE720F080002860FEF75FFA064676
:1056000005E000BFFEF75AFA801B02289DD82868E3
:10561000C005F7D42078000729D56C48616964304B
:1056200000298046016811D041F001010160FEF7B8
:1056300045FA064605E000BFFEF740FA801B022847
:10564000C9D8D8F800008007F6D510E021F0010194
:105650000160FEF733FA064605E000BFFEF72EFABA
:10566000801B022872D8D8F800008007F6D4207872
:10567000800623D5A0690028286810D040F4805007
:105680002860FEF71BFA064605E036E1FEF716FA3B
:10569000801B02285AD828688004F7D50EE020F431
:1056A00080502860FEF70AFA064604E0FEF706FA84
:1056B000801B02284AD828688004F7D42078400745
:1056C0004FD5DFF80C81D8F8001041F48071C8F88C
:1056D0000010FEF7F3F9064605E000BFFEF7EEF90D
:1056E000801B642832D8D8F80000C005F6D5374EA4
:1056F000A068603601280AD008B1052813D03068A8
:1057000020F001003060306820F0040002E03068D2
:1057100040F001003060A06841F2883A90B1FEF795
:10572000CDF980460AE0306840F004003060EEE7D2
:10573000FEF7C4F9A0EB0801514507D8306880078F
:10574000F6D50EE0FEF7BAF9804607E084E000BF28
:10575000FEF7B4F9A0EB080151457DD83068800709
:10576000F6D4606AB0B3DFF86480D9F8001008F1AD
:1057700020084FF6F87B08F10409C1F3C2010329A0
:10578000A8F1040A69D00228286820F080702860F7
:1057900003D0FEF793F9044684E0FEF78FF906463E
:1057A00005E000BFFEF78AF9801B022877D8286839
:1057B0008001F7D4E26A40F2F331386854F8283FA8
:1057C000884340EA02101843386004E0104402584D
:1057D00000480258B5E0217B434622894FF4FE0C75
:1057E000208A4FF0FE474902267D521E401EA1F539
:1057F0000071C2F308088AB2761E0CEA004042EA41
:1058000008020243504607EA06610A431A60DAF8C2
:10581000002022F00102CAF80020D9F80020266AF0
:1058200022EA0B0242EAC602C9F80020DAF80010A8
:10583000A26921F00C011143CAF800100168E26965
:1058400021F0020111430160016841F480310160DF
:10585000016841F4003101E021E027E001600168C6
:1058600041F480210160016841F001010160286874
:1058700040F080702860FEF721F9044605E000BF83
:10588000FEF71CF9001B022809D828688001F7D50B
:1058900057E000BFFEF712F9001B022802D90320CF
:1058A000BDE8F09F28688001F4D44AE039680128F7
:1058B000D8F8000021D0A26A01F0030393421CD162
:1058C000E26AC1F305118A4217D1216BC0F30802C5
:1058D000491E8A4211D1616BC0F34622491E914292
:1058E0000BD1A16BC0F30642491E914205D1E16B79
:1058F000C0F30660491E814201D00120D0E7A16CAF
:105900004E46D9F80000C0F3CC00814219D0DAF835
:105910000000554620F00100CAF80000FEF7CEF85E
:105920004FEA0007FEF7CAF8B842FBD0A26C306815
:1059300020EA0B0040EAC2003060286840F0010015
:1059400028600020ACE7401EB0F1807F10B501D385
:10595000012010BD4FF0E02460610F21601702F0BC
:1059600082FE0020A0610721216110BD70477047B1
:10597000704700002DE9F04390F83C20012A42D006
:10598000012280F83C2051F80C4BDFF880804FF06A
:10599000000991E8680051E9022723F44073B1F847
:1059A0000CC03B43CF6923F480631343026823F4A4
:1059B0000063234323F4805343EA050323F4005395
:1059C00043EA060323F4804343EA07030C3923F434
:1059D0007023424543EA0C4302D00D4CA2420CD145
:1059E0008D8C23F47006D1E9073446EA055121F085
:1059F0008071194321F000732343536480F83C9075
:105A00000020BDE8F0830220FBE700000000014019
:105A100000040140F0B590F83C20012A3BD01F4E15
:105A2000012480F83C40022280F83D2002681C4D91
:105A30005368B242D2F808C001D0AA4203D14F68DD
:105A400023F470033B430F6823F070031F43576038
:105A50000268B24213D0B2F1804F10D0114B9A427B
:105A60000DD0114B9A420AD0104B9A4207D0AA424D
:105A700005D00F4B9A4202D00E4B9A4204D189684E
:105A80002CF0800319439160002180F83D4080F89C
:105A90003C100846F0BD0220F0BD000000000140AF
:105AA000000401400004004000080040000C0040D9
:105AB000001800400040014010B5040003D094F8E5
:105AC0003D0010B107E0012010BD002084F83C002B
:105AD000204600F023F8022084F83D002068211DB4
:105AE00001F048FF012084F8480084F83E0084F863
:105AF0003F0084F8400084F8410084F8420084F8B4
:105B0000430084F8440084F8450084F8460084F893
:105B1000470084F83D00002010BD000008B5016872
:105B20001748814208D11748016841F0010101601E
:105B3000006800F001000BE01248134A0838914257
:105B400008D1016841F004010160006800F0040020
:105B5000009008BD0D4A9142FBD1016841F020013F
:105B6000016000680022022100F020000090372030
:105B7000FEF764F9BDE808403720FEF751B9000090
:105B800000000140F04402580008004000140040AA
:105B900090F83D10012901D001207047144B0222DA
:105BA000016880F83D20994214D0B1F1804F11D0A6
:105BB000104881420ED0104881420BD00F488142DC
:105BC00008D00F48814205D00E48814202D00E48CD
:105BD000814207D188680D4A1040062806D0B0F5EA
:105BE000803F03D0086840F0010008600020704743
:105BF000000001400004004000080040000C00408C
:105C0000000401400018004000400140070001006E
:105C100090F83D10012901D001207047174A022158
:105C200080F83D100168CB6843F00103CB60006849
:105C3000904214D0B0F1804F11D0114988420ED05B
:105C4000104988420BD01049884208D00F49884239
:105C500005D00F49884202D00E49884207D1816899
:105C60000D4A1140062906D0B1F5803F03D00168E6
:105C700041F0010101600020704700000000014078
:105C80000004004000080040000C004000040140F7
:105C9000001800400040014007000100016841F287
:105CA0001113CA6822F00102CA6001680A6A1A4226
:105CB00007D10A6A9B101A4203D10A6822F0010236
:105CC0000A60012180F83D100020704770B504463D
:105CD00090F83C000025012814D03A4B012684F8A6
:105CE0003C60022084F83D0022689068184020F44F
:105CF0007F409060086870282FD010DC10F00F0FE4
:105D000003D022E04FF0020070BD4FEA2012072AB4
:105D10001BD2DFE802F0535353534B394100B0F12B
:105D2000101F4BD009DCB0F5805F0FD0B0F5005FDD
:105D30001ED0B0F5801F08D140E0A0F580112039B9
:105D40003CD010293AD0202938D0012584F83D6074
:105D5000002084F83C00284670BD4A682068D1E9DC
:105D6000021301F07CFE2068816841F0770109E0B0
:105D70004A682068D1E9021301F071FE2068816849
:105D800041F480418160E1E7CA684968206802F017
:105D900013F82068502106E0CA684968206802F0BC
:105DA0001CF82068602101F063FECFE7CA684968EB
:105DB000206802F001F820684021F4E722680146DB
:105DC0001046F0E788FFCEFF2DE9F04104000D46B4
:105DD00003D094F83D0018B108E00120BDE8F0813F
:105DE000002084F83C00204600F04CF8244A0220B1
:105DF00084F83D0020688168114081602068211D81
:105E000001F0B8FD226840F20336AF6940F60C4C51
:105E10002B684FF2F00EA86891680B439169B1436B
:105E200041EA07210843D5E9031720EA0C00D5E928
:105E3000076C20EA0E00D2F820E03F0140EA062677
:105E400068686D69314347EA0C37936023680F43F4
:105E500001219F612EF0AA0242EA0513226818432D
:105E6000106284F8481084F83E1084F83F1084F8DB
:105E7000441084F8451084F83D100020AEE700007F
:105E8000F8BFFEFF70B586B0054614216846FAF7E4
:105E90000AFB2A4900242B680225284A0839284889
:105EA000B3F1804F1ED0274EB34219D1136843F08F
:105EB00008031360126802F0080205920A6842F0B3
:105EC00001020A60096801F00101059103210091B6
:105ED000CDE90154CDE90345694600BFFDF7C8FC93
:105EE00006B070BD136843F001031360126802F03E
:105EF000010205920A6842F001020A600A6802F093
:105F0000010205920A6842F002020A60096801264D
:105F100001F002010591F1030091CDE90154CDE9B1
:105F200003466946FDF7A4FC08200090CDE9015422
:105F300005486946CDE90346D0E70000E844025829
:105F400000000258000C00400004025870B50446DE
:105F50004FF0020094F83E2094F83F5094F84460CB
:105F600094F8453021B104290DD0012A1AD113E04B
:105F7000012A17D1012E15D184F83E0084F844007F
:105F80000021206820E0012D0CD1012B0AD184F8DA
:105F90003F0084F8450014E0012D03D1012E01D10A
:105FA000012B01D0012070BD84F83E0084F83F0031
:105FB00084F8440084F8450001222068002101F0A3
:105FC00041FD20680122042101F03CFD20680168A8
:105FD00041F001010160002070BD70472DE9F041E2
:105FE000044600680027C6680569A90713D5B107EC
:105FF00011D5FA1E0261012121772068806980078E
:10600000204602D0FFF7E9FF04E000F0CFF8204679
:1060100000F091F92777680716D5700714D5226824
:1060200002206FF00401116120772068806910F46C
:10603000407F204602D0FFF7D0FF04E000F0B6F822
:10604000204600F078F92777280715D5300713D5B3
:10605000226804206FF00801116120772068C06970
:106060008007204602D0FFF7B8FF04E000F09EF85A
:10607000204600F060F92777E80616D5F00614D51B
:10608000226808206FF01001116120772068C06934
:1060900010F4407F204602D0FFF79FFF04E000F09D
:1060A00085F8204600F047F92777E80708D0F00781
:1060B00006D021686FF001000861204600F01CFA4C
:1060C000280601D4A80408D5300606D521686FF447
:1060D000025008612046FFF74AFCE80508D5300663
:1060E00006D521686FF4807008612046FFF73EFCFA
:1060F000680608D5700606D521686FF04000086173
:10610000204600F003FAA8060AD5B00608D5216893
:106110006FF0200008612046BDE8F041FFF728BC81
:10612000BDE8F08110B586B0044614216846FAF740
:10613000BAF9194A00202368184993424FF0020225
:1061400012D10B6843F001030B600968012301F0D1
:10615000010105914FF440710091CDE90120CDE995
:1061600003030F48694612E00E4CA34211D10B689D
:1061700043F008030B60096801F008010591211440
:106180000091CDE90120CDE9030207486946FDF7FA
:106190006FFB06B010BD000000000140E044025853
:1061A0000000025800080040000C0258704770B50B
:1061B000044690F83C0000260D4601280BD0012033
:1061C00084F83C000C2A4AD007DC82B1042A20D093
:1061D000082A06D131E0022070BD102A53D0142ABB
:1061E00063D00126002084F83C00304670BD206852
:1061F00001F048FC2068816941F008018161206854
:10620000816921F00401816120682A698169114353
:1062100011E0206801F088FC2068816941F4006188
:1062200081612068816921F4806181612068296928
:10623000826942EA01218161D4E7206801F0C0FC53
:106240002068C16941F00801C1612068C16921F07D
:106250000401C16120682A69C169114311E0206805
:1062600001F0FAFC2068C16941F40061C161206855
:10627000C16921F48061C16120682969C26942EA6B
:106280000121C161AEE7206801F022FD2068416D67
:1062900041F0080141652068416D21F0040141652C
:1062A00020682A69416D114311E0206801F04AFD20
:1062B0002068416D41F4006141652068416D21F421
:1062C0008061416520682969426D42EA012141658A
:1062D00088E710B5040003D094F83D0010B107E042
:1062E000012010BD002084F83C00204600F022F878
:1062F000022084F83D002068211D01F03BFB0120B5
:1063000084F8480084F83E0084F83F0084F8400098
:1063100084F8410084F8420084F8430084F8440083
:1063200084F8450084F8460084F8470084F83D006E
:10633000002010BD7047704730B504464FF0020290
:1063400069B1042912D0082917D00C291CD01029B2
:1063500021D094F84300012824D0012030BD94F8C6
:106360003E000128F9D184F83E201DE094F83F005A
:106370000128F2D184F83F2016E094F8400001286B
:10638000EBD184F840200FE094F841000128E4D1DB
:1063900084F8412008E094F842000128DDD184F817
:1063A000422001E084F843200122206801F04AFBEA
:1063B0001B4B20681B491C4A984209D0884207D0D1
:1063C000904205D0194DA84202D0194DA84203D1E0
:1063D000456C45F4004545642068984212D0B0F100
:1063E000804F0FD0134B98420CD0134B984209D0DA
:1063F000124B984206D0884204D01149884201D0FD
:10640000904207D181680F4A1140062906D0B1F5A4
:10641000803F03D0016841F001010160002030BDE0
:1064200000000140000401400040014000440140E0
:10643000004801400004004000080040000C0040FB
:10644000001800400700010030B500220446006833
:106450000D4601F0F7FA41F21111224B20688A1023
:1064600098420BD0204B984208D0204B984205D040
:106470001F4B984202D01F4B984209D1036A0B422E
:1064800006D1036A134203D1436C23F400434364EF
:106490002068036A0B4206D1016A114203D10168E8
:1064A00021F0010101604FF001005DB1042D0CD01D
:1064B000082D0DD00C2D0ED0102D0FD084F84300D8
:1064C000002030BD84F83E00FAE784F83F00F7E78B
:1064D00084F84000F4E784F84100F1E784F84200D2
:1064E000EEE70000000001400004014000400140D0
:1064F000004401400048014003490068096888429F
:1065000001D1FAF763BB7047280D0024704730B5FE
:1065100090F88410012918D0012280F884202421C9
:10652000C0F888100022202401680B680D6823F051
:10653000005325F001050D60426601680B60C0F84C
:10654000884080F88420104630BD022030BD70475E
:10655000704770B5044690F8840001281DD00122D0
:1065600084F884202420C4F8880020680568026824
:1065700022F0010202602068826822F060620A4311
:106580008260204601F03CFC22682021002015603A
:10659000C4F8881084F8840070BD022070BD70B506
:1065A000044690F8840001281DD0012284F884203C
:1065B0002420C4F8880020680568026822F00102DF
:1065C00002602068826822F060420A4382602046AE
:1065D00001F016FC2268202100201560C4F8881004
:1065E00084F8840070BD022070BD7047704770B59C
:1065F00001680446D0F888001025D4F88C608968BA
:10660000090618D5212816D12068083050E8001F47
:1066100021F0800140E80012002AF5D1E06F38B186
:10662000FBF77CFF20B1E06FFCF76AFA202823D04B
:10663000204601F06DFD2068806840061AD5222EA4
:1066400018D12068083050E8001F21F0400140E8D0
:106650000012002AF5D1D4F8800040B1FBF75EFFAC
:1066600028B1D4F88000FCF74BFA202804D020464B
:1066700001F024FD002070BDC4F89050032070BDCF
:10668000704700002DE9F04107680025044640F6F8
:106690000F030226F8693968BA6818420AD18306DE
:1066A0007ED501F0200302F0805C53EA0C0377D022
:1066B000616F74E1CF4BDFF840C3134001EA0C0C6B
:1066C00053EA0C0C6CD05FEAC07C0CD05FEAC15C72
:1066D00009D54FF0010CC7F820C0D4F8907047F0EE
:1066E0000107C4F89070870709D5D70707D0276836
:1066F0003E62D4F8906046F00406C4F89060460705
:106700000AD5D60708D0276804263E62D4F89060E0
:1067100046F00206C4F8906006070CD501F020068A
:106720001E4308D0266808233362D4F8903043F023
:106730000803C4F8903003050BD54B0109D5266832
:106740004FF400633362D4F8903043F02003C4F870
:106750009030D4F89030002B3DD0800609D501F060
:10676000200002F08051084303D0616F09B1204638
:1067700088472168D4F890008968490602D410F04F
:10678000280F2AD0204601F099FC20688068400636
:106790001ED52068083050E8001F21F0400100E0BD
:1067A00021E040E80012002AF3D1D4F8800078B14B
:1067B00092490165D4F88000FCF760F800280AD0FF
:1067C000D4F88000016D00E02046BDE8F0410847A4
:1067D0002046FFF755FFBDE8F0812046FFF750FF48
:1067E000C4F89050F7E7D4F86CC02023BCF1010F37
:1067F0007ED15FEAC06C7BD55FEAC16C78D5102092
:10680000386220688068400673D5D4F880107C4ACE
:106810000868904234D07A4A1832904230D0784A90
:10682000303290422CD0764A4832904228D0744A76
:106830006032904224D0724A7832904220D0704A1E
:10684000903290421CD06E4AA832904218D06D4AC5
:10685000904215D06B4A1832904211D0694A3032BA
:1068600090420DD0674A4832904209D0654A603262
:10687000904205D0634A7832904201D0614A90320A
:1068800040680004000CA6D0B4F85C208242A2D973
:10689000A4F85E00C869B0F5807F2FD0216851E868
:1068A000000F20F4807041E80002002AF6D1206831
:1068B000083050E8001F21F0010140E80012002AD2
:1068C000F5D12068083050E8001F21F0400140E871
:1068D0000012002AF5D1C4F88C30E566216851E831
:1068E000000F20F0100041E80002002AF6D101E07C
:1068F00040E00BE0D4F88000FBF710FE2667B4F808
:106900005C00B4F85E10401A81B22FE0B4F85C006D
:10691000B4F85E10B4F85E20401A81B2002AB2D0FA
:106920000029B0D0226852E8000F20F4907042E8AD
:106930000007002FF6D1344F206800F1080050E81E
:10694000002F02EA070240E8002CBCF1000FF3D14F
:10695000C4F88C30E5666567206850E8002F22F0A7
:10696000100240E80023002BF6D126672046FFF7EF
:10697000EEFD30E7C60209D5560207D54FF4801068
:1069800038622046BDE8F041FFF730BE06060AD562
:1069900001F0800602F40002164304D0A16F002922
:1069A0007FF412AF17E7420611D54A060FD52046ED
:1069B000026852E8001F21F0400142E80014002C58
:1069C000F6D1C0F88830856700F015FA03E70202B7
:1069D00006D54A0004D52046BDE8F041FFF705BEC4
:1069E000C001C6D50029C4DA2046BDE8F041FFF752
:1069F000AFBD00000100001020010004B77F0008B7
:106A00001000024010040240FEFFFFEF10B504002A
:106A100003D0D4F8880010B107E0012010BD002099
:106A200084F88400204600F027F82420C4F8880069
:106A30002068016821F001010160A06A10B12046C0
:106A400001F000FA204601F07BFB0128E6D0206827
:106A5000416821F4904141602068816821F02A0159
:106A600081602068016841F0010101602046BDE8B5
:106A7000104001F04BBA000070B5B6B006461421C4
:106A800030A8F9F710FDC0216846F9F70CFD284938
:106A90003068884249D100201E9002210546CDE988
:106AA00000106846FDF7A8FD08B1FAF756FE214828
:106AB000016841F480210160006800F48020359075
:106AC0001C480838016841F008010160006830ABDB
:106AD000022100F0080035904FF44070072283E84F
:106AE0002300154830A9CDE93352FCF7C1FE134C01
:106AF0002D211348021584E82300C4E9035265617F
:106B00002046A561E56125626562FCF76FFB08B16F
:106B1000FAF723FE0022C6F8804027201146A6631C
:106B2000FDF78CF92720FDF77BF936B070BD00002A
:106B300000480040E8440258000C0258080E0024A7
:106B4000100002402DE9F84F0446D0F88C009B4617
:106B500016460D46202802D00220BDE8F88FC5B1A8
:106B6000BEB10027C4F890702220C4F88C00E766FC
:106B70002034FCF7A3FF824654F8180CA6874FF484
:106B80008053E687FF21203C984207D1226912B149
:106B900019E00120E1E740F2FF1114E04FF07F021D
:106BA00078B1B0F1805F11D0A4F860709842B4F869
:106BB00060704FF0200801D1206970B12E46002589
:106BC0000CE0266936B9A4F86010EFE7216909B135
:106BD0003F21F8E7A4F86020E8E7002607F0FF0966
:106BE000B4F85E00F0B10022534620212046CDF8D3
:106BF00000B001F0CFFC18B1C4F88C800320ACE7E2
:106C00002068406A56B100EA090006F8010B00BF8F
:106C1000B4F85E00401EA4F85E00E1E7384025F8B5
:106C2000020BF5E7C4F88C80002096E730B4D0F86A
:106C30008C30202B02D0022030BC7047A9B1A2B109
:106C40000B4D00240368C466AB420BD05B681B028B
:106C500008D5046854E8003F43F0806344E80035F9
:106C6000002DF6D130BC01F041BC0120E4E700006A
:106C7000000C005800682549884246D1244908780C
:106C8000532801D002F056BC22489FED232B9FEDE4
:106C9000243B90ED081B9FED244B80ED021BB1F8C7
:106CA00005109FED230B01EE101AB8EE411B21EEEB
:106CB000021B21EE031B80ED081B90ED081B90EDDD
:106CC000022B31EE421BB4EEC41BF1EE10FA04DDD0
:106CD00090ED041B31EE000B10E090ED081B90EDE1
:106CE000023B9FED152B31EE431BB4EEC21BF1EEC0
:106CF00010FA05D290ED041B31EE400B80ED040B31
:106D0000034921220E48FFF791BF70470048004019
:106D1000BC09002408000024000000000000003F1F
:106D200000000000008066400000000000406F404E
:106D300000000000008076400000000000406FC0AE
:106D4000740D002470472DE9F8430446D0F88800FC
:106D5000984616460D46202802D00220BDE8F8834A
:106D6000A5B19EB10021C4F890102120C4F888007C
:106D70001834FCF7A3FE814654F8100CA687E6876A
:106D80002027183CB0F5805F02D003E00120E5E742
:106D9000206910B12E46002510E000260EE080216B
:106DA000204601F0F7FBC0B9DEB116F8010B2168EF
:106DB0008862B4F85600401EA4F85600B4F8560095
:106DC0004B464FF00002CDF800800028E7D14FF08D
:106DD0004001204601F0DEFB48B1C4F88870032072
:106DE000BCE735F8020B2168C0F30800E0E7C4F8FF
:106DF00088700020B2E77047FEE78068C0F3C000EB
:106E000070478068C0F3800070478068C0F38000DE
:106E10007047C06810F4406F01D000207047012017
:106E2000704710B5042404EAD1540723C1F3045178
:106E300020448B408A40416999431143416110BD10
:106E400010B5F9F747FD00284FF0020002D0F9F71E
:106E5000D9FD01E0F9F7BEFDF9F750FD00284FF02C
:106E6000040002D0F9F7CEFD01E0F9F7B3FDF9F720
:106E700059FD00284FF0000003D0BDE81040F9F79D
:106E8000C1BDBDE81040F9F7A5BD0000F0B58BB05D
:106E9000002568461C21079508950995F9F703FB1D
:106EA000374C042637490120052721600103C4E936
:106EB000030625756075A76125776562A562C4E93B
:106EC0000B51656384F83850E0632046FBF7D6F831
:106ED00008B172B6FEE74FF43010C4E90105284846
:106EE000FBF7CCF808B172B6FEE7254807A907956D
:106EF000FAF73AFC08B172B6FEE723480621CDE95D
:106F0000046540F2FF7203928DE883001C486946D5
:106F10008DF81950FAF7BCFC08B172B6FEE70C21E7
:106F20001A48CDE9000116486946FAF7B1FC08B1E4
:106F300072B6FEE712211648CDE9000110486946F5
:106F4000FAF7A6FC08B172B6FEE718211148CDE9A0
:106F500000010B486946FAF79BFC08B172B6FEE7E0
:106F60004FF480710C48CDE9000105486946FAF7F5
:106F70008FFC002801D072B6FEE70BB0F0BD000018
:106F8000800A0024002002400800900C8000501D60
:106F90001000C010000180212000F0142DE9F047FE
:106FA00086B014216846F9F77EFA3C48016841F042
:106FB00010010160016801F010010591016841F0C4
:106FC00080010160016801F080010591016841F0D4
:106FD00001010160016801F001010591016841F0C2
:106FE00004010160016801F004010591016841F0AC
:106FF00002010160016801F002010591016841F0A0
:1070000008010160006848F2C006DFF894800022A1
:1070100000F00800314605904046FCF744FDDFF8DB
:1070200084904FF47077002239464846FCF73BFDC8
:10703000DFF874A0002260215046FCF734FD0221E5
:1070400000247C200090CDE9014118486946FCF7F6
:107050000FFC0C206946CDE9000415480294FCF7AA
:1070600007FC01250096CDE901546946404603948A
:10707000FCF7FEFB00976946CDE9015448460394AE
:10708000FCF7F6FB60200090CDE9015469465046BC
:107090000394FCF7EDFB06B0BDE8F087E04402582E
:1070A000000C025800080258000402580010025850
:1070B000000002581248002110B5104C0123114A5B
:1070C0000460C0E90121C0E9033141618161C1610E
:1070D0000162FCF74FFD08B172B6FEE708480021D7
:1070E000FCF7F2FC08B172B6FEE705480021FCF798
:1070F00017FD002801D072B6FEE710BD0058004011
:10710000E40A0024B17570304249414810B5086066
:107110000846FCF7EFFE08B172B6FEE73D493C4871
:107120001031203008600846FCF7E4FE08B172B662
:10713000FEE7384936482031403008600846FCF701
:10714000D9FE08B172B6FEE73249314830316030BD
:1071500008600846FCF7CEFE08B172B6FEE72D497E
:107160002B484031803008600846FCF7C3FE08B168
:1071700072B6FEE727492848503108600846FCF7F8
:10718000B9FE08B172B6FEE72249234860312030CB
:1071900008600846FCF7AEFE08B172B6FEE71D496E
:1071A0001D487031403008600846FCF7A3FE08B166
:1071B00072B6FEE71749184880316030086008460B
:1071C000FCF798FE08B172B6FEE7124912489031FA
:1071D000803008600846FCF78DFE08B172B6FEE705
:1071E0000C490E48A03108600846FCF783FE08B140
:1071F00072B6FEE707490948B031203008600846FA
:10720000FCF778FE002801D072B6FEE710BD000042
:1072100020900052380B0024203002482070025881
:1072200070B59AB000241C21009412A80194029415
:107230000394049405940694F9F735F92C2107A8D2
:10724000F9F731F92E4918222E48802640F2E7330B
:107250008D1580E81600C0E90335C0E90546FEF744
:107260002BFC08B172B6FEE74FF480500090254821
:107270006946FEF72BFD08B172B6FEE72148FFF71D
:1072800028F808B172B6FEE71E4804A904940594D4
:107290000694FEF7BFFB08B172B6FEE760201494B7
:1072A000CDE912041748002212A9159416941794D8
:1072B0001894FEF77CFF08B172B6FEE7114804226D
:1072C00012A9FEF774FF08B172B6FEE74FF4005042
:1072D00007940894099401030A94CDE90B40CDE981
:1072E0000E41084807A90D9410941194FEF742FB33
:1072F00008B172B6FEE70348FEF714FF1AB070BD7E
:1073000000000140F80B002410B58CB02421684621
:10731000F9F7C9F814480024012109948A1E0A9437
:107320008B070B94C0E90034C0E902420461846118
:10733000CDE90014CDE902140494CDE90541694674
:1073400007940894FEF740FD08B172B6FEE70648C0
:1073500009A909940B94FEF75DFB002801D072B6D1
:10736000FEE70CB010BD0000440C002470B58EB0D8
:1073700000241C21009407A801940294039404940F
:1073800005940694F9F78FF81E4E80211E484FF69B
:10739000FF734FF4FA65B21506608161C0E90332EC
:1073A000C0E90154FEF788FB08B172B6FEE74FF45E
:1073B0008050009014486946FEF788FC08B172B608
:1073C000FEE71148FEF785FF08B172B6FEE70E48EA
:1073D00004A904940694FEF71DFB08B172B6FEE7FB
:1073E0007020CDE907040848082207A909940B94E6
:1073F000FEF7DDFE08B172B6FEE70348FEF792FE27
:107400000EB070BD00080040900C002430B58DB067
:1074100024216846F9F747F8154800240121134D47
:107420008B1E09940A9404220B94C0E90054C0E90D
:10743000024304618461CDE90014CDE90214049291
:10744000CDE90541CDE907426946FEF7BDFC08B12B
:1074500072B6FEE7064809A909940B94FEF7DAFA1A
:10746000002801D072B6FEE70DB030BD000C004020
:10747000DC0C00241748002110B5154C0C224FF4E9
:10748000E1330460C0E90131C160C0E904128161E7
:10749000C161016241628162FFF7B8FA08B172B658
:1074A000FEE70C480021FFF77AF808B172B6FEE754
:1074B00008480021FFF74DF808B172B6FEE705480D
:1074C000FFF725F8002801D072B6FEE710BD0000D6
:1074D00000480040740D0024FEE7FEE770470000FE
:1074E0002DE9F047454D044689464FF0000A2868CB
:1074F000C04380070AD0414E283E306820F08060AB
:107500003060FCF7DBFA0746B04608E00120BDE832
:10751000F08700BFFCF7D2FAC01B022867D8D8F862
:1075200000000001F6D4206829684FF4FE0721F41A
:107530007C313E0241EA00302860207AA389B4F809
:1075400004C040022D4D2D495B1E227CACF1010C84
:107550001035091DA0F5007080B2521ECCF3080C46
:1075600007EA034340EA0C00184306EA02621043AC
:1075700028600868626920F0C000104308600A684B
:10758000A06922F0200202430A60281D0A6822F046
:1075900010020A6002684FF6F873E4699A4342EAFF
:1075A000C40202600868B9F1000F40F010020A60DE
:1075B00011D00868B9F1010F11D040F40010086033
:1075C000D8F80000444640F08060C8F80000FCF79E
:1075D00075FA05460DE0086840F40020EFE740F436
:1075E0008010ECE7FCF76AFA401B022801D903205F
:1075F0008DE720680001F5D5504688E728440258F9
:107600002DE9F047454D044689464FF0000A2868A9
:10761000C04380070AD0414E283E306820F0805099
:107620003060FCF74BFA0746B04608E00120BDE8A1
:10763000F08700BFFCF742FAC01B022867D8D8F8D1
:1076400000008000F6D4208829684FF4FE0721F05E
:107650007C713E0241EA00502860207AA389B4F888
:1076600004C040022D4D2D495B1E227CACF1010C63
:107670001835091DA0F5007080B2521ECCF3080C1D
:1076800007EA034340EA0C00184306EA026210438B
:1076900028600868626920F44060104308600A6846
:1076A000A06922F4007202430A60281D0A6822F4CD
:1076B00080720A6002684FF6F873E4699A4342EAFE
:1076C000C40202600868B9F1000F40F480720A60D9
:1076D00011D00868B9F1010F11D040F08070086036
:1076E000D8F80000444640F08050C8F80000FCF78D
:1076F000E5F905460DE0086840F48000EFE740F446
:107700000000ECE7FCF7DAF9401B022801D903205E
:107710008DE720688000F5D5504688E72844025858
:10772000204810B50178012908D04178012907D0F7
:107730008178012906D0C078012805D0002004E016
:10774000012002E0022000E0032002F081F9002283
:107750001146104602F072F901F00AFF02F056F9E4
:1077600002F010F801F07CFC0020F9F7C1FD0028C0
:10777000FAD0E824FCF7A2F9A042FBD3002211467C
:10778000104602F05BF9F9F7A1F901F029FDF9F7CC
:1077900057F800BF02F012F901F062FC01F020FD81
:1077A000F8E70000800500247047FCF787BA000066
:1077B00070B59CB04C216846F8F775FE202113A8DF
:1077C000F8F771FE0220FCF76BFB2D4900242D48D1
:1077D0000A6822F001020A600A68026842F4404224
:1077E0000260026802F440421B9202689204FCD5D7
:1077F000254A136843F002031360126802F0020284
:107800001B92026842F44042026002680A6842F039
:1078100001020A60096801F001011B9101688904F5
:10782000FCD50DF1280C022009900521C0228CE81E
:107830000700C3030F9008250D9001260E90CDE997
:107840001054CDE9006368461294FDF7BBFD08B102
:1078500072B6FEE740201A903F210301CDE9165091
:107860000322CDE9180313AB13A883E81600042103
:10787000FDF798FB002801D072B6FEE71CB070BD82
:107880002C04005818480258F44402582C48F0B50B
:107890002C4A016841F470010160106800F00F008B
:1078A000072804D2106820F00F00C01D1060264980
:1078B0000020254C10340B68244D43F001030B606D
:1078C00020600B682B400B60136803F00F03072B3D
:1078D00004D9136823F00F03DB1D13601A4C1C4AF4
:1078E00018341C4B261D371D2060174C1A4D2834A8
:1078F0003060261D3860371D23603B1D35601C1D20
:107900003A60251D2E1D1860331D226028603260EC
:1079100018600A680C4B114C22F4802260330A6014
:10792000186020686FF30F00B0F1005F03D20C49BC
:107930000120C1F8080143F2D2000A490860F0BDF5
:1079400088ED00E000200052004402587FEDF6EA86
:1079500080020101000202020000FF010010005C31
:1079600000800051004000520148FEF737BB000084
:10797000280D00242DE9F0472A4B4FF0804A2A4D6C
:1079800002689842294E2A4F2A4C09D0504507D008
:10799000A84205D0B04203D0B84201D0A04205D1E0
:1079A000D1F804C022F070024CEA0202DFF888C06D
:1079B000DFF888809842DFF888900FD050450DD0CE
:1079C000A8420BD0B04209D0B84207D0A04205D09F
:1079D000604503D0404501D0484503D1CD6822F42D
:1079E00040722A434D6922F080022A430260984285
:1079F0008A68C2620A68826207D0A04205D06045E8
:107A000003D0404501D0484501D1096901630121F6
:107A100041610169C90703D0016921F001010161D8
:107A2000BDE8F0870000014000040040000800406D
:107A3000000C0040000401400040014000440140AF
:107A40000048014010B5046A012301F01F018B407A
:107A50009C4304628A40016A1143016210BD42EAFC
:107A6000032283680A4323F47F410A4382607047FC
:107A7000034B82681A400A4342F007018160704755
:107A80008FFFCFFF2DE9F04FDFF88480214EDFF824
:107A90008890DFF888B0026A036AB042DFF880A0FD
:107AA00022F0020C1F4F23F0010202624268856936
:107AB0008B680C6805EA080525F0030543EA0C030A
:107AC00044EA050407D0484505D0584503D0504541
:107AD00001D0B84205D1CD6823F008031D4325F03D
:107AE0000403B04207D0484505D0584503D050455F
:107AF00001D0B84205D122F44076D1E90552354390
:107B00002A4342608461496841630362BDE8F08FA3
:107B10008FFFFEFF000001400004014000400140D3
:107B20000044014000480140F0B5DFF87CE01F4C04
:107B30001F4D026A036AA04222F0200623F01003C0
:107B4000036242688369D1F808C00F6803EA0E0334
:107B500023F4407E46EA0C134EEA072601D0A842E1
:107B600006D1CF6823F0800343EA071323F04003D4
:107B7000A0420AD0A84208D00E4CA04205D00E4C1C
:107B8000A04202D00D4CA04207D1D1E9054522F414
:107B9000406242EA840242EA8502426086614968A4
:107BA00081630362F0BD0000FF8FFFFE0000014013
:107BB00000040140004001400044014000480140F1
:107BC000F0B5DFF87CE01F4D1F4E026A036AA84241
:107BD00022F4007723F4807303624368C269D1F80A
:107BE00008C002EA0E020C6822F0030E47EA0C22DB
:107BF00044EA0E0401D0B04206D1CF6822F40062FC
:107C000042EA072222F48062A8420AD0B04208D099
:107C10000E4DA84205D00E4DA84202D00D4DA842EF
:107C200007D1D1E9055623F4405343EA051343EA4B
:107C300006134360C4614968C1630262F0BD00007D
:107C40008FFFFEFF000001400004014000400140A2
:107C50000044014000480140F0B5046A026A22F481
:107C6000805202624268C36924F40054DFF848C0BD
:107C70008E680D6803EA0C03104F23F4407344EA46
:107C80000634B84243EA05230BD00D4DA84208D074
:107C90000C4DA84205D00C4DA84202D00B4DA84275
:107CA00004D14D6922F4804242EA85124260C361E8
:107CB000496801640462F0BDFF8FFFFE00000140CF
:107CC00000040140004001400044014000480140E0
:107CD000F0B5164F164B026A046A984222F400353A
:107CE00024F4803303624268436D0E890C6803EA12
:107CF000070344EA030445EA06430BD00D4DA842AE
:107D000008D00D4DA84205D00C4DA84202D00C4D14
:107D1000A84204D14D6922F4803242EA0522426031
:107D20004465496881650362F0BD00008FFFFEFF76
:107D300000000140000401400040014000440140B7
:107D400000480140F0B5164F164B026A046A98428B
:107D500024F48013036222F400144268436D0E89F8
:107D60000D6803EA070344EA065443EA05230BD0EF
:107D70000D4DA84208D00D4DA84205D00C4DA8428B
:107D800002D00C4DA84204D14D6922F4802242EA6F
:107D90008522426043654968C1650462F0BD000008
:107DA000FF8FFFFE00000140000401400040014041
:107DB000004401400048014010B5036A046A23F002
:107DC0000A0324F00104046284690B4324F0F001E7
:107DD00041EA02118161036210BD10B5036A046AB1
:107DE00023F0A00324F010040462846943EA011123
:107DF00024F4704343EA02328261016210BD000044
:107E000030B5416EB9B101680D4B03F108048A68C1
:107E10008968C2F34262490F5D5C615C2D01B5FB6C
:107E2000F1F1A0F86A10995CA25C0901B1FBF2F1D2
:107E3000A0F8681030BD0121A0F86A10F8E7000032
:107E4000EA9F000890F82810090706D50168836B9F
:107E50004A6822F400421A434A6090F82810C90781
:107E600006D00168C36A4A6822F400321A434A60A5
:107E700090F82810890706D50168036B4A6822F438
:107E800080321A434A6090F82810490706D50168E5
:107E9000436B4A6822F480221A434A6090F8281003
:107EA000C90606D50168C36B8A6822F480521A435A
:107EB0008A6090F82810890606D50168036C8A68E4
:107EC00022F400521A438A6090F82810490611D50E
:107ED0000168436C4A6822F480121A434A60416C7C
:107EE000B1F5801F06D10168836C4A6822F4C00294
:107EF0001A434A6090F82810090606D50168C26C3A
:107F0000486820F400201043486070472DE9F8438A
:107F100000250446C0F89050FBF7D0FD804620684D
:107F200020266FF07E470068000713D500224346E5
:107F300031042046009700F02DFB58B1216851E82C
:107F4000000F20F0800041E80002002AF6D1C4F8BA
:107F5000886021E020680068400722D5002243465F
:107F60004FF480012046009700F014FBC8B1206850
:107F700050E8001F21F4907140E80012002AF6D169
:107F80002068083050E8001F21F0010140E800128D
:107F9000002AF5D1C4F88C60032084F88450BDE831
:107FA000F883C4F88860C4F88C60E5662567002013
:107FB00084F88450F3E710B5806B0021A0F85E10C0
:107FC000A0F85610FEF75CFB10BD70B5846B002561
:107FD0002168D4F88800D4F88C608968090606D531
:107FE000212804D1A4F85650204600F091F82068CA
:107FF0008068400606D5222E04D1A4F85E502046A3
:1080000000F05CF8D4F8900040F01000C4F8900044
:108010002046FEF735FB70BD10B5C1690022806BAC
:10802000B1F5807F2DD0A0F85E20036853E8001FD3
:1080300021F4807143E80014002CF6D10168083166
:1080400051E8003F23F0010341E80034002CF5D152
:108050000168083151E8003F23F0400341E8003453
:10806000002CF5D12021C0F88C10C16E012908D157
:10807000016851E8003F23F0100341E80034002C70
:10808000F6D10267C16E012902D0FEF7F3FD10BDE3
:10809000B0F85C10FEF75BFA10BD10B5806B0121E3
:1080A0000167C16E012902D0FEF74CFE10BDB0F889
:1080B0005C104908FEF74BFA10BD000010B50268CD
:1080C00052E8001F21F4907142E80013002BF6D112
:1080D0000E4B0268083252E8001F194042E80014B3
:1080E000002CF6D1C16E012908D1026852E8001FA8
:1080F00021F0100142E80013002BF6D100212022CC
:10810000C0F88C20C166416710BD0000FEFFFFEF84
:10811000026852E8001F21F0C00142E80013002B62
:10812000F6D10168083151E8002F22F4000241E83D
:108130000023002BF5D12021C0F8881070470000E3
:108140002DE9F04304468068D84E87B0D84B2168AB
:10815000D4E90427D4F81CC010430A68002547EA74
:108160000C073843324002430A602068E2684168E5
:1081700021F44051114341602268A1699A4201D023
:10818000206A01439768DFF82CC3CB4ECB4807EA3F
:108190000C070F4397602168676ACA6A22F00F02D2
:1081A0003A43CA622268B2420ED1006800F0380039
:1081B000182873D047DCB8B3082879D010286FD1BD
:1081C00078E028287ED17BE0BD498A4209D1006849
:1081D00000F00700062875D2DFE800F0546A6C6EE4
:1081E0007072B8498A4209D1006800F00700062879
:1081F00068D2DFE800F0475D5F616365B2498A429B
:1082000009D1006800F0070006285BD2DFE800F023
:108210003A5052545658AD498A420BD1006800F08A
:10822000070006284ED200E010E0DFE800F02B4106
:1082300043454749A6498A420AD1006800F0380000
:10824000182839D0B7DD2028BBD13CE001203AE026
:10825000A0498A4209D1006800F00700062831D2FF
:10826000DFE800F01026282A2C2E9B498A420BD1E9
:10827000006800F00700062824D2DFE800F00319A8
:108280001B1D1F2100201EE09A421BD18B48001DA0
:10829000006800F00700062814D202E00CE007E0B6
:1082A00010E0DFE800F0030507090B0D02200AE0EB
:1082B000042008E0082006E0102004E0202002E06E
:1082C000402000E080208549DFF814829A42854AE8
:1082D0004FF400434FEA21174FF000064ED110280B
:1082E0001AD006DC022809D004280BD008287CD13B
:1082F0000DE020283ED0402877D13DE0FBF71EFE60
:10830000014610E06846FBF7CFFE01990BE003A899
:10831000FBF76CFF049906E01068800605D510682D
:10832000C0F3C100C140002970D0606A676838F8A6
:10833000102007EB4703B1FBF2F0834255D8B0EBB6
:10834000073F52D8002308461946F8F735F8024689
:108350007808130E120243EA012110183A467141BF
:108360000023F8F729F8604AA0F5407191423CD803
:1083700021688FE03946D8E71946D6E7D4F81CC003
:108380004FF6EF799C4546D1082819D005DC58B145
:1083900001280CD0042875D10DE0102815D0202814
:1083A00035D040286ED134E0FCF74CFF01E0FCF7FB
:1083B0005BFF014610E06846FBF776FE01990BE093
:1083C00003A8FBF713FF049906E01068800604D5A4
:1083D0001068C0F3C100C140C1B1636A606838F879
:1083E0001330B1FBF3F1490000E04BE001EB500129
:1083F000B1FBF0F0A0F11001494543D84FF6F073FE
:108400002168C0F342021840104343E043E039467C
:10841000E3E71946E1E7082819D005DC58B101283F
:108420000CD004282ED10DE0102815D020282BD0F8
:10843000402827D12AE0FCF705FF01E0FCF714FFF4
:10844000014610E06846FBF72FFE01990BE003A8F8
:10845000FBF7CCFE049906E01068800604D510688E
:10846000C0F3C100C140B1B1636A606838F813302D
:10847000B1FBF3F101EB5001B1FBF0F0A0F1100101
:10848000494505D9012506E03946EDE71946EBE7F0
:10849000216880B2C8600120A4F86A00A4F86800CE
:1084A00028466667A66707B0BDE8F083F369FFCF8B
:1084B000000C0058FFF4FF11001001405444025812
:1084C0000044004000480040004C00400050004084
:1084D0000014014000780040007C00400090D00370
:1084E000D29F000800440258FFFC0F0070B50446FC
:1084F000D0F8800000232225A165A4F85C20C4F8F0
:108500009030C4F88C50F0B11F49C163D4F880108A
:108510001E480864D4F880101D48C864D4F8800050
:1085200003651346A56D2168D4F880002A462431DE
:10853000FBF73EF838B11021C4F890102020C4F8A1
:108540008C00012070BD206940B1216851E8000F06
:1085500040F4807041E80002002AF6D1206808301B
:1085600050E8001F41F0010140E80012002AF5D157
:108570002068083050E8001F41F0400140E8001238
:10858000002AF5D1002070BD198000089B800008EA
:10859000CB7F00082DE9F047994617460D46044663
:1085A000089E4FF0000833E0701C31D0FBF786FACC
:1085B000A0EB0900B04218D8BEB120680168490795
:1085C00026D5802D24D0402D22D0C169C94309076A
:1085D0000DD4082505622046FFF770FDC4F89050C1
:1085E000012084F88480BDE8F0870320FBE7C069A0
:1085F000C04300050CD421684FF400600862204697
:10860000FFF75CFD2021C4F8901084F88480ECE72B
:108610002068C06935EA000004D00020B842C3D009
:108620000020E0E70120F9E70148FEF72BB8000041
:10863000740D0024FEE703B401984100009850EA4D
:10864000C12018BF04204A0D18BF40F0010040F2BD
:10865000FF72B2EB515F08BF40F00200012808BF73
:10866000052002B07047090700284FEA116104DBBA
:1086700000F1E02080F80014704700F00F0000F1D6
:10868000E02080F8141D70472DE9F04D2DED040B0E
:108690002DED0A8B9AB0DDE92550279CDDF890A0DE
:1086A00025F0004624F00048BAF1000F14BF012164
:1086B000002101EB4502F84953184A1093422AD38E
:1086C000002814BF0123002303EB44030B44F349A8
:1086D0008B4220D358EA00019FEDF19B72D0DFF866
:1086E000C8B35D4503D1BAF1000F05D184E0BAF1FA
:1086F000000F08BF002100D0012101EB450111F559
:10870000001F08D8002814BF0121002101EB4401FB
:1087100011F5001F0BD99DED261B9DED240B1AB002
:10872000BDEC0A8B04B0BDE8F04D00F071BC002731
:10873000002DBCBFDD49884521DADD498845A8BF49
:1087400002271CDAC3451ADCDA4901EB2851142947
:1087500008DDC1F1340220FA02F101FA02F282428C
:108760000DD108E058B9C1F1140228FA02F101FA5A
:1087700002F2424503D101F00101C1F1020756EABC
:108780000A0120D1002C1EDA002D18BF022F01D0C3
:10879000012F0AD00220F7F7B5FE1AB0BDEC0A8B04
:1087A00004B0BDE8F04D00F023BC0220F7F7AAFEAC
:1087B00000F01EFCB1EE400B1AB0BDEC0A8B04B009
:1087C000BDE8F08D18E09FEDBCAB9FEDBD8B0028A0
:1087D0007DD1B64880451CD105F1804010F5801050
:1087E00008BFBAF1000F07D0B34508DC002CA8BFC2
:1087F0009DED260BE0DA07E0B0EE490BDCE7002C3C
:10880000B8BF9DED260BD5DBAF48784490ED000B4B
:10881000D2E7D84548D1002C43DA2EB186423AD16E
:10882000BAF1000F3DD126E0BAF1000F13D00220BB
:10883000F7F768FE00F0FCFB8DED020B9DED240BBD
:108840008DED000B10EE900A039961F31E0003906A
:108850009DED020BB0E78DED02AB9DED240B1AEE02
:10886000901A10EE900A8DED000B61F31E0003903C
:108870009DED020BA0E78DED028B9DED240B18EE14
:10888000901A10EE900A8DED000B61F31E0003901C
:108890009DED020B90E704DA9DED241B89EE010BA0
:1088A0008AE79DED240B87E786421ADAB4F1804F00
:1088B00004BF9DED240B20EE000B3FF47DAFA4F12F
:1088C0000050B0F1FF500CD1002D0ADB00E008E0B1
:1088D0009DED240B51EC100B01F0CFF841EC100B87
:1088E0006AE79DED240B51EC100B00F061FCBAF12E
:1088F000000FCDE90E0140D19FED750B46B3A6F1F7
:10890000E040B0F17F600ED05E4536D1002D00DA38
:1089100097B3022F0CBF01204FF0FF3000EE100A7A
:10892000B8EEC00B48E7002D01DD002C0DDA002D5C
:1089300001DD002C1DDB002D14DA002C12DB012FD1
:1089400008BF9FED650B3FF437AFB0EE4A0B33E73E
:10895000022F18BF002D0CD0012F0AD1002DFFF6D9
:108960002BAF06E0002DB8BF002C06DA012F3FF434
:1089700023AFB0EE480B1FE719E0012000EBE570D4
:1089800050EA070113D0791EB0EE498B084308BFA7
:108990009FED538B5448002580457ADD5349544858
:1089A000884514DDB0420DDB002C19DB2CE00120E2
:1089B000F7F7A8FD1AB0BDEC0A8B04B0BDE8F04D86
:1089C00000F02ABBB34502DC002C09DC1CE0864227
:1089D00002DA002C18DA03E05E4528DD002C13DDF6
:1089E0000220F7F78FFD00F023FB8DED020B28EE40
:1089F0000A0B8DED000B10EE900A039961F31E0037
:108A000003909DED020BD7E60220F7F77BFD00F007
:108A10001BFB10EE901A18EE900A8DED020B8DEDF7
:108A2000008B61F31E0003909DED020BC4E69DEDEB
:108A30000E0B9FED313B30EE490B8DED040B20EE1C
:108A4000002B9DED041B9FED2E0B01EE430B9DEDC6
:108A5000043B9FED2D1B03EE401B9DED040B9FED92
:108A60002E3B22EE012B9FED2A1B20EE011B20EE58
:108A7000030B9FED2B3B02EE430B31EE002B8DEDF4
:108A8000022B02959DED022B32EE411B30EE411B75
:108A900021E149E000000000FFFF1F00FFFF0F0081
:108AA000000000000000F03F0000F03F0000F07FF9
:108AB0000000404301FCFFFF000000000000F07FC9
:108AC00000000000000000008A1800000000000004
:108AD0000000000000000080000000000000F0FF27
:108AE000000000000000F0BF0000E0410000F04383
:108AF000FFFFEF3F00000000000000000000D03F3B
:108B0000555555555555D53F000000000000E03F34
:108B1000000000604715F73F44DF5DF80BAE543EA0
:108B2000FE822B654715F73F0020B6F5801F0BDA54
:108B30009DED0E0B9FEDEC1B6FF0340020EE010B52
:108B400010EE906A8DED0E0BE94A00EB2650C6F34D
:108B50001301A0F2FF3741F07F6040F04050914296
:108B6000D8BF002408DDE34A8A42C8BF012403DCE1
:108B70000024A0F580107F1CDF49794401EBC4017B
:108B80000F9091ED001B9DED0E2B9DED0E0BDB4923
:108B900031EE023B30EE410B89EE032B20EE02ABAF
:108BA0008DED02AB7944029591ED003B4FF0005101
:108BB00041EA600000EB84408DED043B00F50020AD
:108BC00005909DED043B9DED044B2AEE0ACB33EE60
:108BD000411B9DED0E3BCA48062133EE411B9DED26
:108BE000023B03EE440B03EE410B20EE02BBB0EE62
:108BF0004C0B784400F0C4F92CEE0C1B20EE010B5A
:108C00009DED021B31EE0A1B0BEE010B9DED021BCD
:108C100021EE011B9FEDBC2B31EE023B33EE003BFE
:108C20008DED043B04959DED043B33EE422B32EE7B
:108C3000411B30EE412B9DED020B9DED041B20EE00
:108C4000011B9DED040B2BEE000B02EE0A0B31EE27
:108C5000002B8DED022B02959DED022B32EE411B78
:108C600030EE410B9DED021B9FEDA92B21EE021B67
:108C70009DED022B9FEDA83B22EE032B9FEDA83B21
:108C8000A94800EE032B784400EBC40090ED000BE4
:108C9000A64832EE000B02EE107AB8EEC22B8DED34
:108CA000042B31EE003B784400EBC4009DED044BF7
:108CB00090ED002B33EE023B33EE043B8DED023B97
:108CC00002959DED023B33EE443B33EE422B32EEF8
:108CD000411B30EE411B9DED260B954A8DED000B9F
:108CE00000959DED260B9DED002B30EE420B9DED8A
:108CF000022B20EE020B9DED262B02EE010B9DEDCB
:108D0000001B9DED022B21EE021B8DED021B30EEB0
:108D1000011B11EE900A11EE101A8DED001B90420E
:108D200024DB821A11430ED19FED831B9DED002B96
:108D30009DED023B30EE011B32EE432BB4EEC21B25
:108D4000F1EE10FA26DD0220F7F7DCFB00F070F9F7
:108D500010EE901A18EE900A8DED020B8DED008B3F
:108D600061F31E0003909DED020B25E5744B20F08E
:108D700000429A420ED3734A024411437FF444AE38
:108D80009DED022B31EE421BB4EEC01BF1EE10FA4A
:108D9000BFF63AAE20F000416B4A6C4B002402EB68
:108DA00021529942D8BF9DED021B27DD511C4FF483
:108DB000801222FA01F10144654BC1F30A527B444F
:108DC000A2F2FF3293ED001B624B8DED041BD340EA
:108DD00021EA0303C1F3130141F48011C2F114022B
:108DE00021FA02F405930028B8BF64429DED021BEE
:108DF0009DED042B31EE421B8DED021B30EE011B6D
:108E00008DED041B04959DED041B9FED532B9DEDF3
:108E1000023B21EE021B9DED042B32EE432B30EE84
:108E2000420B9FED4F2B20EE020B9DED042B9FED8F
:108E30004E3B4F48052102EE030B31EE002B8DED2A
:108E4000002B32EE411B30EE41AB9DED000B20EECE
:108E5000000B8DED040B784400F092F89DED001BA3
:108E60009DED042B02EE401B8DED021B9DED000BD2
:108E700020EE010B9FED402B31EE422B80EE021BCA
:108E80009DED002BB0EE4A0B02EE0A0B31EE400BCB
:108E90009DED001B30EE410B39EE400B10EE900AB9
:108EA0008DED000B00EB045001150029C8BF0190A7
:108EB00013DC224651EC100B00F0D7FFFFF7BBFB91
:108EC000042808BF00F0C0F822469DED000B51ECCD
:108ED000100B00F0CAFFCDE900019DED000B28EE5C
:108EE000000B69E4000000000000000000004043A7
:108EF0008E9803007AB60B0092140000F014000064
:108F00004A140000000000000000000000000840BB
:108F1000000000E009C7EE3FF5015B14E02F3EBE04
:108F2000FD033ADC09C7EE3FA613000076130000EC
:108F30000000904000000000FE822B654715973C22
:108F400000CC904000346F3F01FCFFFF0000E03F89
:108F5000D6120000FFFF0F0000000000432EE63F86
:108F6000EF39FAFE422EE63F396CA80C615C20BE58
:108F70001612000000000000000000000000004089
:108F8000491E00EBC102B0EE401B92ED000B31F028
:108F900006020DD0491E00EBC102B0EE403B92ED3F
:108FA000002B31F00602B0EE420B03EE010BF1D1C3
:108FB000022914D004290AD0062918BF704790ED61
:108FC0000A2B00EE012B90ED080B02EE010B90ED49
:108FD000062B00EE012B90ED040B02EE010B90ED41
:108FE000022B00EE012B90ED000B02EE010B7047FF
:108FF0009FED031B9FED042B81EE020B70470000D9
:10900000000000000000F03F000000000000000031
:1090100030EE010B704700009FED031B81EE010B4A
:109020007047000000000000000000000000000089
:109030009FED030B20EE000B7047000000000000C6
:1090400000000000000000709FED030B20EE000BFD
:109050007047000000000000000000000000001049
:109060002DE9FC4100F068FC4F4E0022DFF83C8106
:1090700001218B1EC6F82022C6F8E021C6F81C226A
:109080003360C6F8DC21C8F8DC11C8F81C12C8F837
:10909000E011C8F8201200F03DFC00255FF000044C
:1090A00006EB851757F8240018B905EB041000F0FB
:1090B00013FC641C64B2102CF4DB6D1C6DB2102D1B
:1090C000ECDB6AE000F0ECFB0146684600F00AFDCC
:1090D000DDE9005408EB851050F82400E8B30022C5
:1090E0002146284600F072FA78B906EB851101EBAB
:1090F00084004268521C08D151F82410491C416078
:10910000601C05EB001000F0E7FB01222146284619
:1091100000F05CFA78B906EB851000EB84010A6C6C
:10912000521C08D150F82400401C0864681C00EB55
:10913000041000F0D1FB02222146284600F046FA36
:1091400098B906EB851101EB840050F8042C521CF1
:109150000BD151F82410491C00E01EE040F8041C1B
:10916000601E05EB001000F0B7FB032221462846E5
:1091700000F02CFA88B906EB851101EB840050F859
:10918000402C521C09D151F824106D1E491C40F886
:10919000401C05EB041000F09FFB00F077FB00285B
:1091A00090D0BDE8FC810000A80500241C14002418
:1091B00082B0CDE9000121F0004001909DED000B4F
:1091C00002B051EC100B704710B500F051F8044696
:1091D00000F018FD204600F0EDFD204610BD000017
:1091E0002DE9F047214D4FF000084FF0030905F13C
:1091F00008071EE046464C4607E000BFFFF7E4FFC5
:10920000012801D0044608E0761CD5E9000107EBEF
:10921000801050F821000028F0D1304600F02CFBDF
:1092200014B1022C05D102E0F7F798FE01E0F7F740
:1092300037FFD5E9000107EB801050F82100002826
:10924000D8D1F7F7ABFD012000F0B4FDF7F786FEAB
:10925000002000F0D7FCF7F781FE002000F0D2FCE0
:109260000249012008390870BDE8F087A0050024F4
:109270009D4801222DE9F043D0E90031DFF86CC2AE
:10928000A0F108084FF496770CEB831C3C460326AC
:1092900000F108054CF8212098F802203AB1012A83
:1092A0004AD0022A7ED0032AC1467CD018E100228F
:1092B0008146184600F08AF978B9D9E9001005EB23
:1092C000811101EB80004068B84206DCB84202DB45
:1092D000D8F8041009B9012604460122D9E9000191
:1092E00000F074F978B9D9E9001005EB811101EBB0
:1092F0008000006CA04206DC03DBD8F804100129D2
:1093000001D1022604460322D9E9000100F05EF9EA
:10931000002810D1D9E9001005EB811101EB800084
:1093200050F8400CA04206DC03DBD8F804100329F7
:10933000EFD100260446D1E000228146184600F015
:1093400045F978B9D9E9001005EB811101EB8000EE
:109350004068B84206DCB84202DBD8F8041009B90C
:10936000002604460122D9E9000100F02FF978B95E
:10937000D9E9001005EB811101EB8000006CA042DF
:1093800006DC03DBD8F80410012901D101260446CC
:109390000222D9E9000100F019F9002811D1D9E918
:1093A000001001E00EE053E005EB811101EB8000BD
:1093B00050F8040CA04204DC47DBD8F80410022962
:1093C00043D08BE001228146184600F0FFF880B9B7
:1093D000D9E9001005EB811101EB8000006CB84267
:1093E00007DCB84203DBD8F80410012901D10026BC
:1093F00004460222D9E9000100F0E8F880B9D9E971
:10940000001005EB811101EB800050F8040CA04224
:1094100006DC03DBD8F80410022901D1012604463A
:109420000322D9E9000100F0D1F8E8BBD9E9001026
:1094300005EB811101EB800050F8400CA0424DDC9F
:1094400003DBD8F80410032948D10226044645E07E
:1094500000228046184600F0B9F878B9D8E9001023
:1094600005EB811101EB80004068B84206DCB84290
:1094700002DBD9F8041009B9022604460222D8E911
:10948000000100F0A3F890B9D8E9001005EB8111B4
:1094900001EB800050F8040CA04208DC03DBD9F893
:1094A0000410022903D100E018E00026044603223C
:1094B000D8E9000100F08AF880B9D8E9001005EB7E
:1094C000811101EB800050F8400CA04206DC03DB68
:1094D000D9F80410032901D101260446BC4200D169
:1094E00002263046BDE8F083A00500241C140024A9
:1094F0000F4B70B5A3F10800D3E90043014600F11A
:109500001002067802EB84154978491C4AB255F8D6
:1095100023100EB119B107E031B9012102E01CB9E5
:1095200013B900210170427090F9000070BD000075
:10953000A005002470B50B4C4FF47A7505E009497D
:10954000012209482B46FDF7FDFA20785528F6D16F
:1095500064202070BDE87040044921220248FDF7D4
:1095600065BB000008000024740D0024BC09002421
:1095700030B500F007FA144901200022541C01EB19
:10958000021301EB022562B2D8600F2AA860C5F869
:10959000F000C3F8040FF1DB8860C860C1F8F00088
:1095A000C1F8FC00C1F8040FC1F8080FC1F8F00FB2
:1095B000C1F8F40F00F0C0F9BDE8304000221146B8
:1095C000104600F03BBA00001C1800240B4B03EBC4
:1095D000002000EB011032B1012A06D0022A06D089
:1095E000032A09D105E0006804E0406802E08068D1
:1095F00000E0C068012800D0002070471C1800243B
:109600001FB500240094019402940394FAF7DAFB46
:1096100001258DF80C501F208DF8080087218DF84A
:1096200009108DF80D5068468DF800508DF80A40ED
:109630008DF80E408DF8014001948DF80B408DF8A7
:109640000F40FAF791FB0420FAF7CAFBFAF73EFB4A
:10965000FEF7AEF8FDF7A2FC4648016841F00101B3
:10966000016000680022012100F0010000900B2041
:10967000FAF7E4FB0B20FAF7D3FBFDF745FDFDF706
:1096800005FCFDF7CDFDFDF73FFEFDF7BFFEFDF745
:10969000F1FEFDF70FFDFDF769FE3848C72145F6DD
:1096A000C05300940194802202948261324EC0E93A
:1096B0000241C0E90063FCF7FFF908B172B6FEE7AA
:1096C0002E48694600940294FCF7A4F908B172B6DA
:1096D000FEE7F7F7BDF9F7F705FAF7F7E3F8F7F75D
:1096E00035F9F7F71BFCF7F7CBF8F7F72DF800265D
:1096F0000024E0B2F7F786F96420FAF7A7F8E0B2A1
:10970000F7F768F9641C64B2052CF2DB761C76B2BC
:10971000022EEDDB1A4C0020F7F7E0FD10B1F7F751
:109720003DFB05E00120F7F7D9FD08B1FDF788FB07
:109730000120F7F7DDFD70B1F7F706F80220F7F723
:10974000CDFD08B1657004E00320F7F7C7FD00B157
:10975000E570FDF7E5FFF7F76DF984ED040BF7F71A
:1097600095F8A060F7F798F860603220FAF76EF885
:10977000D1E70000D844025800140040280D00240E
:10978000800500243A48012230B53A4C0021C0F847
:109790007827C0F8602704F10803C0F87C27C0F8D8
:1097A0007426C0F87428C0F87C29C0F87828C0F85E
:1097B0006028C0F88027C0F89827C0F88C27C0F828
:1097C0008426C0F88028C0F89828C0F88428C0F8FB
:1097D0008C29A578D3E9004285B1012D20D0022D36
:1097E0002ED0032D09D1082C07D1072A3AD0082AF8
:1097F00003D1C0F88418C0F88C1930BD072C08D0EC
:10980000082CFAD1072AF8D1C0F87818C0F86018E7
:1098100030BD072AFCD1C0F87817C0F8601730BDFA
:10982000072CFCD1072A06D0082AF8D1C0F88C17DB
:10983000C0F8841630BDC0F87C17C0F8741630BD6F
:10984000072C08D0082CFAD1082AF8D1C0F88018C3
:10985000C0F8981830BD082AFCD1C0F88017C0F8AD
:10986000981730BDC0F87418C0F87C1930BD0000DE
:109870001C1800249805002470B50024054602E059
:10988000F7F78CFA641CAC42FADB70BD0348D0F8E1
:10989000080408B100207047012070471010002410
:1098A0000C4A10B5D2F8083483B1D2F8001452F83B
:1098B0002100491CCC1701EB146424F0FF04091BA0
:1098C0005B1EC2F80834C2F8001410BD4FF0FF3020
:1098D00010BD0000101000240D49D1F80824B2F585
:1098E000807F13D0D1F8042441F82200D1F8040479
:1098F000401CC21700EB126222F0FF02801AC1F86E
:109900000404D1F80804401CC1F8080470470000A2
:1099100010100024074900204FEA000241F82200FD
:10992000521CFF2AFADDC1F80004C1F80404C1F892
:10993000080470471010002430B5114A5FF0000190
:109940004FF0FF34002002EB8113451C43F8204008
:1099500068B21028F9DB491C49B21029F2DB08492A
:1099600000201039097809B1106030BDC2F820021A
:10997000C2F8E001C2F81C02C2F8DC0130BD0000F0
:10998000A8050024F0B50C4E00273A465FF0000110
:1099900006EB0225002005EB0114431C44F820705F
:1099A00058B20428F9DB491C49B21029F2DB521CD9
:1099B00052B2102AEADBF0BD1C18002410B50FE0EB
:1099C00000F04CF838B1012802D0022808D105E097
:1099D000F7F7E4F904E0F7F7C1FA01E0F7F760FB05
:1099E000FFF786FD0028EBD1074CA078032802D0B2
:1099F000022805D001E0F7F753FB0020A07010BD4E
:109A0000F7F74EFBF7E700009805002410B50FE0CC
:109A100000F024F838B1012802D0022808D105E06E
:109A2000F7F7BCF904E0F7F799FA01E0F7F738FB2C
:109A3000FFF75EFD0028EBD010BD0000034BC3E92B
:109A40000001A3F10800827070470000A005002407
:109A500001494860704700009805002410B500F0E7
:109A6000FDF800F049F8FFF703FC044600F0CAF8DF
:109A7000204600F09FF9204610BD00B541EC100BC8
:109A80002DED028B83B0B1EEC08B18EE100A18EEEC
:109A9000901A8DED008B002818BF0120084320F09C
:109AA0000040C0F17F6000F1E040C00F14D010EE24
:109AB000101A10EE900A8DED000B002918BF01213D
:109AC000084320F00040C0F17F6000F1E040C00F8B
:109AD00004BF0120F6F716FD51EC180B03B0BDECE6
:109AE000028B00BDCA1701EB127222F00F03C91AD4
:109AF0001211C0E9001270472DE9FC41FFF71CFF6D
:109B0000FFF708FF3E4E00255FF0000406EB8517C7
:109B100057F8240018B905EB0410FFF7DDFE641CAC
:109B2000102CF5DB6D1C102DEEDB63E0FFF7B8FEAB
:109B300001466846FFF7D6FFDDE9005400222846BB
:109B40002146FFF743FD78B906EB851101EB840050
:109B50004268521C08D151F82410491C4160601C15
:109B600005EB0010FFF7B8FE012221462846FFF75B
:109B70002DFD78B906EB851101EB8400026C521CB7
:109B800008D151F82410491C0164681C00EB041032
:109B9000FFF7A2FE022221462846FFF717FD88B9EB
:109BA00006EB851000EB840151F8042C521C09D1FE
:109BB00050F82400401C41F8040C601E05EB001016
:109BC000FFF78AFE032221462846FFF7FFFC88B9EB
:109BD00006EB851000EB840151F8402C521C09D192
:109BE00050F824006D1E401C41F8400C05EB041099
:109BF000FFF772FEFFF74AFE002897D0BDE8FC8110
:109C0000A805002470B501281ED003281CD01249D5
:109C10004FF000034FF001044FF003054FF0020630
:109C20008A7848B102280FD19AB1012A0BD0022AB2
:109C30000BD0032A08D10AE03AB1012A07D0022A40
:109C400007D0032A00D18E7070BD8D7070BD8B70EF
:109C500070BD8C7070BD00009805002453482DE93C
:109C6000F041A0F10801524DD0E900760124897835
:109C700059B301294ED0022972D0032923D1F6F716
:109C800029FE40B105EB072000EB0610012FC46050
:109C900001D440F8FC4CF6F731FE40B105EB07204B
:109CA00000EB0610012E846001D440F8104CF6F74A
:109CB00039FE002807D005EB072000EB06100F2E19
:109CC000046000D08461BDE8F081F6F703FE38B18E
:109CD00005EB072000EB06100F2E046000D0846116
:109CE000F6F70CFE40B105EB072000EB0610012F44
:109CF000C46001D440F8FC4CF6F714FE0028E2D012
:109D000005EB072000EB06100F2F4460DBD0C0F8F6
:109D10000C41D8E7F6F7DEFD40B105EB072000EB7C
:109D200006100F2F446001D0C0F80C41F6F7E6FD95
:109D300038B105EB072000EB06100F2E046000D0B1
:109D40008461F6F7EFFD0028BDD005EB072000EB9E
:109D50000610012E8460B6D440F8104CB3E7FFE73C
:109D6000F6F7B8FD40B105EB072000EB0610012E19
:109D7000846001D440F8104CF6F7C0FD40B105EB0B
:109D8000072000EB06100F2F446001D0C0F80C41F3
:109D9000F6F7C8FD002896D005EB072000EB06106B
:109DA000012FC4608FD440F8FC4C8CE7A005002440
:109DB0001C18002401280ED10B4883780830426813
:109DC00053B10146012B09680BD0022B06D0032B9F
:109DD00001D1491E01607047521C00E0521E4260D2
:109DE0007047491CF6E700009805002402494FF02F
:109DF000000000F008B800BF0000F87F4FF040708E
:109E0000E1EE100A70470CF00F03092B08BF082081
:109E100000F059800A2B0BD0082B18BF704708BFE1
:109E20001CF0400F0AD04FF000004FF000017047C7
:109E30001CF0400F18BF4FF0004070471CF0100F8F
:109E400008D020F0704300F07F4242EAD3014FEA8D
:109E50004370704700F0604021F07F4242EA000208
:109E600001F07F4040EA727070474FF0FF0C4CF4F5
:109E7000E06C1CEA11531CBF9CEA030C9445C2BF62
:109E8000DA4201EB02517047002B0DD0BCF1000FFC
:109E90000FD0002A01F00041A4BF41F0E04141F0A1
:109EA0007F614FF00000704701F000414FF000006B
:109EB000704750EA01334FF09B0C18BF4CF0806C98
:109EC0007FF494AF70471CF4801F11D01CF4E02F76
:109ED00003D06FEACC31490070474FF04050EFF3A8
:109EE000008222F0704242EA000282F3008870474A
:109EF0004FF00000704700000000C4430000C4435E
:109F00001FD512440000C4430000C443A4F0F6432C
:109F10000000C4430000C4430000C4430000DC430D
:109F20000000DC430000DC43A4F0F6430000DC4307
:109F30000000C4431FD5124400D0024400D00244A4
:109F40000000DC430000C443A4F0F6430000DC43FF
:109F50001FD512440000C4430000DC431FD5124447
:109F60000000C44300D002440000DC430000C443AE
:109F70000000C4430000DC43A4F0F6431FD51244A4
:109F800000D00244F401F401F401F401FA00FA00F3
:109F9000F401F401F401FA00FA00FA00FA00FA0000
:109FA000F401F401F401F401FA00FA00F401F401FF
:109FB000F401FA00FA00F401F401F401FA00FA00E5
:109FC000FA00FA00F401F401F4010006101600068C
:109FD0001016010002000400060008000A000C0030
:109FE0001000200040008000000101010103070172
:109FF0000000080402040801010100000000010241
:10A000000304010203040607080900000000000021
:10A01000000000000000F03F000000000000F83FDA
:10A0200000000000000000000000004003B8E23F14
:10A03000000000000000000006D0CF43EBFD4C3EC6
:10A04000033333333333E33FFFAB6FDBB66DDB3FBB
:10A050004D268F515555D53F01411DA96074D13F03
:10A0600065DBC9934A86CD3FEF4E454A287ECA3FFD
:10A070003E5555555555C53F93BDBE166CC166BF7F
:10A080002CDE25AF6A56113FF16BD2C541BDBBBE78
:10A09000D0A4BE726937663E0000000000000000D8
:10A0A000C0A0000800000024BC090000D402000881
:10A0B00070A10008BC090024C4240000300300087B
:10A0C0006360EA052977FFAA522410025814025847
:10A0D000047208290A1210122022401380402280A4
:10A0E00012016A021B192C2A0C30B11B207729019E
:10A0F00024031EF03F5A2048DA495004452E4005FB
:10A10000091E80810950802B9A99015A05585AE0FE
:10A11000886908715CC052C00859284A3410110C73
:10A12000BD34401480E9784990CAB9804B804670AC
:10A130005B8046805A2E800A3F2E803A66013CE6BC
:10A140003F33015AC3800AFDC98009E880615AE0A3
:10A15000705AE0800A6DB980A11AFF0101FF01FF6A
:10A1600001FF01FF320182102C90D0030400000097
:040000050800029954
:00000001FF
